customer_id,net_revenue,cumulative_share
12821,3898614.5395,0.0010927976185664183
127,3417707.2854999998,0.002050794964728908
19839,3195586.539,0.0029465309561588207
8553,3171233.3425,0.0038354406468939497
12613,3156028.3915,0.004720088327606064
1621,3112981.998,0.005592669927963719
3356,2934730.9014999997,0.006415287016111085
10570,2930811.519,0.0072368054852955215
13321,2902655.92,0.008050431824795229
12415,2692224.5265,0.008805073383071113
9003,2655768.7655,0.009549496242268087
13958,2601002.7815,0.010278567971906781
12351,2440100.4445,0.010962538117658724
2839,2301860.658,0.011607759085222432
18358,2275308.353,0.012245537332974406
12428,2193639.383,0.012860423434036181
6039,2173917.95,0.0134697815366773
10512,2164636.499,0.014076538010599578
19108,2156335.213,0.014680967600065872
8516,2154538.2600000002,0.015284893496248519
7487,2100687.6515,0.015873724846373605
19625,2097011.813,0.01646152584391617
4178,2092561.8,0.017048079484593952
14744,2091302.788,0.017634280219053024
7542,2071408.5999999999,0.018214904531157577
1118,2069935.644,0.018795115967664214
6510,2053153.3935,0.019370623270639622
10972,2052904.7055,0.019946060865350362
7346,1973494.0990000002,0.020499239341906977
13647,1958510.255,0.021048217785638017
7791,1948607.913,0.021594420562360637
5648,1947731.7625,0.02214037775051065
17087,1939204.9965000001,0.022683944851237432
10636,1938389.5040000002,0.023227283366077375
12371,1915962.6475,0.023764335541212066
15790,1910320.494,0.024299806197618522
11029,1905625.422,0.024833960806119087
19097,1900989.1369999999,0.025366815844950562
4331,1879861.072,0.025893748600652227
13839,1879543.724,0.02642059240241009
17493,1869579.431,0.02694464317204057
8771,1816790.8645,0.027453897090334696
8780,1816391.6985,0.027963039120764612
13658,1815718.5015,0.028471992451318973
5838,1785340.655,0.02897243074711521
5684,1772064.924,0.029469147801153756
6493,1750687.305,0.029959872621054477
6410,1747837.0825,0.03044979851191801
16432,1733981.988,0.030935840763062567
9537,1723354.7395,0.03141890415293857
15716,1717538.735,0.031900337292939195
16222,1695684.5335,0.03237564461077585
16512,1662281.0655,0.032841588799759305
14077,1654335.7815,0.033305305893105056
19661,1643325.3795,0.03376593672568736
13076,1642427.9465,0.03422631600412516
12650,1640205.456,0.034686072309375676
15969,1637991.158,0.03514520793783019
2223,1593008.9645,0.03559173487326398
6915,1590505.264,0.03603756001119605
10633,1578709.1049999997,0.036480078637460236
10676,1578579.517,0.03692256093967742
6044,1577484.678,0.03736473635404
4287,1574112.432,0.0378059665140409
14071,1561561.936,0.03824367871862412
19207,1550922.771,0.038678408721695055
13308,1542709.7675,0.03911083658625624
18773,1539107.3065,0.03954225466624859
11540,1521013.6809999999,0.03996860102892771
7274,1518323.0245,0.0403941931895728
9769,1517806.9685,0.04081964069760806
6935,1515439.4685,0.04124442458569942
2512,1485258.234,0.04166074855018131
7459,1481952.064,0.04207614578167486
7865,1479443.2715,0.04249083978835823
9645,1479295.284,0.04290549231353941
12102,1472916.76,0.043318356912326085
16804,1470007.23,0.043730405957940484
13482,1454387.9640000002,0.04413807685934093
13509,1451425.6225,0.04454491740428942
11981,1449015.6385,0.04495108242085487
18650,1434331.2685,0.04535313134838315
15469,1434142.987,0.04575512749983605
13288,1428063.8605,0.046155419647239605
16331,1424317.124,0.04655466156906094
7921,1423910.839,0.04695378960753321
9571,1422587.4579999999,0.047352546696892504
14712,1414274.682,0.04774897368110177
6752,1413301.9965,0.04814512801758266
14648,1412783.275,0.048541136954303156
12784,1412287.558,0.04893700693951881
8914,1405443.349,0.049330958464927674
13925,1401262.226,0.04972373800443975
12628,1399781.289,0.05011610243124692
11464,1397058.193,0.05050770356309539
1693,1391451.0045,0.0508977329770483
11874,1387614.8455,0.05128668709992608
13306,1387310.0215,0.05167555577938854
12659,1376094.6445,0.05206128074275577
1711,1375077.616,0.05244672062887016
10357,1372843.431,0.052831534263781024
8325,1365515.551,0.05321429386392339
14645,1360129.0905,0.05359554361713236
3945,1352393.316,0.05397462500107433
15541,1349538.5495,0.05435290618227732
7448,1347988.2025000001,0.05473075279486819
10178,1347546.9095,0.055108475711224264
9542,1346141.6905,0.05548580473894087
9916,1346013.932,0.05586309795542682
18821,1334432.8699999999,0.05623714495281471
18258,1331752.8514999999,0.05661044073004354
11879,1329914.7625000002,0.05698322128339947
19170,1319442.109,0.057353066309098366
11328,1311487.2595,0.05772068155791073
9146,1307181.749,0.05808708995450074
13028,1299085.0535,0.05845122881418962
6548,1289751.011,0.05881275130354688
5887,1281231.9105,0.05917188585415194
2593,1279985.6075,0.05953067106092303
3208,1279694.569,0.05988937468841089
11713,1277056.3800000001,0.06024733882071981
5286,1275604.7334999999,0.060604896050570914
6036,1273366.9949999999,0.0609618260331579
3452,1271533.5205,0.061318242085335234
19576,1263033.4294999999,0.06167227552720108
15072,1260757.5415,0.062025671028341736
2568,1260065.7680000002,0.06237887262253783
12725,1259326.8835,0.06273186710438317
10427,1256985.177,0.06308420519630825
5779,1256738.621,0.06343647417757702
1338,1256323.6834999998,0.06378862685016554
9413,1255959.0555,0.06414067731603267
6629,1253239.3260000001,0.06449196543058482
10303,1250275.9135,0.06484242288847934
3329,1249820.0655,0.06519275257031294
18555,1247462.907,0.06554242153096745
13514,1240789.051,0.06589021978245861
2217,1239352.7825,0.06623761544200832
7659,1238494.7945,0.06658477060400853
2526,1238130.2105,0.06693182357162072
12645,1237079.6305,0.06727858205735725
15533,1236240.6485000001,0.0676251053730039
18353,1236023.6615,0.067971567866306
7950,1234204.631,0.06831752047791079
18513,1228180.8445,0.06866178459749483
13607,1227395.1725,0.06900582849000028
11994,1226360.913,0.06934958247533303
11787,1226240.379,0.06969330267449206
10915,1221423.114,0.07003567257454694
11835,1218140.5735,0.07037712236505911
16892,1213748.258,0.07071734097155197
238,1204491.659,0.07105496491544337
7483,1199351.3144999999,0.07139114799972392
4505,1197051.4165,0.07172668641317798
5488,1191268.6085,0.07206060388187153
12379,1188806.9579999999,0.07239383133985054
6017,1187570.453,0.0727267122004151
13603,1184883.9455,0.07305884002192731
15310,1182981.4295,0.07339043456041475
1647,1178486.5325,0.07372076916086842
10483,1177569.023,0.07405084657965243
8721,1176811.696,0.07438071171657742
5608,1175840.3815000001,0.07471030459007094
9267,1173117.7365,0.0750391342950229
10698,1170436.895,0.07536721254912554
1771,1170170.7434999999,0.07569521619987293
14160,1167919.697,0.07602258887306933
4061,1165453.3885,0.07634927022989468
10348,1160402.2195,0.076674535723367
7427,1159892.348,0.07699965829777015
6637,1157866.762,0.07732421309212362
7975,1153854.6060000001,0.07764764326272222
3468,1153383.389,0.0779709413492663
5717,1153340.2235,0.07829422733634399
14675,1152341.4995,0.07861723337699511
16395,1151124.34,0.07893989824285465
19266,1148162.6794999999,0.07926173294314932
16770,1145907.0015,0.07958293536766457
9175,1143468.6915,0.07990345432390299
14347,1138799.0435,0.08022266435868682
10217,1138291.556,0.08054173214264644
16835,1135400.0185,0.08085998941680522
11275,1133782.0395,0.08117779316482537
17420,1132031.208,0.08149510614760719
10,1129100.575,0.0818115976619594
5924,1127259.2255,0.08212757303850725
3686,1126565.581,0.08244335398366157
8051,1126196.8244999999,0.08275903156485905
638,1122099.8555,0.0830735607488705
3190,1121364.637,0.083387883848126
7718,1121068.7425000002,0.08370212400694159
9611,1118989.638,0.08401578138425281
16173,1116594.27,0.08432876733010561
2534,1115709.4385,0.08464150525406595
6643,1113590.8475,0.0849536493282943
9500,1108956.6230000001,0.08526449441042014
4598,1108042.6295,0.0855750832964255
3872,1107160.479,0.0858854249120337
14452,1101583.21,0.08619420319630469
17765,1100122.805,0.08650257212307445
6402,1099800.262,0.08681085063972065
8185,1099785.4844999998,0.08711912501417307
6523,1092956.4845,0.08742548519196369
9795,1086855.1035,0.0877301351276775
5391,1083226.6909999999,0.08803376800451077
5514,1082868.393,0.08833730044894755
16543,1081854.547,0.08864054870819928
4889,1081151.014,0.08894359976427044
1985,1077690.9864999999,0.08924568096046603
397,1077342.5755,0.08954766449563174
2909,1075602.1745,0.08984916018927096
5822,1074062.5415,0.09015022431747612
13620,1072860.9255,0.09045095162779639
772,1072439.172,0.09075156071888371
19284,1071690.6175000002,0.0910519599870797
16472,1068636.0345,0.09135150304315356
5861,1068171.0215,0.09165091575417951
18082,1065524.7095,0.09194958669311634
12328,1065405.9115,0.09224822433248735
18550,1064816.6715,0.09254669680547369
16097,1062906.552,0.09284463386414304
5088,1059326.646,0.09314156746050245
12286,1059080.754,0.09343843213232741
15670,1058937.5555,0.0937352566650265
8416,1058081.49,0.09403184123906072
11176,1057582.944,0.09432828606860981
10628,1057348.7145,0.09462466524267098
1932,1055818.4865,0.09492061548755812
10888,1054392.521,0.0952161660284769
5574,1054259.846,0.09551167938004995
4990,1052588.025,0.09580672411335128
10618,1051658.135,0.09610150819467814
10157,1050973.9445,0.09639610049460637
11052,1050551.7295,0.09669057444594131
19069,1049799.5685,0.09698483756346818
16424,1049279.5095,0.09727895490632794
10879,1049085.524,0.09757301787425776
1876,1048988.084,0.0978670535293566
9184,1048934.788,0.09816107424536841
12729,1047476.7235000001,0.09845468625993073
13079,1046842.5615,0.09874812051628784
734,1044075.4045,0.09904077912720753
8957,1042068.9475,0.09933287532001454
12101,1041085.27,0.09962469578399057
8112,1040812.546,0.0999164398023127
5393,1040582.318,0.10020811928678376
507,1039021.002,0.1004993611279871
9165,1038205.346,0.10079037433747388
4067,1037707.5789999999,0.10108124802083242
15565,1037054.6845,0.10137193869518929
2594,1033991.4425,0.1016617707302709
15556,1033421.688,0.10195144306083327
5416,1033379.2424999999,0.1022411034937482
4676,1031254.969,0.10253016848410307
7454,1029571.2175,0.10281876151201827
17832,1028914.369,0.1031071704226094
17567,1026868.997,0.10339500600705402
19613,1026598.5335,0.10368276577947218
13679,1023947.2525,0.10396978238697016
16523,1023139.557,0.10425657259411233
17522,1023098.6925,0.10454335134676783
17165,1021549.8230000001,0.10482969594496054
18831,1021481.6745000001,0.10511602144084964
9212,1016665.134,0.10540099684071495
10439,1015633.0190000001,0.10568568293451969
11444,1015206.3745,0.10597024943812415
3717,1013543.3665,0.10625434979377692
11421,1010617.697,0.10653763007228949
1584,1009809.758,0.1068206838821922
3816,1008964.5460000001,0.10710350077571051
579,1007977.5804999999,0.10738604101875798
11846,1007609.2985,0.1076684780308529
1100,1007354.0155,0.10795084348607766
16548,1004424.8099999999,0.10823238787300692
18892,1001366.087,0.10851307488735512
2805,1000642.0555,0.10879355895270927
19315,999621.7715,0.10907375702828061
10318,995319.89,0.10935274926885315
5508,993791.911,0.10963131321065558
3131,993604.162,0.10990982452564456
13277,993531.927,0.11018831559286725
6018,992643.268,0.11046655756533358
19665,992178.5835,0.11074466928483188
3351,989733.2239999999,0.11102209556004963
15266,989283.379,0.11129939574187198
1315,989272.5244999999,0.11157669288113352
19025,988058.0255,0.11185364959135251
16347,987423.261,0.11213042837448305
5563,987271.2655,0.1124071645526526
13945,984424.1749999999,0.11268310267969739
14299,984410.317,0.11295903692228802
12905,984068.439,0.11323487533507544
5763,983998.064,0.11351069402146219
9056,982608.0495,0.11378612308109307
1749,981254.541,0.11406117274674937
12435,980406.1795,0.11433598461320355
2456,979701.208,0.11461059887325972
3331,978704.6465,0.11488493379304696
11156,978119.5634999999,0.11515910471167363
16367,973340.0915,0.11543193592472883
14786,973216.447,0.11570473247972442
1852,971311.5685,0.11597699508947679
3960,965554.999,0.11624764410922764
12706,964431.828,0.1165179782995483
1663,964073.766,0.11678821212362422
15567,961483.935,0.11705772000746663
16907,959741.9465000001,0.11732673960479979
13823,959462.0959999999,0.11759568075889194
10215,959296.6275000001,0.11786457553148602
13952,957190.9205,0.11813288006578603
6477,957142.8855,0.11840117113567886
12528,956284.049,0.11866922147018417
13064,955193.7045,0.11893696617666165
18727,954949.9115,0.11920464254696299
6156,954363.7925,0.11947215462570873
16902,953839.267,0.11973951967780913
18277,953141.0469999999,0.1200066890159846
19940,953093.781,0.12027384510530675
950,952644.8485,0.12054087535701095
5939,951806.96,0.12080767074513782
5048,951621.1605,0.12107441405290406
17436,951092.227,0.1213410090984445
13974,949894.4025,0.12160726838887301
11481,949457.4835,0.12187340520911684
16409,948893.308,0.12213938388865796
1072,948495.2764999999,0.12240525099833986
15371,948119.7579999999,0.12267101284864862
6837,947830.9395000001,0.12293669374194925
12801,947827.342,0.12320237362685589
2830,946734.02,0.12346774704912926
1299,946331.3545,0.12373300760261423
13281,945066.5025000001,0.12399791361290458
18372,944782.7250000001,0.12426274007919974
3240,944039.696,0.1245273582714238
18929,942568.05,0.12479156395524832
3031,942225.1745,0.12505567352966626
182,941595.5265,0.12531960661117164
7023,940808.4735,0.1255833190784985
11764,940604.6725,0.1258469744195706
4987,939008.28,0.1261101822852884
8999,936367.224,0.12637264985219537
5328,934615.311,0.12663462635071515
9224,931254.267,0.1268956607348397
10298,930743.9285,0.1271565520689931
11231,929548.301,0.12741710826386266
14038,928792.364,0.1276774525664959
9252,928308.5650000001,0.12793766125828845
4530,922168.8415,0.12819614896044446
14020,921911.7445,0.12845456459725868
11329,920666.9284999999,0.1287126313070511
98,920499.912,0.1289706512014347
2383,919479.969,0.12922838520161917
10706,915480.2765,0.1294849980716189
17544,913914.5015,0.12974117204847493
2950,913253.075,0.1299971606247748
18689,911997.5385,0.13025279726905278
19848,911359.8319999999,0.13050825516158773
4273,910951.9785,0.13076359873111662
5448,907990.221,0.13101811210789113
15880,907875.1795,0.13127259323806217
10955,907784.879,0.13152704905663332
10187,907442.604,0.13178140893412046
6988,906550.599,0.13203551877895375
2907,903499.5885,0.1322887734130513
1831,902973.6355,0.13254188062036945
1051,902681.677,0.13279490599052457
11800,902662.4574999999,0.13304792597337514
7890,902221.4890000001,0.13330082235094962
19865,902052.679,0.13355367141038987
15735,901128.259,0.133806261351119
8411,900242.6359999999,0.134058603048095
16594,898771.547,0.13431053239280083
11131,896767.9874999999,0.1345619001315751
1340,896183.216,0.13481310395650353
4240,895365.1359999999,0.13506407847025828
4449,894059.3200000001,0.13531468695844148
16800,893844.211,0.1355652351506912
17518,892230.082,0.13581533089597306
15524,891912.0364999999,0.136065337491799
7828,891332.5029999999,0.13631518164201195
19286,891076.808,0.13656495411986946
6052,890772.839,0.13681464139397162
7136,889482.354,0.1370639669398443
8575,889424.0430000001,0.13731327614090494
1439,889140.382,0.13756250583062582
19490,889083.5185,0.13781171958127478
15154,888763.908,0.13806084374379193
9695,887967.3345,0.13830974462349543
4892,887081.4205,0.1385583971778773
13299,886740.267,0.13880695410553623
19106,885178.644,0.13905507330387407
15901,884595.4425,0.13930302902844352
5578,884550.1285,0.13955097205131323
17468,884512.618,0.13979890455983618
1186,884462.177,0.14004682292954032
12127,884235.513,0.14029467776439716
5273,883891.5315,0.1405424361798311
8812,882524.3195,0.1407898113601433
9955,881781.5725,0.14103697834543016
4720,881492.379,0.14128406426859486
9367,880923.561,0.14153099074974507
2819,880775.832,0.14177787582185172
19123,879460.024,0.1420243920675883
2731,878296.4180000001,0.1422705821497986
19851,878272.5995,0.14251676555558582
10518,876817.3815,0.14276254105780917
17326,875282.1414999999,0.14300788622597438
14514,875277.545,0.1432532301057218
1081,874309.602,0.14349830266708302
10461,873589.3475,0.14374317333815878
2696,873296.2475,0.14398796185210438
2586,872961.755,0.14423265660643264
6323,872187.63,0.1444771343703537
18033,871999.2575000001,0.1447215593326917
9942,869371.31,0.14496524767058516
12039,868475.922,0.14520868502755596
9428,867718.064,0.14545190995382629
16027,866815.1375,0.14569488178610154
10115,865987.0695,0.14593762150752584
19798,865892.449,0.14618033470643657
1743,865639.199,0.1464229769183353
4072,865060.262,0.1466654568518225
9497,864687.5275,0.1469078323063031
9187,861858.7335,0.14714941483824284
7228,860194.2385000001,0.1473905308054187
981,857986.2445,0.14763102786283555
13701,857838.0549999999,0.14787148338212877
5163,856694.987,0.14811161849478124
16112,856323.0410000001,0.14835164934944697
18120,855848.0885,0.1485915470729822
6155,853654.569,0.14883082994402008
3217,853636.7575,0.14907010782242155
3445,852346.9774999999,0.14930902417020797
5137,851851.2470000001,0.14954780156270542
9117,851668.993,0.1497865278686604
810,851530.572,0.1500252153746423
671,851412.3955,0.1502638697552674
14982,849907.044,0.15050210217970328
6303,849582.549,0.150740243646862
14641,848909.4354999999,0.15097819643755056
13233,848125.91,0.15121592960283323
6254,845562.9400000001,0.1514529443571307
14930,844653.9569999999,0.15168970431977133
4402,844649.2075,0.15192646295110768
3581,842525.787,0.15216262637898337
3270,842342.0730000001,0.15239873831107265
11887,840927.2345,0.15263445365813724
14551,840831.155,0.15287014207372454
13759,839211.48,0.1531053764877775
372,839077.1725,0.15334057325488828
318,838618.298,0.1535756413975978
15171,838304.3724999999,0.15381062154570427
2650,838181.388,0.15404556722075186
15931,837552.8960000001,0.1542803367269184
8353,837473.0085,0.1545150838402916
6793,835266.567,0.15474921247907797
528,834887.5895,0.1549832348889193
285,834877.0885,0.15521725435528733
8320,833333.467,0.15545084113822846
13254,833150.414,0.15568437661066417
4004,831499.152,0.15591744922760006
539,831458.377,0.15615051041513647
11170,831182.0419999999,0.15638349414484096
3207,831090.6645,0.15661645226105803
18069,831073.2725,0.15684940550222629
11996,830475.412,0.1570821911606484
19609,829164.51,0.15731460936787234
14995,827875.9205,0.15754666637818324
12974,826669.0245,0.1577783850906036
17714,826032.5125,0.15800992538610412
11000,825760.9135,0.15824138955129283
1586,824401.3745,0.15847247263213315
19093,824400.38,0.15870355543421105
19645,823331.5800000001,0.15893433864727266
1061,823128.545,0.15916506494879243
12187,821617.9675,0.1593953678292538
9323,821610.845,0.15962566871324924
4607,821002.494,0.15985579907396844
3441,819959.7715,0.16008563715530139
5224,819569.0874999999,0.16031536572630944
15872,819448.1395,0.16054506039509792
8643,819012.141,0.16077463285172158
1732,818555.705,0.16100407736746558
1188,817052.8585,0.16123310062918209
2445,817030.5025000001,0.16146211762442025
11273,816680.0145,0.16169103637643695
5461,816281.026,0.16191984329034337
13617,815151.5375,0.1621483336039985
11917,814737.7315,0.16237670792613748
12433,814277.9659999999,0.16260495337412423
2752,813499.245,0.16283298054342618
13890,813256.8855,0.16306093977836789
4563,812917.1085,0.1632888037724253
3221,812308.3905,0.16351649714033484
10485,812295.208,0.16374418681313566
15002,811603.8355,0.16397168269139387
10700,811396.6915,0.16419912050634067
19427,811118.7925,0.16442648042505995
10578,809829.5264999999,0.16465347895724042
16040,809772.162,0.16488046140991666
4583,809615.941,0.16510740007320693
1238,809583.9775,0.1653343297769973
19815,809006.0485,0.16556109748492256
129,808382.7495,0.16578769047958603
252,808180.556,0.16601422679858352
16643,807909.2864999999,0.16624068707962944
14544,807637.7964999999,0.16646707126091673
13546,807356.7715,0.16669337666974585
10060,807337.115,0.16691967656877751
4380,807249.801,0.16714595199333748
16123,806188.5955,0.16737192995765063
11484,805530.1849999999,0.16759772336680467
11290,805497.942,0.16782350773811386
14163,805177.2345,0.1680492022137976
20,802440.191,0.1682741294849813
13729,801763.1375,0.1684988669752967
8710,800787.8529999999,0.1687233310893734
5131,800339.517,0.1689476695330335
5240,799544.807,0.16917178521622667
4356,798998.6375,0.16939574780587263
15654,798014.094,0.16961943442394425
16270,797709.3075,0.16984303560911196
16828,797586.7309999999,0.17006660243558483
18815,796811.8485000001,0.17028995205932013
12514,796745.413,0.17051328306091276
6853,796170.6969999999,0.17073645296725737
8001,796160.9545,0.17095962014273933
10645,796126.1685,0.17118277756756306
403,795458.642,0.1714057478819756
3365,794882.2775000001,0.17162855663905885
16990,794828.221,0.1718513502438838
9861,793181.4105,0.17207368224098263
2640,793166.7374999999,0.17229601012517948
12100,793097.9585000001,0.172518318730341
8584,792963.1395,0.17274058954518481
5565,792216.01,0.17296265093657057
1374,790245.4185,0.17318415996309017
3856,790208.87,0.17340565874491556
12535,790183.511,0.17362715041850946
12273,790020.889,0.17384859650849088
14542,789243.524,0.17406982469987983
11173,788983.025,0.1742909798723324
6496,788747.622,0.17451206906036024
14383,788747.5065,0.17473315821601293
14829,788285.9774999999,0.17495411800319716
7114,787735.8815,0.1751749235962202
11169,787682.9255,0.1753957143454596
875,787484.3975000001,0.17561644944648774
7879,787285.183,0.1758371287068758
18919,787012.1685,0.1760577314401816
6465,786676.4845,0.1762782400798878
13012,786665.4225,0.17649874561887005
18895,785546.368,0.17671893748229395
15634,785424.6675,0.17693909523256934
15501,785249.069,0.17715920376186622
3001,784778.0025000001,0.17737918024929433
3261,784413.5545,0.17759905458045577
10899,783962.1765,0.17781880238851558
16776,783501.3555000001,0.17803842102656225
11802,783439.752,0.17825802239689564
675,782936.5939999999,0.1784774827299814
1418,782711.6969999999,0.17869688002351722
3411,782121.5974999999,0.178916111909747
13212,781136.227,0.17913506759259093
2850,780648.6309999999,0.1793538866002796
6322,780423.955,0.17957264263036551
11965,779925.9275,0.17979125906130394
19987,779787.9395,0.18000983681364097
9883,778727.1825,0.18022811723144758
6574,778561.594,0.18044635123411962
14001,777209.1915,0.18066420615283338
2536,777158.6039999999,0.18088204689166376
3704,777034.914,0.1810998529596807
11986,777026.898,0.18131765678078002
3213,776394.8895,0.181535283447309
7097,775361.3929999999,0.1817526204205373
18264,775318.3879999999,0.181969945339288
14491,775108.7594999999,0.18218721149831182
14144,775105.915,0.18240447686001063
11494,774562.7660000001,0.1826215899748208
85,774305.2075,0.1828386308949288
19768,772812.3404999999,0.18305525335830408
17459,771844.658,0.18327160457631236
1239,770476.8570000001,0.18348757239409977
1409,770026.8049999999,0.18370341406046883
14989,768663.7435,0.18391887365511828
17378,767813.0700000001,0.18413409480250256
3991,765582.215,0.18434869063209594
9816,765508.9400000001,0.18456326592240682
729,765428.009,0.18477781852742697
9143,765007.792,0.18499225334390143
16922,764064.4500000001,0.18520642373775073
10218,763974.783,0.18542056899757278
5544,763851.404,0.18563467967375594
2582,763590.4175,0.18584871719435453
1318,763148.5630000001,0.18606263086132752
18568,762299.885,0.18627630664038217
6698,762208.5325,0.18648995681295705
6324,762140.6545,0.18670358795905057
12665,760882.0375,0.1869168663096455
7185,759746.5775,0.1871298263861532
10550,759629.5865,0.1873427536696046
10345,759589.8184999999,0.18755566980592275
4746,757938.139,0.18776812296971415
8574,757815.4405,0.1879805417406136
13294,756534.0464999999,0.18819260133152807
6456,755005.4605,0.18840423245352786
17416,754512.619,0.18861572543003718
16972,752761.951,0.18882672768713793
13014,752185.2455000001,0.18903756829132562
17881,752003.946,0.18924835807652116
6759,751761.019,0.1894590797682839
1705,751574.9205,0.1896697492958751
8433,750744.226,0.1898801859763966
16650,750632.2515,0.1900905912700073
17644,750371.0194999999,0.19030092333921875
11055,750325.155,0.19051124255242302
17372,749938.388,0.19072145335325358
13712,749889.3910000001,0.19093165042002444
9474,749209.5530000001,0.1911416569254202
10502,748874.6789999999,0.19135156956426264
8020,748849.4945,0.1915614751437866
18336,748462.6675,0.19177127229411858
1413,748343.6035,0.19198103607032382
18903,748146.383,0.1921907445648154
12458,748046.835,0.19240042515559497
17720,747836.4065,0.19261004676240437
11438,747829.493,0.19281966643133142
16368,747824.3595,0.1930292846613174
14520,747424.6055,0.19323879083862033
8644,747418.588,0.19344829532919341
15863,746442.508,0.19365752622054586
15936,746101.4165,0.19386666150255422
19627,745761.7515,0.19407570157507228
6333,745287.479,0.19428460870706668
9094,744780.1745,0.1944933736395325
14429,744555.4075,0.19470207556888794
17917,744552.002,0.19491077654366776
1975,744101.751,0.19511935131124872
9818,743793.6585,0.1953278397192404
12895,743679.2105,0.19553629604698908
19442,743381.3435,0.19574466888139802
2322,742836.5825,0.1959528890170681
17013,742831.3894999999,0.196161107697119
19989,742765.879,0.19636930801430852
11586,742682.7565,0.19657748503192093
14572,742590.44,0.19678563617284042
9990,742489.2710000001,0.19699375895567497
3427,741784.1604999999,0.19720168409314925
5900,741525.1555,0.1974095366304615
7259,739805.546,0.19761690715418986
6415,739298.3555000001,0.1978241355103443
1480,738393.8535,0.19803111033088464
5646,738353.517,0.19823807384493883
1383,737950.7075,0.19844492444984085
6978,736683.679,0.1986514199014664
6996,736376.2990000001,0.19885782919321934
6120,735513.824,0.19906399672969832
19464,735275.1294999999,0.19927009735913162
14092,735055.5535,0.19947613644051307
6373,734470.926,0.19968201164841243
9671,734135.348,0.19988779279242438
13142,733261.8245,0.20009332908422253
14344,733117.5430000001,0.2002988249333255
13247,730896.2715,0.20050369815093183
14444,730806.921,0.20070854632322718
17212,730487.6275000001,0.20091330499624713
19463,729587.0249999999,0.20111781122669872
6232,729053.2165,0.2013221678284421
10133,728697.28,0.20152642465972706
6960,728667.7285,0.2017306732076056
1019,727999.422,0.20193473442643575
1067,727916.921,0.2021387725198978
8240,726730.8445,0.2023424781512604
5109,726546.5575,0.20254613212622236
8121,725998.951,0.20274963260484014
2900,725649.4909999999,0.20295303512838905
4800,725311.391,0.2031563428811236
7716,725216.0719999999,0.20335962391555215
11149,725125.223,0.203562879484634
4882,725094.9875,0.2037661265785814
11779,725058.6845,0.20396936349664924
9768,725031.6639999999,0.2041725928407603
7446,724929.521,0.20437579355377025
19959,724486.0355,0.20457886995597868
14430,724415.671,0.2047819266347296
18982,724076.4745,0.20498488823531272
16413,724044.6505,0.20518784091549835
1010,722255.7235,0.20539029215212098
12473,722187.432,0.20559272424635658
10401,721395.3994999999,0.20579493433063936
1622,721279.5,0.20599711192781772
13182,720930.995,0.20619919183761762
9265,720886.5475,0.20640125928860129
11354,720801.4955,0.20660330289916107
4551,720484.953,0.206805257781562
12493,720182.4505,0.2070071278712736
3508,719644.192,0.20720884708492368
16209,718343.2679999999,0.20741020164424986
13589,718313.4865,0.20761154785569963
11086,717557.871,0.20781268226503086
16275,717411.1215,0.20801377553987635
2529,717360.324,0.20821485457597458
11857,717345.9739999999,0.20841592958970906
15584,717079.1395,0.20861692980864063
780,717051.604,0.20881792230925877
14691,716948.6769999999,0.2090188859590174
11056,716568.0225,0.2092197429097611
883,716057.3615000001,0.2094204567201355
6239,715810.29,0.2096211012753568
18643,714772.9395,0.20982145505698546
7580,714749.5885000001,0.21002180229323322
14530,714657.8125,0.2102221238042924
172,713986.9745,0.21042225727671335
6630,713905.196,0.21062236782628593
19579,713659.8375,0.21082240960086632
9992,713262.84,0.21102234009542192
13615,713251.522,0.21122226741749578
6055,713072.422,0.21142214453710634
3182,712473.9180000001,0.21162185389359503
12762,712454.872,0.21182155791141197
5771,712001.922,0.21202113496548927
15475,711961.681,0.21222070073984947
18681,711554.8724999999,0.21242015248412144
9878,710883.0275,0.212619415907489
18738,710737.108,0.21281863842902324
9305,709794.559,0.21301759675021342
10150,709136.328,0.21321637056655915
2005,708529.125,0.21341497418141772
16850,707849.2295,0.2136133872187838
4192,707631.1355,0.21381173912350865
14571,707531.452,0.2140100630865403
9239,707091.31,0.21420826367596715
15396,707053.624,0.21440645370185388
19222,706703.0655,0.21460454546475768
8655,706060.857,0.21480245721398938
16029,705727.475,0.21500027551488143
3391,704051.8705,0.21519762413697124
8855,703710.71,0.215394877130376
2096,703391.4355,0.21559204062983112
6475,703183.512,0.21578914584747783
8010,702118.181,0.21598595244848315
3642,702009.9130000001,0.21618272870152477
18987,701555.5835,0.2163793776041473
2290,701492.1545000001,0.21657600872736138
4973,701472.2435,0.21677263426944063
8479,701153.385,0.21696917043417674
1423,700928.0325,0.21716564343168437
6229,700909.8195,0.21736211132401353
11129,700334.3235,0.2175584179024575
16371,699521.824,0.2177544967339648
17237,699446.7285,0.21795055451589593
3308,698475.055,0.21814633993376642
10609,698230.3489999999,0.21834205675954316
6124,698093.9249999999,0.2185377353451141
14392,698059.645,0.21873340432186067
3605,697422.336,0.21892889465828505
7394,696903.7815,0.2191242396417598
12150,696692.1915,0.2193195253156912
19683,696140.0015,0.21951465620850463
19216,695817.258,0.2197096966349935
12019,695535.1529999999,0.21990465798629577
5527,694603.427,0.22009935817098525
15814,694600.003,0.2202940573959135
5676,694536.7005,0.2204887388768918
16488,694071.5430000001,0.22068328997231823
9486,694007.3635,0.22087782307796802
14827,693972.0085,0.22107234627346653
11471,693863.7694999999,0.22126683912913017
8252,693833.433,0.22146132348134864
18988,693790.281,0.22165579573788483
9453,693561.6545,0.22185020390947693
19698,693419.191,0.22204457214796666
15581,693405.3275,0.22223893650046056
660,692738.711,0.22243311399762
3235,691626.8369999999,0.22262697983194463
19939,691509.5915,0.22282081280187552
11395,691229.686,0.22301456731314867
8169,691162.604,0.22320830302106254
81,689852.8495,0.22340167159942717
6454,689616.2945,0.2235949738704567
5595,689165.638,0.2237881498206241
3776,688932.7590000001,0.2239812604938542
14994,688375.1749999999,0.22417421487400604
4998,687866.443,0.22436702665449523
12614,685649.3454999999,0.22455921697347717
3036,685648.744,0.22475140712385613
27,685639.2315,0.22494359460784244
16457,685503.982,0.22513574418084012
15084,685301.3125,0.22532783694474706
14402,685129.0065,0.22551988141057672
15912,684722.6395,0.22571181197007237
13267,684581.456,0.2259037029552549
13063,684539.4505,0.22609558216612377
17023,683182.4619999999,0.22628708100755981
11190,682966.4365000001,0.22647851929616364
6321,682827.797,0.226669918723548
9862,682760.409,0.22686129926180001
123,682530.3785,0.227052615321561
7278,682418.292,0.2272438999630171
15199,680394.696,0.22743461738222864
17193,680374.0725,0.22762532902058868
5708,680138.1875,0.22781597453941738
8258,679958.6485000001,0.22800656973272923
442,679641.284,0.2281970759674723
7581,679121.7295,0.22838743656896165
6967,678974.3724999999,0.2285777558656805
2481,678852.6925,0.22876804105499715
8064,678775.4595,0.22895830459558766
18872,677622.5455,0.2291482449696633
13917,677529.8965,0.22933815937384486
9211,677467.2945,0.22952805623042952
6755,676965.7215,0.22971781249404855
15106,676926.67,0.22990755781137218
16966,676869.187,0.2300972870159756
18946,676462.753,0.23028690229546464
10551,676008.8635,0.23047639034786832
2357,675706.946,0.23066579377156055
9953,675697.6075,0.23085519457763298
8057,675482.0875,0.23104453497256694
9227,675470.4815,0.2312338721142916
6576,675455.6460000001,0.23142320509756487
13490,675308.7964999999,0.231612496918322
7834,675160.319,0.2318017471202279
18198,674328.7585,0.23199076423232082
19243,673861.8115,0.23217965045725764
8656,673558.5525,0.23236845167745507
6670,673527.8355,0.23255724428755162
1436,673433.61,0.23274601048585472
3214,673077.347,0.2329346768221802
9892,673000.7355,0.23312332168398847
18308,672606.314,0.23331185598783535
15633,672332.924,0.23350031365934584
2168,671862.1965,0.2336886393840106
9928,671084.6885,0.23387674716999943
19930,670620.6335,0.23406472487947166
8567,670468.603,0.23425265997417224
19898,670335.2625000001,0.2344405576929847
3681,670040.5924999999,0.2346283728145896
14126,669729.076,0.23481610061684402
12225,669511.7745,0.23500376750859822
19933,668777.9675,0.23519122871124573
3028,668673.133,0.23537866052835363
5868,668528.6825000001,0.23556605185539492
16453,668311.5415,0.23575338231692478
2161,667491.0845,0.23594048280099814
4909,667449.5315,0.23612757163759546
7630,667310.8225,0.23631462159349212
6703,667154.6449999999,0.23650162777219608
13120,666679.284,0.23668850070526531
8848,665906.843,0.23687515711995946
8005,665843.531,0.23706179578804076
6907,664882.243,0.23724816500315962
12097,664839.9005,0.23743452234950235
6894,664710.0945,0.23762084331069175
4160,664358.1224999999,0.23780706561268836
9420,664265.887,0.23799326206069668
5583,663864.0754999999,0.23817934587929632
12196,663783.454,0.23836540709935938
13841,663712.402,0.2385514484032559
12135,663602.1410000001,0.23873745880054267
6023,662906.5515000001,0.23892327422124446
6632,662066.152,0.2391088540745253
18413,661882.2265,0.23929438237273543
4366,661470.3365,0.23947979521649204
2320,661453.8935,0.2396652034512084
11456,661378.9565000001,0.23985059068077685
12062,661346.864,0.24003596891468612
9355,661278.2145,0.24022132790585946
13886,661252.9715,0.24040667982131655
2892,661249.7605,0.24059203083671718
2346,660780.8755,0.24077725042173242
17920,660497.282,0.24096239051432844
19871,659824.465,0.24114734201356444
11641,659647.9735000001,0.24133224404151038
6215,659474.3420000001,0.2415170973998359
7118,659360.5935,0.24170191887399112
16045,658582.4375,0.2418865222278333
5492,658260.4149999999,0.2420710353174502
6514,658202.1285,0.2422555320691225
19842,658192.057,0.2424400259977121
18917,656911.7424999999,0.24262416104890502
19799,656722.006,0.24280824291618014
9565,656471.4210000001,0.2429922545434537
9957,656281.8365000001,0.24317621302941564
18326,656273.5255,0.24336016918577025
19111,656151.819,0.24354409122729456
9432,656034.5674999999,0.24372798040274332
7819,655731.5414999999,0.24391178463876353
1862,655646.1375,0.24409556493569287
13831,655483.199,0.24427929956029348
18662,655045.2955,0.24446291143875
18452,654737.255,0.2446464369721931
7276,654709.443,0.2448299547098187
18778,654006.6095,0.24501327544033646
2701,653850.535,0.24519655242253283
2997,653359.2239999999,0.24537969168824417
13472,653289.799,0.24556281149384374
3169,653188.0085,0.2457459027671494
7790,653158.5095,0.24592898577176453
15982,653154.6579999999,0.24611206769678848
8749,652755.579,0.24629503775833464
15813,652529.212,0.24647794436828385
15924,651757.691,0.24666063471773772
8280,651574.475,0.2468432737109966
8491,651351.553,0.2470258502183061
827,651190.169,0.24720838148901958
10509,650216.7905,0.24739063991775398
9856,650186.7435,0.24757288992419124
17126,649704.15,0.24775500465769443
16370,649654.959,0.24793710560275892
298,649372.9755,0.24811912750669374
3104,649167.2424999999,0.24830109174282625
4829,648807.559,0.24848295515820099
7766,648729.961,0.2486647968225386
16318,648701.611,0.2488466305402551
817,648656.3715,0.24902845157715456
17973,648352.8915,0.24921018754736737
6710,648345.8670000001,0.24939192154858408
2032,647503.083,0.24957341931399474
18966,647154.1415,0.2497548192696742
6316,646927.2154999999,0.2499361556170667
9322,645919.885,0.25011720960559547
4840,645278.8585,0.25029808391177155
7608,645040.548,0.2504788914185387
2337,644801.3895,0.25065963188819906
9894,644383.176,0.25084025513090297
1856,644266.765,0.2510208457431269
9462,643596.9295000001,0.2512012485977175
3818,643267.269,0.2513815590471202
14517,643136.6105,0.25156183287241024
8934,642785.4924999999,0.2517420082778873
9793,642401.8225,0.25192207613909234
1388,641670.4775,0.25210193900129935
18140,641287.9375,0.25228169463597805
18161,640778.4565,0.25246130746104634
7948,640456.7375,0.2526408301069616
4352,640189.4955,0.25282027784385
10208,639945.432,0.25299965716874007
16582,639931.7725,0.25317903266481634
1371,639808.3195,0.25335837355651125
19907,639797.6255,0.25353771145063414
13062,639551.4425,0.25371698033865414
16345,639474.2165,0.2538962275799101
6467,639153.5109999999,0.2540753849261013
3829,639047.8745,0.254254512661949
7691,638948.02,0.2544336124081715
17882,638617.9915,0.2546126196460541
13405,638609.6,0.2547916245317649
11222,638575.1799999999,0.25497061976940877
3976,638422.6035,0.2551495722392349
9441,638390.97,0.2553285158420615
8926,638320.4704999999,0.25550743968358963
9961,638297.885,0.2556863571943096
13091,638116.9,0.255865223974193
16539,638038.7195,0.2560440688397621
7293,637864.551,0.25622286488518753
8972,637797.054,0.2564016420109275
12984,637788.6395,0.2565804167780487
19341,637689.161,0.256759163660939
10380,637557.764,0.2569378737127122
15650,637211.499,0.25711648670498805
17403,637203.112,0.2572950973463535
1370,636735.7705,0.2574735769899829
15894,636608.6655,0.2576520210055604
8965,636449.332,0.2578304203593054
5406,636331.033,0.2580087865533564
1442,635677.8175,0.258186969648428
7572,635048.789,0.25836497642423556
5885,634690.0405,0.2585428826413696
14218,634508.655,0.2587207380154053
16799,634474.787,0.25889858389610193
9926,634466.0665000001,0.25907642733240666
12825,634159.8085,0.25925418492334007
5987,633987.1595,0.2594318941200518
11171,633933.953,0.2596095884027637
6108,632633.7755,0.2597869182403988
13286,632364.1705,0.2599641725066484
1083,632112.3715,0.2601413561926073
15385,631857.633,0.2603184684743216
2808,631551.394,0.26049549491599033
5039,631422.263,0.260672485161711
9257,631107.95,0.26084938730421076
4970,630509.471,0.2610261216905963
138,630307.9959999999,0.2612027996027144
7402,630187.0055,0.2613794436007
2099,629752.075,0.26155596568588557
9772,629566.839,0.26173243584866185
17123,629442.511,0.2619088711617907
2415,628882.142,0.2620851494011943
3234,628632.8845,0.26226135777270015
12206,628303.931,0.26243747393719297
17748,627968.5619999999,0.2626134960963819
11388,626935.7915,0.26278922876577093
340,626531.1045,0.26296484799973685
10950,626513.4745,0.2631404622919416
6272,626443.0825,0.2633160568529805
6981,626095.767,0.26349155406006264
7266,626093.673,0.263667050680188
7601,626093.5094999999,0.2638425472544837
3286,625991.0765,0.26401801511639
17640,625131.6575,0.26419324207963174
14356,625000.5534999999,0.2643684322938854
12476,624899.132,0.26454359407927736
17294,624505.493,0.2647186455260458
1704,624423.5455,0.2648936740025945
4923,624252.9199999999,0.2650686546521169
3371,623822.7440000001,0.26524351472154506
1644,623681.2115,0.265418335118834
19593,623348.2640000001,0.26559306218957546
16420,622708.5005,0.2657676099319882
9296,621696.346,0.26594187396335034
3231,621570.467,0.26611610271031333
8930,621524.313,0.26629031852012114
5922,621276.6825,0.2664644649180859
7265,621186.764,0.2666385861115269
8492,620946.368,0.2668126399209848
2722,620759.348,0.26698664130797095
4115,620591.402,0.26716059561900557
17192,620511.5465,0.2673345275462166
19168,619954.537,0.26750830334138403
13115,619501.765,0.26768195222270597
7303,619181.171,0.26785551124021706
16887,618987.4195,0.26802901594838935
1076,618912.4915,0.26820249965393644
15143,618620.3055,0.26837590145855134
19735,618363.048,0.26854923115283563
10833,618330.066,0.2687225516021303
19321,618042.366,0.26889579140793696
2781,617210.7124999999,0.26906879809786227
15405,617141.0495,0.2692417852609635
14629,616968.703,0.269414724114635
6716,616627.0349999999,0.2695875671973672
5112,615953.425,0.2697602214644582
4834,615889.393,0.2699328577831175
1867,615769.5395,0.2701054605063499
15789,615496.745,0.27027798676416703
18612,615235.5535,0.2704504398089373
1444,615203.065,0.27062288374704796
2225,615109.7154999999,0.2707953015189115
13950,614994.959,0.2709676871240582
6142,614953.996,0.2711400612471083
17476,614816.3115,0.2713123967766293
4411,614479.576,0.27148463791781086
14874,613587.839,0.27165662910146005
15871,612508.6115,0.27182831777322203
10891,612027.432,0.27199987156839994
10967,611273.555,0.2721712140487679
7434,611262.6995,0.27234255348629477
13462,611057.194,0.27251383531978857
1737,610214.8095,0.27268488102945776
17633,610036.7715,0.27285587683434664
16216,609993.1945,0.2730268604244239
3421,609566.9955,0.27319772454917646
13736,609541.63,0.27336858156387545
2570,609093.587,0.273539312990287
1172,609035.635,0.27371002817251566
14073,608769.3445,0.27388066871242683
681,608108.9495,0.2740511241409155
16961,607766.298,0.27422148352278564
17339,607682.0525,0.2743918192902972
14632,607370.098,0.27456206761568513
1402,606714.2815,0.27473213211302283
14446,606677.4619999999,0.2749021862897039
2843,606591.8055,0.2750722164565173
14579,605915.9425,0.2752420571761644
12208,605784.629,0.27541186108809984
18520,605690.5935000001,0.27558163864149954
15978,605619.3375,0.2757513962215507
1866,605183.3640000001,0.27592103159644465
9701,605096.5364999999,0.27609064263323485
469,605011.6705,0.2762602298817378
15460,604761.1735,0.2764297469149059
12980,604750.5265,0.2765992609636764
6216,604472.4665,0.2767686970710903
5808,604184.6784999999,0.2769380525103495
2442,604169.047,0.27710740356803515
9307,603608.474,0.27727659749481365
9430,603251.6294999999,0.2774456913966177
15656,603121.2525,0.27761474875321474
17670,603028.9505,0.2777837802371833
12037,602775.7605,0.2779527407509581
16656,602756.234,0.278121695791375
49,602752.8899999999,0.27829064989445507
9070,602531.536,0.27845954195110256
5889,602338.8585,0.2786283799994579
18152,602047.2225,0.27879713630104824
13702,601909.3784999999,0.27896585396440104
6337,601734.5675,0.27913452262751476
13875,601615.632,0.2793031579525208
11304,601452.3255,0.27947174750204623
3652,600962.0900000001,0.27964019963655373
5658,600340.596,0.27980847756374827
10237,600316.5355,0.27997674874668615
10703,600234.683,0.28014499698603307
10560,600134.459,0.2803132171321825
17031,600060.8775000001,0.28048141665313614
7222,600009.2590000001,0.2806496017052129
3480,599392.232,0.2808176138020951
12951,598828.6485,0.2809854679242146
155,598746.738,0.28115329908648556
1419,598532.2555,0.2813210701284336
132,598458.4865,0.28148882049262886
16618,597934.0105,0.2816564238440538
10047,597919.8369999999,0.28182402322258865
15520,597899.9885,0.28199161703750775
14918,597769.765,0.2821591743502465
14194,597507.382,0.28232665811595603
14186,597271.789,0.28249407584398306
2974,596899.431,0.282661389198538
10245,596814.1705,0.28282867865422573
7524,596651.6815,0.28299592256358136
18002,595576.3415,0.283162865050732
15230,595205.4385,0.28332970357225307
5672,595067.804,0.2834965035142602
850,595046.4115,0.28366329745986196
16308,594824.2664999999,0.28383002913731065
7986,593439.794,0.2839963727414488
7516,593302.8335000001,0.284162677954998
11978,593058.3269999999,0.2843289146323741
4232,592796.9395,0.28449507804176366
8992,592695.158,0.284661212921382
18188,592531.0349999999,0.28482730179665144
527,591772.014,0.28499317791522677
19729,591554.414,0.2851589930396311
8096,590693.6839999999,0.2853245668978921
11356,590654.9569999999,0.2854901299008164
7680,590529.4979999999,0.28565565773706936
15415,590151.8655,0.28582107972138626
12413,590119.19,0.2859864925466268
18579,590103.2545,0.28615190090508136
4572,589865.0545000001,0.28631724249510065
11314,589394.0745,0.28648245206749745
9572,589274.3145,0.28664762807067584
622,589137.0525,0.2868127655987537
15523,588819.013,0.2869778139790574
10875,588734.3740000001,0.28714283863470286
19893,588712.7605,0.28730785723199576
13788,588433.5575,0.28747279756754457
17353,588204.063,0.2876376735748453
18469,587999.853,0.28780249234124694
11031,587173.0095,0.28796707934002996
9156,587045.051,0.28813163047152146
3463,586660.508,0.28829607381403555
9347,586371.2725000001,0.2884604360826547
10554,586133.9079999999,0.2886247318170326
3399,586089.349,0.2887890150613403
18148,585887.0125,0.2889532415898986
12536,585742.595,0.28911742763764037
12832,585574.976,0.28928156670109
13525,585540.5105,0.28944569610371895
11558,585253.296,0.2896097449989475
10006,585243.802,0.289773791232969
12512,585109.0769999999,0.2899377997030213
6412,585072.574,0.2901017979411333
18403,584835.1685,0.29026572963351155
3690,584590.2925,0.2904295926861443
11265,584493.4415,0.29059342859104526
3751,584242.324,0.2907571941066827
13179,583966.9105,0.2909208824227884
16313,583954.7374999999,0.29108456732675236
17561,583598.5430000001,0.2912481523879395
2616,583582.7440000001,0.29141173302060225
5844,583574.134,0.29157531123984676
1882,583460.118,0.29173885749993966
3646,583437.273,0.29190239735648543
8009,583277.7905,0.29206589250943354
14188,582956.83,0.2922292976958393
17700,582915.1335,0.2923926911945453
7369,582815.66,0.29255605681042196
1516,582809.8365,0.29271942079394775
18287,582793.6695,0.2928827802457973
19522,582714.207,0.2930461174239826
16058,582502.16,0.29320939516452565
16711,582280.6614999999,0.2933726108181322
12936,581938.289,0.29353573050332515
5692,581844.6460000001,0.29369882394000174
17083,581526.053,0.29386182807375594
7679,581147.374,0.2940247260622359
16172,580945.297,0.2941875674077054
12334,580769.7914999999,0.29435035955826455
9691,580467.344,0.2945130669315511
17081,580165.238,0.2946756896232889
15187,579112.8305,0.2948380173208952
9131,578898.4625,0.2950002849302734
4045,578879.6444999999,0.29516254726488916
4085,578863.1235,0.295324804968601
6458,578855.947,0.29548706066071045
15129,578851.5565000001,0.29564931512214476
9073,578657.6995,0.29581151524466825
5215,578584.9045,0.2959736949624551
17988,578334.7339999999,0.2961358045564266
16261,578180.909,0.2962978710326207
6315,577853.598,0.29645984576220125
17251,577703.127,0.29662177831414444
5254,577672.967,0.2967837024121161
19340,577540.4965,0.2969455893780642
329,577423.018,0.2971074434143078
1392,577166.402,0.29726922552003576
7514,576839.5155,0.29743091599813937
17876,576661.8985,0.29759255668947054
15690,576492.4775,0.2977541498914018
8746,575585.9855000001,0.2979154889999137
3403,575575.6855,0.2980768252212935
10488,575442.9055,0.29823812422389556
6478,575343.2295,0.29839939528690673
19183,575311.1675,0.298560657362808
7987,575193.7685,0.2987218865312889
3744,575030.8335000001,0.2988830700284221
12040,575008.434,0.29904424724688383
1293,574874.105,0.29920538681237674
10055,574851.999,0.29936652018146737
12608,574527.15,0.29952756249405316
12826,574118.3745,0.2996884902251926
11007,574046.0905,0.2998493976948308
18957,573777.446,0.30001022986231574
7279,573620.2829999999,0.3001710179763682
14065,573476.244,0.3003317657156992
14927,573416.1895,0.30049249662150795
1273,573372.951,0.3006532154073881
15848,573316.044,0.30081391824200315
12456,573231.4825,0.30097459737368354
297,573220.2925,0.30113527336876106
11442,572203.4105,0.3012956643276503
7673,572109.142,0.301456028862693
14950,571910.8125,0.30161633780516484
14377,571799.5109999999,0.3017766155493704
18479,571570.589,0.30193682912580205
11691,571376.308,0.30209698824447395
6075,571258.7515,0.30225711441157754
4051,571234.8319999999,0.3024172338739473
12604,571221.0025,0.30257734945985165
7389,570992.1705,0.3027374009032094
3570,570671.07,0.30289736234078224
16857,570604.4484999999,0.3030573051040758
14348,570319.5725,0.3032171680154601
9751,570195.328,0.3033769961006024
2326,569694.864,0.3035366839036363
18561,569457.4905,0.3036963051699062
1002,569013.568,0.3038558020028817
15021,568974.046,0.3040152877576788
8939,568556.8935000001,0.30417465658292203
6431,568520.06,0.3043340150835844
5982,568119.5225000001,0.3044932613119455
3635,567798.412,0.30465241753171857
969,567661.849,0.30481153547232365
2154,567612.3770000001,0.30497063954572456
18129,567342.4615,0.3051296679607056
2079,567201.027,0.3052886567310172
12764,567107.322,0.3054476192354336
1986,566643.003,0.3056064515893332
13930,566642.4595,0.30576528379088747
4474,566386.241,0.305924044173347
13690,566375.561,0.30608280156215895
12717,565710.934,0.30624137265330137
12643,565576.259,0.30639990599448985
7233,565487.248,0.30655841438553055
18501,565387.903,0.306716894929761
14972,564512.737,0.3068751301613782
3749,564361.376,0.30703332296588737
12819,564306.527,0.3071915003959972
14225,564262.0795,0.3073496653672908
13180,564043.1190000001,0.30750776896305976
17756,563374.0595,0.3076656850187113
16252,563198.3885,0.30782355183306226
15146,563110.181,0.3079813939224898
21,562834.1295,0.30813915863355157
18646,562664.002,0.30829687565717856
15355,562537.824,0.3084545573125954
16195,562485.424,0.30861222428007773
3242,562201.6855,0.30876981171449674
7344,562183.776,0.30892739412880954
1517,562005.5455,0.30908492658438347
18799,561787.099,0.30924239780850893
10644,561608.8775000001,0.3093998190764183
16054,561542.0485,0.30955722161188526
11868,561437.5305,0.3097145948505289
5813,561229.2105,0.3098719096962235
2666,561004.1365,0.31002916145275433
10691,560639.3265,0.3101863109515484
9499,560529.698,0.3103434297210251
18404,560224.7305000001,0.3105004630068628
7173,560136.4924999999,0.31065747155922785
3552,559823.5375000001,0.310814392389025
1143,559495.5895,0.31097122129365484
8613,558819.6055,0.31112786071720167
4096,558794.8275,0.3112844931953737
18731,558582.438,0.3114410661398992
14651,558482.806,0.3115976111571671
3540,558239.038,0.3117540878452666
2965,558177.389,0.31191054725289885
17141,558172.6145,0.31206700532221926
12803,558123.9974999999,0.31222344976399546
1775,558069.5530000001,0.31237987894475544
12079,558063.173,0.3125363063371753
18693,557980.0364999999,0.31269271042609376
9766,557894.4825,0.3128490905338757
6680,557887.5925,0.3130054687103625
13652,557743.027,0.31316180636454766
3383,557504.2390000001,0.3133180770854787
5128,557270.5460000001,0.313474282301305
6113,557128.8095,0.3136304477878099
11430,556817.913,0.31378652612875296
8260,556601.016,0.3139425436725788
6827,556577.4935,0.31409855462295155
3701,556460.383,0.3142545327467716
10659,556259.3675,0.314410454525124
7719,556136.9695,0.31456634199481587
426,555657.9045000001,0.3147220951806266
7038,555610.537,0.31487783508913314
6908,555592.9025000001,0.3150335700546171
248,555169.0455,0.3151891862112485
11126,554629.09,0.3153446510161423
764,554533.022,0.3155000888927824
11360,554527.9835,0.3156555253571103
3321,554463.9765,0.315810943880014
13706,554161.0805,0.31596627749992867
3520,553884.5954999999,0.3161215336199658
7960,553751.564,0.3162767524507287
368,553684.203,0.31643195239992755
18509,553670.541,0.31658714851961184
96,553532.433,0.31674230592705827
11897,552760.597,0.31689724698571353
4936,552628.9575,0.3170521511452779
13355,552570.1045,0.31720703880810547
4960,552224.982,0.31736182973168314
8085,552187.3404999999,0.31751661010419424
1583,552173.8015,0.3176713866816682
10761,552091.6175,0.3178261402226305
1832,551700.214,0.317980784051589
3163,551683.946,0.3181354233205606
12540,551554.4659999999,0.31829002629575803
502,551455.4275,0.3184446015100583
2463,551338.9865,0.3185991440854696
3874,551196.8319999999,0.3187536468143924
10721,550863.4469999999,0.3189080560941347
11461,550568.5835,0.31906238272243054
13717,550542.075,0.3192167019202853
8114,550472.8925,0.319371001726002
61,550137.0484999999,0.31952520739327045
10920,550129.1680000001,0.31967941085160245
4751,550092.523,0.31983360403819094
2465,549934.3215000001,0.31998775288025116
2928,549825.2455,0.320141871147862
9963,549599.3425,0.320295926093937
10977,549362.121,0.32044991454585414
10710,549343.4265,0.3206038977576265
16530,549176.5215,0.3207578341852439
13019,549068.6405,0.3209117403733752
6919,548619.601,0.32106552069389616
7642,548588.586,0.3212192923207855
1679,548146.4215,0.32137294000715505
11449,547799.693,0.32152649050410637
4169,547778.0700000001,0.3216800349400422
9820,547344.4695,0.32183345783598255
16348,547327.7085000001,0.32198687603374593
15070,547261.1445,0.32214027557334757
18779,547258.1235,0.3222936742661506
13422,547199.9979999999,0.3224470566661378
13280,546799.6685,0.32260032685212714
1599,546753.714,0.3227535841568819
8635,546387.6405,0.3229067388497357
8367,546092.3125,0.32305981076094187
2844,546063.389,0.32321287456477255
10852,545846.971,0.3233658777057517
13955,545442.7535,0.32351876754291053
5547,545247.7374999999,0.323671602716286
6689,545045.1645000001,0.32382438110762013
18119,544962.9515,0.32397713645431375
7199,544875.624,0.32412986732275156
652,544716.857,0.32428255368814923
11604,544598.4625,0.32443520686708377
17818,544395.0865,0.3245878030388927
204,543969.866,0.3247402800196544
15492,543772.4295,0.32489270165815676
14672,543760.823,0.32504512004330965
12689,543628.892,0.325197501447663
1399,543323.437,0.3253497972317292
19686,543315.2145,0.32550209071099495
10885,543304.503,0.3256543811877834
12885,542728.93,0.32580651032910324
14304,542342.123,0.3259585310468371
8619,542339.7335,0.3261105510947844
18976,541759.815,0.32626240858920164
13417,541657.1614999999,0.32641423730942243
3256,541565.9145000001,0.3265660404527356
8659,541435.3955,0.32671780701103853
8495,541140.5534999999,0.3268694909239217
989,540981.424,0.32702113023215446
6032,540963.0255,0.3271727643832123
19953,540849.5989999999,0.32732436674035775
11909,540820.5485,0.32747596095452913
13698,540660.5515000001,0.32762751032088633
16734,539604.9369999999,0.32777876379417686
16504,538987.568,0.32792984421640886
11077,538969.973,0.3280809197066903
17701,538630.798,0.32823190012483044
13812,538196.9049999999,0.32838275892098606
9977,538093.6495,0.32853358877420225
12133,538087.482,0.3286844168986429
18945,538003.4365,0.3288352214647859
6596,537343.179,0.32898584095804806
12654,537212.3695,0.32913642378487173
3037,537189.5635,0.3292870002190803
14762,536893.8080000001,0.32943749375181125
7339,536879.9084999999,0.32958798338845535
565,536864.3065,0.329738468651795
17122,536572.9815,0.3298888722555443
15052,536205.554,0.3300391728678609
10484,536031.3145,0.33018942464013223
16078,535998.9874999999,0.3303396673510131
8448,535884.6795,0.3304898780208935
9456,535625.085,0.3306400159253727
9717,535211.9785000001,0.3307900380344084
19188,534820.641,0.33093995044994046
7133,534726.855,0.33108983657687274
9582,533881.948,0.33123948587291335
14865,533786.2,0.3313891083303976
18532,533775.0595,0.331538727665154
18162,533752.0135,0.3316883405400223
4360,533733.9275,0.33183794834531066
306,533509.5365,0.331987493252883
18155,533448.975,0.33213702118481886
8016,533311.4,0.332286510553919
1095,533164.441,0.3324359587298097
8243,532968.8975,0.33258535209405665
396,532919.709,0.33273473167056566
7535,532807.187,0.3328840797066973
4089,532794.361,0.3330334241476487
19277,532586.315,0.3331827102724544
19416,532430.2545,0.3333319526528629
15854,532387.7235,0.333481183111658
7540,532081.0745,0.33363032761548284
16702,531585.621,0.3337793332416629
5345,531490.0725,0.3339283120852072
16507,531344.7955,0.33407725020701357
13362,531276.6575000001,0.3342261692294595
9283,531275.921,0.3343750880454615
13684,531229.9175,0.33452399396649407
11515,531175.8665,0.33467288473681
1349,530810.331,0.33482167304602867
11013,530750.413,0.33497044455998654
19621,530648.715,0.3351191875675786
4080,530316.851,0.3352678375523326
7597,530280.4284999999,0.33541647732771074
7327,530241.0875,0.3355651060756455
11627,529982.5255,0.3357136623475929
10254,529890.9775,0.33586219295826114
8978,529820.9345,0.3360107039355896
1556,529736.9890000001,0.33615919138265077
1506,529641.2405,0.3363076519910153
17386,529373.684,0.33645603760219733
13895,529348.292,0.3366044160958978
19102,528906.181,0.33675267066407477
384,528891.9365,0.33690092123946
13838,528504.5545,0.33704906323008454
9133,528480.8115,0.33719719856544894
261,528474.8245,0.33734533222263274
19548,528411.6115,0.3374934481609538
15421,528312.2255000001,0.3376415362409721
14782,527974.7245,0.33778952971807813
16425,527768.072,0.3379374652696423
18470,527716.1685,0.33808538627244283
11822,527476.804,0.33823324018039397
16075,527428.8589999999,0.3383810806491653
1056,527402.28,0.3385289136677341
13162,527337.626,0.33867672856352193
7272,527291.7575000001,0.33882453060218143
6604,527126.269,0.3389722862537368
4007,527113.2459999999,0.33912003825489195
13082,526993.0235,0.33926775655718805
7144,526398.0244999999,0.3394153080788282
17019,526394.374,0.33956285857721824
14098,526247.393,0.33971036787623216
6175,526228.3640000001,0.33985787184133953
9055,526219.0525,0.3400053731963953
3171,526211.0675,0.34015287231322283
16868,526080.541,0.340300334842938
8483,525988.878,0.3404477716791389
16483,525905.7904999999,0.34059518522557336
14104,525857.8405,0.34074258533142654
9681,525773.464,0.34088996178620123
7734,525755.269,0.34103733314084295
17109,525380.125,0.34118459934108536
17045,525300.77,0.3413318432977964
6197,525261.285,0.34147907618670026
9839,525211.8315,0.3416262952135856
3843,524996.7295,0.34177345394649955
18482,524950.1595,0.3419205996256518
8412,524751.0895,0.342067689504668
14880,524706.537,0.34221476689543595
8716,524685.0105,0.3423618382522378
7253,524680.586,0.34250890836883424
19690,524658.0970000001,0.3426559721816719
14996,524624.6375,0.3428030266156747
8123,524617.9475,0.3429500791744431
17340,524595.756,0.3430971255128432
13837,524548.4355,0.3432441585871134
14779,524488.341,0.34339117481664916
6956,524479.6245,0.34353818860291435
7307,523937.27249999996,0.3436850503656932
2506,523768.27150000003,0.3438318647567998
10525,523524.272,0.3439786107538474
1445,523089.46400000004,0.3441252348724323
4517,523004.218,0.3442718350962143
14035,522783.267,0.3444183733865263
10926,522737.54500000004,0.34456489886077457
12763,522682.157,0.34471140880953965
9109,522662.2915,0.3448579131899237
2028,522547.2915,0.3450043853353369
1009,522503.626,0.3451508452411316
2510,522107.90599999996,0.34529719422499
13588,522019.7885,0.3454435185091524
1001,522010.618,0.34558984022278605
6563,521951.6135,0.3457361453972168
11071,521843.85000000003,0.3458824203650972
3051,521389.5255,0.34602856798396003
14666,521095.793,0.3461746332684004
6508,521053.355,0.3463206866572956
3735,520978.691,0.3464667191175659
3698,520834.703,0.3466127112174102
5315,520551.457,0.34675862392224094
206,520505.4835,0.3469045237405114
17398,520418.56799999997,0.3470503991960113
8925,520262.9735,0.3471962310377358
15999,519987.746,0.3473419857320651
17355,519914.8695,0.347487719998813
8480,519911.4579999999,0.3476334533093035
10831,519644.9795,0.3477791119247794
13533,519406.9935,0.34792470383180496
8550,519085.4755,0.3480702056160187
13689,518896.799,0.34821565451343695
19119,518887.56999999995,0.3483611008239287
17634,518761.55799999996,0.3485065118127409
16419,518621.1365,0.3486518834408316
16783,518460.20399999997,0.34879720995888364
8033,518431.26550000004,0.34894252836535566
1888,518296.723,0.3490878090590141
7209,518231.5865,0.3492330714946448
5791,518202.77150000003,0.349378325853313
4016,517926.582,0.34952350279493355
6615,517733.7305,0.349668625679489
15947,517596.0615,0.34981370997486
19469,517269.74100000004,0.3499587028012587
1858,517156.12049999996,0.3501036637793661
14039,517092.0345,0.3502486067939052
5098,517058.04,0.35039354027964675
11796,516856.39749999996,0.35053841724417
5125,516757.5905,0.35068326651268655
15703,516690.91500000004,0.3508280970917874
18856,516633.565,0.3509729115954485
179,516313.55449999997,0.3511176363988561
6602,516294.47849999997,0.3512623558551828
1269,515372.144,0.3514068167773726
15278,515294.7205,0.3515512559974383
19646,515188.08700000006,0.35169566532769736
4571,515177.3525,0.3518400716490321
10033,515175.27599999995,0.3519844773883154
4791,514995.732,0.35212883280068036
1759,514879.122,0.3522731555267848
982,514785.5395,0.35241745202133135
2771,514624.1045,0.3525617032649864
19608,514536.6805,0.3527059300033363
2178,514282.6125,0.35285008552538544
15322,514189.1775,0.35299421485722154
16647,514184.4885,0.35313834287471174
17161,514130.0485,0.3532824556324471
1919,513583.05449999997,0.35342641506552447
18244,513557.798,0.35357036741910153
1933,513334.865,0.35371425728364586
1357,513190.294,0.35385810662434686
13021,512980.60050000006,0.3540018971871013
14671,512925.714,0.354145672364945
4794,512167.31849999994,0.3542892349614248
6901,512059.9295,0.3544327674563281
8315,511997.89800000004,0.35457628256354806
2186,511824.267,0.35471974900128767
17105,511659.618,0.3548631692872385
1354,511132.5995,0.3550064418477458
2360,510796.05649999995,0.35514962007387224
1452,510654.30700000003,0.35529275856703335
9637,510642.663,0.3554358937963337
7356,510608.1575,0.3555790193536011
4296,510592.8125,0.3557221406096021
6495,510510.072,0.3558652386731022
4314,510374.3845,0.3560082987028405
10510,510163.408,0.3561512995950019
1199,509547.4805,0.3562941278401632
12774,509462.328,0.35643693221673006
13126,509433.08,0.3565797283949627
5721,509427.5915,0.3567225230347464
19006,509392.282,0.3568653077771326
358,509196.235,0.357008037566742
16071,509073.5725,0.3571507329735504
1125,508738.24199999997,0.35729333438584665
4983,508593.57899999997,0.3574358952485116
15148,508553.489,0.3575784448737855
262,508361.1605,0.3577209405885933
13411,507936.37600000005,0.3578633172345664
18247,507845.883,0.358005668514981
18114,507816.97500000003,0.35814801169236493
6003,507563.7165,0.35829028388035433
17100,507543.135,0.358432550299265
4003,507448.44450000004,0.35857479017604077
16779,507374.91650000005,0.35871700944261714
17360,506942.8795,0.3588591076074534
10646,506463.297,0.35900107134335113
10547,506335.7515,0.35914299932772303
3905,506274.831,0.35928491023582937
3439,506228.9105,0.3594268082722315
19060,506061.35250000004,0.35956865934144017
363,506051.184,0.35971050756037665
12307,506048.8335,0.3598523551204583
6946,505902.7235,0.35999416172530874
11735,505871.5955,0.36013595960485334
5432,505527.04,0.3602776609040805
7465,505178.199,0.3604192644217469
18433,505064.0325,0.360560835938076
10840,504849.5855,0.3607023473440329
6122,504198.3065,0.36084367619381935
18156,504038.863,0.3609849603509399
16978,503808.0695,0.36112617981569745
12285,503368.4905,0.36126727606466136
6587,503364.114,0.3614083710868745
6581,503346.6125,0.36154946120334547
1168,503110.85349999997,0.3616904852356034
11576,502873.88999999996,0.36183144284602203
3303,502740.2785,0.3619723630045901
13545,502607.168,0.36211324585174004
7896,501781.07,0.36225389714023803
19967,501462.2855,0.3623944590721354
1085,501437.9855,0.3625350141926433
16928,501366.08550000004,0.36267554915928674
16442,501353.75,0.36281608066823906
10205,500874.5104999999,0.3629564778443972
16755,500710.457,0.36309682903568763
9154,500011.5205,0.36323698431221524
13519,499974.75,0.36337712928182114
18868,499676.4775,0.36351719064442395
3330,499573.571,0.3636572231619135
19379,499486.244,0.36379723120128743
15959,499442.2735,0.3639372269155501
10363,499365.94,0.3640772012332202
14883,499047.71300000005,0.36421708635055916
14393,499030.1585,0.36435696654729993
3093,499025.4835,0.36449684543361904
13863,498570.26800000004,0.36463659672116955
420,498342.24250000005,0.3647762840922388
19438,498260.8705,0.3649159486544033
10248,498218.9955,0.3650556014788338
4473,497721.04850000003,0.3651951147266813
10376,497624.801,0.36533460099596055
16116,497607.31149999995,0.3654740823628613
18430,497604.6914999999,0.36561356299536524
4157,497282.3585,0.3657529532766095
8950,497188.83150000003,0.36589231734185274
19924,497022.80350000004,0.3660316348687677
12137,496926.3335,0.36617092535474666
9032,496751.45800000004,0.36631016682240697
11408,496614.35,0.3664493698581335
6982,496550.42850000004,0.36658855497640175
1508,496423.9305,0.36672770463676274
13186,496308.3495,0.36686682189929615
17328,496192.7655,0.36700590676316114
12806,496085.5075,0.36714496156216947
15829,496045.5815,0.3672840051697566
15221,495976.5395,0.3674230294245884
750,495950.848,0.36756204647798757
602,495829.542,0.3677010295288182
13297,495774.54449999996,0.3678399971636245
4796,495757.676,0.3679789600701211
10347,495746.6715,0.3681179198920113
6284,495399.5255,0.3682567824074563
11869,495378.10349999997,0.3683956389182269
12312,495305.66149999993,0.36853447512320836
16196,495229.158,0.36867328988394554
4313,495221.02749999997,0.3688121023656702
13047,495208.1265,0.3689509112311917
19702,494417.77349999995,0.36908949855753126
7829,494166.7595,0.3692280155236188
9185,494104.6015,0.3693665150665644
153,493838.0895,0.3695049399051052
3610,493837.56999999995,0.369643364598028
3223,493682.447,0.3697817458093387
2576,493670.85349999997,0.3699201237709439
7708,493452.85349999997,0.3700584406262565
14768,492289.0895,0.37019643127375473
10619,492278.152,0.37033441885542695
10594,492233.239,0.37047239384780145
15483,492188.8675,0.37061035640266277
7067,492161.427,0.37074831126583957
16913,491774.11400000006,0.37088615756359666
11703,491260.79199999996,0.3710238599750953
2095,491229.86899999995,0.3711615537187503
19598,491107.517,0.37129921316663883
12372,491074.746,0.3714368634286819
2197,490979.8595,0.3715744870936504
17887,490885.31100000005,0.3717120842562873
16658,490762.696,0.3718496470494376
14792,490739.2915,0.3719872032822108
2946,490693.0265,0.37212474654671496
11734,490630.52400000003,0.3722622722915125
2144,490616.3215,0.3723997940552911
17594,490473.5424999999,0.37253727579753143
19319,490382.347,0.37267473197729967
11160,490373.7935,0.3728121857594868
18378,490277.943,0.37294961267438637
11073,489831.83900000004,0.37308691454450815
17171,489745.63399999996,0.37322419225101544
2621,489718.9934999999,0.3733614624900815
19451,489275.9985,0.37349860855583517
9985,488975.938,0.3736356705134021
4336,488973.031,0.37377273165612496
3834,488908.9705,0.37390977484242743
8603,488856.246,0.37404680324983663
13504,488775.3675,0.3741838089866712
14594,488611.274,0.3743207687274257
16876,488291.7185,0.3744576388954652
8125,488288.72250000003,0.3745945082237136
9013,488112.75250000006,0.3747313282268505
9119,487976.5635,0.374868110055653
1554,487470.1285,0.37500474992865146
6866,487314.38599999994,0.3751413461463894
3110,487286.426,0.3752779345268249
834,487077.09500000003,0.375414464230924
9138,486857.51649999997,0.3755509323862704
11168,486814.42199999996,0.375687388462052
9638,486796.45900000003,0.37582383950273124
1217,486470.67750000005,0.37596019922552204
899,486459.83699999994,0.3760965559096763
14957,486378.754,0.3762328898659336
10647,486257.8025,0.3763691899189903
18658,486256.6205,0.37650548964072755
13848,486096.57450000005,0.3766417445009157
13135,485790.238,0.3767779134937285
9632,485677.279,0.37691405082367113
387,485514.20050000004,0.3770501424420425
8994,485503.7815,0.3771862311399255
11881,485367.0555,0.37732228151295083
5929,485224.6205,0.3774582919608625
19185,485054.53,0.3775942547317105
11141,485015.152,0.37773020646474387
18386,484901.164,0.37786612624647414
9848,484778.06299999997,0.3780020115224901
10675,484531.30850000004,0.3781378276322093
15027,484523.049,0.37827364142675685
10396,484431.445,0.3784094295443281
4129,484245.76,0.3785451656136336
7739,484181.1845,0.378680883582162
19048,484098.375,0.37881657833884846
12991,484011.395,0.3789522487146848
8227,483944.181,0.37908790025016176
5182,483929.66349999997,0.379223547716324
11350,483693.9065,0.37935912909883385
16680,483658.7155,0.37949470061716234
58,483379.434,0.3796301938517428
3266,483335.979,0.3797656749057088
17707,483311.65799999994,0.3799011491423989
1750,483198.504,0.3800365916615595
6565,482690.5045,0.3801718917863802
3191,482633.222,0.3803071758546816
10198,482462.46499999997,0.38044241205909674
4895,482274.061,0.38057759545309927
19012,482189.18000000005,0.38071275505460994
9166,481944.3105,0.3808478460181971
5615,481870.33300000004,0.3809829162455881
4986,481854.46599999996,0.3811179820253941
11043,481723.0875,0.38125301097926856
8237,481582.776,0.38138800060325506
16180,481465.37049999996,0.38152295731799923
18554,481435.397,0.3816579056310486
6704,481088.9285,0.38179275682755875
16895,480930.44700000004,0.38192756360105556
17332,480917.519,0.38206236675078104
5490,480780.88649999996,0.38219713160185725
14862,480461.67350000003,0.3823318069762226
1649,480449.3305,0.38246647889079444
15734,480438.2615,0.3826011477026802
1707,480393.174,0.38273580387635525
19777,480325.756,0.3828704411524888
11613,480200.72849999997,0.38300504338290214
14242,480123.245,0.38313962389437317
16197,480019.1215,0.38327417521960083
18711,479891.00450000004,0.3834086906331088
14878,479751.7045,0.38354316700025637
12909,479729.97099999996,0.38367763727541493
15673,479663.89599999995,0.3838120890294804
10381,479650.44200000004,0.3839465370123346
983,479284.8555,0.38408088251979594
16632,478870.434,0.384215111863214
15,478647.59750000003,0.38434927874464864
16374,478555.627,0.38448341984637563
12216,478227.834,0.3846174690663825
5504,477944.23350000003,0.384751438792008
4132,477651.3605,0.3848853264241324
5462,477641.9175,0.38501921140934525
15422,477630.9375,0.38515309331681913
18405,477523.02,0.3852869449745759
9338,477139.8115,0.385420689217421
16625,477120.2195,0.38555442796854833
18028,477008.91599999997,0.38568813552084885
3897,476989.25849999994,0.38582183756307165
5536,476986.43749999994,0.3859555388145566
17990,476938.0945,0.3860892265153007
14538,476858.826,0.38622289199675963
6376,476807.6219999999,0.38635654312552775
11662,476789.526,0.3864901891819129
17375,476668.87,0.3866238014179273
1106,476666.626,0.38675741302493927
12792,476632.294,0.38689101500855105
5409,476618.897,0.38702461323692894
1996,476480.0095,0.38715817253457185
651,476466.6285,0.38729172808146567
1792,476185.91,0.38742520494181454
1074,476128.56849999994,0.3875586657291062
598,476018.77900000004,0.38769209574195146
4070,475993.709,0.38782551872757304
10306,475946.5435,0.38795892849251185
4477,475914.69049999997,0.38809232932892435
5139,475414.9835,0.3882255900954186
3597,475341.3425,0.3883588302200391
9850,475155.5615,0.3884920182694846
3291,475079.94649999996,0.388625185123736
13968,474991.5605,0.3887583272030296
3822,474971.92949999997,0.38889146377967365
9346,474876.57349999994,0.38902457362764037
6725,474771.83150000003,0.3891576541159956
14372,474761.1055,0.3892907315978092
7379,474656.99600000004,0.38942377989730365
4937,474627.372,0.38955681989306956
6876,474400.371,0.3896897962595257
12557,474264.88149999996,0.3898227346477202
1201,474215.8915,0.38995565930381715
1497,474147.0755,0.3900885646705075
13933,474038.6805,0.3902214396536356
13887,473959.0735,0.39035429232259555
7127,473503.36850000004,0.3904870172555781
3065,473485.6485,0.39061973722157206
14720,473477.45849999995,0.39075245489187554
974,473429.554,0.39088515913435146
6871,473398.4075,0.391017854646336
1885,473328.77800000005,0.39115053064088656
14558,473304.0595,0.3912831997067403
16870,473296.4655,0.3914158666439648
8205,472845.8205,0.3915484072635506
12041,472665.941,0.391680897462176
19734,472447.417,0.39181332640762945
1121,472401.60399999993,0.39194574251151143
5758,472221.0785,0.3920781080133566
13549,472137.44049999997,0.39221045007112787
6760,472075.6435,0.392342774806947
3049,472029.843,0.3924750867046985
1276,472018.392,0.39260739539268774
9898,471723.5105,0.3927396214241851
18995,471630.8075,0.392871821470652
195,471228.0205,0.3930039086142736
6807,471118.219,0.3931359649800852
4860,470810.1535,0.39326793499387575
16131,470776.5095,0.3933998955771153
930,470773.5915,0.3935318553424275
19797,470715.14800000004,0.39366379872578733
9863,470590.99750000006,0.3937957073092537
146,470429.802,0.3939275707089614
14931,470407.469,0.39405942784863773
15994,470307.9075,0.394191257080818
13351,470281.12600000005,0.39432307880603407
13392,470270.816,0.39445489764131497
389,470216.2105,0.39458670117045064
2794,470214.52999999997,0.39471850422853527
15206,470070.409,0.3948502668889135
17070,469912.9245,0.39498198540574153
2189,469359.21699999995,0.3951135487160901
11772,468962.256,0.39524500075664504
19713,468925.641,0.39537644253386556
7751,468903.529,0.3955078781130019
2881,468877.10850000003,0.39563930628636396
5477,468807.0755,0.3957707148291893
9293,468802.61850000004,0.3959021221226993
992,468683.25100000005,0.3960334959570103
7461,468445.4685,0.3961648031399129
12065,468408.972,0.39629610009269717
12471,468269.441,0.3964273579343708
17481,468257.929,0.3965586125491837
8524,468180.8305,0.3966898455529713
17894,468139.793,0.3968210670537797
8072,468107.532,0.3969522795116977
3780,468085.67150000005,0.397083485842028
1177,467749.524,0.3972145979488377
258,467665.64149999997,0.3973456865430392
7688,467651.1865,0.397476771085445
11121,467476.3925,0.3976078066323769
15875,467407.448,0.3977388228538831
10719,466978.798,0.39786971892303924
8587,466966.673,0.39800061159350825
15057,466886.29500000004,0.3981314817336947
15395,466731.234,0.39826230840964794
8031,466419.314,0.398393047653148
3949,466396.583,0.39852378052505566
4949,466330.392,0.398654494843355
8889,466312.36,0.3987852041072109
2540,466253.68950000004,0.39891589692548546
18090,465893.151,0.39904648868334225
18153,465651.29300000006,0.3991770126474113
18604,465587.7575,0.39930751880221954
4531,465564.8365,0.3994380185321776
19083,465354.5055,0.3995684593054952
8588,465298.5855,0.3996988844042078
6050,465294.55449999997,0.39982930837301467
2796,464935.39,0.3999596316665415
18955,464832.9985,0.40008992625931167
12118,464719.001,0.4002201888981158
18830,464445.96499999997,0.4003503750038111
12025,464301.186,0.40048052052736
14747,464277.353,0.40061065937042134
15195,464237.053,0.40074078691722764
5933,464198.23600000003,0.40087090358347
13750,463965.525,0.40100095501986616
4713,463917.95149999997,0.4011309931212155
254,463796.83050000004,0.4012609972718525
16150,463683.6385,0.40139096969430854
3669,463677.55700000003,0.40152094041209513
5928,463492.6675,0.40165085930459793
2953,463448.3885,0.40178076578551564
17089,463421.6665,0.40191066477614745
16716,462937.292,0.40204042799462353
2973,462888.2785,0.4021701774744149
567,462747.775,0.40229988757049995
2229,462164.26,0.4024294341049412
14026,462035.43999999994,0.402558944530609
12559,462018.574,0.4026884502286679
13020,461918.5145,0.4028179278796392
6537,461914.2335,0.4029474043306288
15586,461799.757,0.40307684869338667
19225,461786.471,0.4032062893320243
1924,461655.8059999999,0.40333569334472746
13467,461436.1825,0.4034650357960643
3034,461234.676,0.4035943217643041
11311,461227.1485,0.4037236056225548
15944,461090.0935,0.40385285106372787
7190,460971.652,0.4039820633052635
19919,460968.528,0.4041112746711292
3154,460859.68450000003,0.4042404555277161
11316,460554.468,0.40436955083086834
456,460518.022,0.40449863591805757
13915,460471.938,0.40462770808771287
379,460446.62799999997,0.40475677316287156
13502,460435.836,0.4048858352129885
9209,460254.995,0.4050148465726326
6824,460161.96400000004,0.4051438318553065
11343,459922.6555,0.40527275005882796
8871,459911.0755,0.40540166501642805
15022,459910.25399999996,0.40553057974375833
12130,459852.2,0.4056594781983147
10075,459830.881,0.4057883706770681
16319,459741.06349999993,0.40591723797960844
7780,459734.248,0.4060461033717362
15850,459648.5,0.40617494472834853
9556,459554.18700000003,0.40630375964864074
12516,459323.3345,0.406432509860032
13145,459290.1595,0.4065612507723349
14912,459079.2625,0.40668993256934516
11267,459041.84300000005,0.40681860387751634
5524,458974.613,0.4069472563408433
19325,458887.3875,0.40707588435450537
7840,458654.856,0.40720444718863597
5513,458565.24249999993,0.40733298490373554
7836,458539.475,0.4074615153960993
2166,458462.5115,0.40759002431527896
15504,458440.919,0.4077185271819924
17878,458379.6605,0.40784701287769753
12294,458283.3545,0.4079754715784365
5984,458256.3295,0.4081039227039573
1826,458226.08050000004,0.4082323653505595
684,458223.1915,0.40836080718736323
18797,458178.7605,0.4084892365699757
9562,458017.55,0.408617620764625
13914,457851.603,0.40874595844365064
14899,457816.76099999994,0.40887428635632106
8544,457430.255,0.4090025059297771
10496,457238.1005,0.40913067164154004
6040,457203.69149999996,0.40925882770831934
12412,457106.886,0.40938695664012065
3955,456412.408,0.4095148909068949
15756,456391.3245,0.40964281926387786
16720,456147.77799999993,0.40977067935377964
7032,456092.36600000004,0.4098985239114709
16726,455973.80799999996,0.4100263352368694
893,455944.34349999996,0.41015413830324776
16277,455791.7755,0.4102818986041911
6507,455426.7265,0.410409556580405
19957,455204.545,0.4105371522782348
14537,455152.1175,0.4106647332804216
6768,455036.564,0.4107922818924892
9258,455032.5965,0.4109198293924503
11318,454972.65449999995,0.41104736009042336
6600,454965.57050000003,0.41117488880272224
15275,454619.7785,0.4113023205881076
2532,454593.8325,0.411429745100723
13461,454585.58400000003,0.4115571673012501
16673,454542.1015,0.41168457731345437
17851,454412.81700000004,0.41181195108668384
15651,454255.936,0.4119392808855268
905,454211.418,0.41206659820579195
17095,453958.11,0.41219384452278757
10511,453805.581,0.4123210480852799
3236,453745.21050000004,0.412448234725674
10975,453701.9015,0.412575409226378
16995,453586.9305,0.41270255150023993
8,453576.239,0.41282969077723064
18546,453515.834,0.4129568131224526
16768,453510.619,0.41308393400588855
13416,453408.50800000003,0.4132110262671932
18692,452936.89650000003,0.4133379863338633
12241,452882.792,0.4134649312348206
4757,452663.964,0.41359181479739343
2458,452662.6525,0.41371869799234745
1215,452625.9415,0.4138455708970578
17466,452521.62799999997,0.4139724145622671
8276,452491.334,0.4140992497359441
1098,452405.653,0.414226060892886
18337,452357.422,0.41435285853048104
17272,452340.1855,0.4144796513366146
15623,452189.715,0.41460640196525084
7502,452085.49450000003,0.41473312338045426
16194,452012.5075,0.41485982433710267
3626,451955.311,0.414986509261338
1780,451898.5795,0.4151131782835016
14220,451865.83150000003,0.4152398381262667
2113,451619.9115,0.41536642903664883
15491,451561.64650000003,0.41549300361511293
3418,451447.384,0.4156195461653304
8414,451161.26399999997,0.4157460085149403
12872,451086.44049999997,0.41587244989121686
7285,450652.98549999995,0.4159987697682821
6277,450432.947,0.41612502796765477
15657,450318.9525,0.4162512542139024
8813,450260.449,0.4163774640613793
10962,450254.72949999996,0.41650367230565705
5251,450206.46,0.4166298670197963
1908,450082.44899999996,0.4167560269731444
13368,450010.49450000003,0.41688216675735157
3750,449982.8655,0.41700829879703694
8607,449820.778,0.41713438540293235
6573,449729.8445,0.41726044651979544
16263,449675.4529999999,0.4173864923904983
7539,449563.3695,0.4175125068437372
7201,449466.8725,0.4176384942484719
8163,449454.9535,0.41776447831226204
1814,449191.69299999997,0.41789038858305616
1974,449075.0915,0.4180162661699724
4701,448791.596,0.4181420642919391
6707,448743.9724999999,0.4182678490648439
12894,448629.499,0.41839360175035784
2520,448469.34,0.41851930954264827
18317,448405.477,0.41864499943387834
15398,448398.882,0.4187706874765029
16208,448308.9535,0.4188963503118007
9260,448305.025,0.41902201204592393
3636,448264.57850000006,0.41914766244272755
845,448157.099,0.4192732827125872
9505,448027.1235,0.41939886654978203
6753,447817.92149999994,0.4195243917467997
6932,447794.468,0.4196499103697052
17335,447501.6455,0.419775346913265
3410,447329.24100000004,0.41990073513113757
14870,447068.608,0.42002605029251305
11196,447060.06649999996,0.4201513630596711
2883,447041.91699999996,0.42027667073944996
10038,447026.196,0.42040197401256824
13753,446995.931,0.420527268802283
15428,446957.529,0.42065255282776
19351,446810.62899999996,0.4207777956765654
17206,446423.75249999994,0.42090293008230384
13270,446403.6195,0.4210280588446799
6594,446295.37000000005,0.4211531572642779
10434,446232.46749999997,0.42127823805204756
354,446128.4695,0.421403289688752
17131,445973.53250000003,0.421528297895981
10207,445840.43299999996,0.42165326879487514
6696,445769.847,0.42177821990822445
12814,445642.1335,0.42190313522295675
6016,445414.81649999996,0.42202798681980325
3700,445288.1195,0.4221528029029618
16950,445262.90199999994,0.42227761191755186
2311,445182.573,0.4224023984155943
1562,445019.62549999997,0.4225271392387853
1016,444969.421,0.4226518659894494
3725,444861.5075,0.4227765624915176
727,444853.417,0.42290125672578555
10124,444814.9405,0.423025940174933
14823,444657.861,0.4231505795940534
14375,444640.36649999995,0.4232752141093938
13891,444487.4995,0.4233998057754882
662,444250.9355,0.4235243311317248
1820,444177.17699999997,0.42364883581315177
11112,443996.91500000004,0.42377328996640207
7815,443618.2224999999,0.4238976379705941
4847,443605.4745,0.42402198240146943
13268,443255.6995,0.4241462287889802
11106,443191.65249999997,0.42427045722385454
1993,443043.1855,0.42439464404282085
3483,442905.353,0.4245187922267731
1838,442763.4825,0.42464290064384325
12609,442756.1735,0.42476700701217085
5241,442748.3225,0.42489111117983097
3367,442579.438,0.4250151680084742
9395,442311.8605,0.42513914983404866
7213,442172.97849999997,0.4252630927304297
19545,442090.63999999996,0.4253870125469922
5104,442037.95200000005,0.42551091759489246
9230,441984.2215,0.42563480758191363
14534,441979.757,0.4257586963175171
9158,441841.47099999996,0.4258825462909886
19960,441568.99199999997,0.4260063198874808
10186,441530.5035,0.42613008269548874
16606,441480.531,0.4262538314960003
5259,441255.07800000004,0.4263775171011129
15652,441161.2655,0.42650117641019764
561,441141.1125,0.4266248300703139
14255,440991.7795,0.42674844187177885
10938,440874.9955,0.4268720209382104
19247,440865.937,0.4269955974655073
3306,440717.0895,0.4271191322702405
5284,440643.8925,0.4272426465575549
8390,440639.62700000004,0.42736615964923214
9176,440361.809,0.42748959486738647
19696,440213.22699999996,0.4276129884373978
2943,440119.89400000003,0.4277363558457871
11366,440114.1485,0.42785972164368924
2654,440091.4805,0.42798308108765815
2094,440080.32599999994,0.428106437404975
19082,439849.18149999995,0.42822972893154204
16288,439832.6475,0.4283530158235613
10322,439820.376,0.42847629927582875
12098,439748.56000000006,0.4285995625977774
4451,439590.4045,0.42872278158809174
18504,439504.3445,0.4288459764554358
9114,439479.3885,0.4289691643275108
19749,439407.5965,0.4290923320759943
8231,439129.45749999996,0.4292154218609772
4529,439015.27699999994,0.42933847964069843
6540,438936.49,0.429461515336101
1030,438933.3855,0.4295845501612995
11630,438903.541,0.42970757662096243
5950,438812.279,0.4298305774995131
13372,438788.99799999996,0.4299535718523041
14143,438764.97849999997,0.4300765594723309
17875,438740.6725,0.4301995402792864
9805,438594.819,0.4303224802029087
16433,438583.6895,0.43044541700688654
6096,438437.40650000004,0.43056831280714053
9447,438259.99199999997,0.43069115887738374
13758,438253.73,0.43081400319236274
5916,438218.7015,0.43093683768870966
12726,437734.00299999997,0.4310595363220825
911,437712.5185,0.43118222893326197
11287,437343.738,0.43130481817375727
658,437235.7755,0.4314273771519218
13639,437136.0215,0.4315499081686317
3627,437069.8535,0.4316724206381802
578,436839.907,0.43179486865278327
16317,436801.71,0.43191730596061084
6709,436371.696,0.4320396227337535
11220,436265.0435,0.43216190961176365
7640,436161.6955,0.43228416752090626
4223,436095.45149999997,0.43240640686158444
19654,436023.2275,0.4325286259575797
1270,435696.86199999996,0.43265075357198896
3495,435639.5905,0.4327728651329623
7287,435476.656,0.4328949310227281
14469,435284.9014999999,0.43301694316292244
91,435282.2645,0.43313895456395485
8349,435169.4325,0.4332609343377156
7515,435115.636,0.4333828990320972
46,435001.4375,0.43350483171617166
13840,434702.088,0.4336266804913556
5427,434684.30299999996,0.4337485242813312
636,434636.99049999996,0.43387035480941927
18473,434575.5685,0.4339921681206693
3082,434530.9225,0.4341139689174627
18492,434508.3945,0.4342357633995655
9945,434472.9815,0.4343575479552593
16418,434469.93850000005,0.4344793316579878
7386,434201.69849999994,0.43460104017194595
1821,434086.75700000004,0.434722716467331
19991,433997.05950000003,0.4348443676201396
13349,433908.8075,0.4349659940355512
19301,433900.2395,0.43508761804931734
1755,433762.1665,0.4352092033606562
13857,433422.94200000004,0.43533069358597876
14808,433420.46199999994,0.43545218311614714
14398,433157.32899999997,0.4355735988890582
10620,432975.70900000003,0.4356949637531397
7670,432938.545,0.4358163181999998
854,432791.2985,0.43593763137306296
12629,432716.26050000003,0.4360589235126675
13057,432669.2255,0.436180202468169
13024,432640.2855,0.43630147331167
13248,432478.43200000003,0.43642269878697215
1035,432333.5195,0.43654388364270724
10816,432302.94600000005,0.43666505992856514
12281,432259.321,0.4367862239861569
6911,432034.4575,0.43690732501358887
3996,431931.9935,0.4370283973199421
221,431898.061,0.43714946011487665
5647,431895.55350000004,0.4372705222069486
19525,431775.24899999995,0.4373915505771767
12625,431745.28449999995,0.4375125705482327
17369,431561.841,0.43763353909932456
9799,431536.0195,0.43775450041254427
16787,431441.058,0.4378754351076667
954,431423.8585,0.4379963649816988
18777,431408.6625,0.4381172905962299
2823,431321.26599999995,0.4382381917131642
1037,431288.94550000003,0.43835908377052996
5782,431169.2035,0.4384799422637229
6778,431012.123,0.4386007567266085
3158,430984.4205,0.4387215634243699
12345,430970.01800000004,0.43884236608505156
15808,430836.637,0.43896313135849285
8022,430802.157,0.4390838869670489
3144,430782.63049999997,0.4392046371022471
10805,430682.499,0.43932535917017584
6013,430609.283,0.43944606071535997
17646,430599.20499999996,0.43956675943563944
7328,430552.145,0.4396874449648082
6818,430485.421,0.43980811179096657
17311,430393.79099999997,0.43992875293286077
11100,430335.7345,0.4400493778012803
11295,430206.9755,0.4401699665780249
4453,430206.061,0.44029055509843146
1339,430133.1715,0.44041112318761266
5423,430080.944,0.44053167663721177
12066,429973.1975,0.44065219988502574
16142,429840.47949999996,0.4407726859314409
7850,429726.755,0.44089314010041314
12636,429692.45399999997,0.44101358465467455
14662,429684.06049999996,0.4411340268562035
10235,429668.102,0.44125446458449963
3519,429442.117,0.44137483896827495
17928,429424.4215,0.44149520839192913
1645,429264.7775,0.4416155330667164
7584,429210.4045,0.4417358425005292
3618,429189.07649999997,0.44185614595601624
11096,429139.2025,0.4419764354316169
743,428982.2555,0.44209668091433085
4086,428851.127,0.4422168896411893
18466,428745.79949999996,0.4423370688443183
1113,428579.3465,0.44245720138998973
2163,428449.321,0.44257729748898117
10005,428370.8615,0.44269737159545347
215,428368.90499999997,0.44281744515351085
17480,428319.639,0.44293750490210665
9116,428185.17150000005,0.44305752695891165
18838,428143.848,0.4431775374325704
10743,428042.5165,0.4432975195025948
4265,427823.9845,0.44341744031720476
10165,427726.3775,0.443537333772173
11233,427711.46900000004,0.4436572230482277
14868,427666.3685,0.4437770996824275
8585,427332.04799999995,0.4438968826052223
18230,427330.29850000003,0.44401666503762505
3040,427128.324,0.44413639085574846
10320,426787.025,0.4442560210063647
13279,426726.615,0.4443756342238106
18723,426593.05700000003,0.4444952100044022
464,426473.355,0.4446147522320331
11964,426362.3525,0.4447342633452087
17290,426204.9925,0.4448537303497321
17240,425992.6905,0.4449731378451355
10093,425938.628,0.44509253018659883
17338,425826.7585,0.4452118911705833
15714,425814.382,0.44533124868538404
9874,425807.269,0.44545060420638183
7273,425760.5415,0.44556994662947
19658,425725.7035,0.44568927928732416
220,425724.8585,0.44580861170832137
15281,425546.247,0.44592789406378375
26,425397.443,0.44604713470887564
17038,425252.528,0.4461663347336997
17607,425232.146,0.44628552904536567
19778,425119.533,0.44640469179114667
8907,425028.862,0.4465238291214751
4735,424925.2485,0.44664293740851524
2490,424759.131,0.44676199913213993
13023,424643.2395,0.44688102837090266
7217,423777.3165,0.44699981488790286
9564,423671.50549999997,0.44711857174564656
12059,423359.1315,0.447237241043679
7946,423293.86549999996,0.4473558920473844
13244,423290.2115,0.44747454202685866
2009,423082.36549999996,0.44759313374624804
773,422802.13649999996,0.44771164691630133
19845,422791.964,0.44783015723496117
11928,422758.80150000006,0.4479486582580366
3878,422681.1385,0.448067137511855
1251,422603.1605,0.4481855949081208
6235,422425.61950000003,0.4483040025389173
497,422247.56200000003,0.4484223602594675
10102,422191.7085,0.4485407023240529
13095,422170.778,0.44865903852173356
19101,422036.224,0.448777337003377
14496,421597.4145,0.4488955124849209
15326,421148.03800000006,0.44901356200439185
3353,421006.9675,0.449131571981224
758,420886.191,0.44924954810390866
217,420868.515,0.4493675192719382
10062,420730.8825,0.44948545186101435
751,420520.83400000003,0.449603325572636
2824,420458.865,0.4497211819140931
10635,420446.459,0.4498390347780977
14506,420420.62299999996,0.4499568804001657
6846,420276.22050000005,0.45007468554562163
19253,420226.821,0.45019247684419544
16062,420211.53599999996,0.45031026385832124
1282,420171.0535,0.45042803952503646
8086,420031.3605,0.4505457760352318
9763,419812.375,0.4506634511628949
5177,419576.34400000004,0.4507810601301022
19085,419428.525,0.4508986276630386
11814,419393.9615,0.45101618550768435
4397,419228.01900000003,0.45113369683796795
486,419035.60049999994,0.4512511542325581
2318,418882.9965,0.45136856885162224
9929,418751.3015,0.45148594655603863
19827,418593.68649999995,0.4516032800803252
13539,418491.67350000003,0.4517205850099501
7391,418231.445,0.4518378169964609
13155,418104.83150000003,0.45195501349268924
14044,417960.2465,0.4520721694611501
13071,417806.067,0.4521892822124658
19580,417620.9595,0.4523063430773913
4789,417588.88950000005,0.45242339495296446
3797,417481.2,0.45254041664272987
8198,417310.4565,0.4526573904723931
1120,417086.72000000003,0.4527743015877993
2319,416981.951,0.4528911833360258
2147,416747.005,0.4530079992279265
16615,416666.69,0.45312479260720384
18880,416401.48750000005,0.45324151164913457
11564,416283.00200000004,0.45335819747909445
15895,416236.625,0.4534748703093914
18553,416197.0675,0.4535915320515591
7460,416123.021,0.4537081730381896
16678,416101.9605,0.45382480812147574
3527,416030.5175,0.4539414231789965
9675,416023.28599999996,0.45405803620949814
18341,415979.8055,0.45417463705223765
11032,415886.59400000004,0.45429121176741205
674,415819.0505,0.4544077675498668
12270,415804.43100000004,0.45452431923441583
3764,415782.54650000005,0.45464086478464993
9888,415773.9469999999,0.454757407924409
13913,415668.764,0.4548739215809424
13193,415650.645,0.454990430158646
19883,415635.103,0.4551069343798633
15620,415263.30299999996,0.45522333438401824
8910,415194.9145,0.4553397152185967
3112,415179.573,0.45545609175288976
10353,415119.667,0.45557245149528586
3103,414900.95350000006,0.4556887499313923
9294,414899.0345,0.4558050478295952
12756,414775.108,0.4559213109906927
12232,414307.83349999995,0.45603744317283457
3150,414233.492,0.4561535545167496
1766,414213.4405,0.4562696602401471
4933,414095.40949999995,0.456385732878972
16756,414078.2465,0.4565018007069377
12107,414036.0625,0.4566178567105555
1973,414030.652,0.456733911197588
2012,413935.0135,0.45684993887675734
18634,413923.0555,0.4569659632040503
5985,413921.834,0.4570819871889519
15962,413763.76399999997,0.4571979668661852
19389,413742.4955,0.4573139405817709
15903,413610.278,0.45742987723624995
13973,413568.15050000005,0.4575458020822183
16327,413525.8135,0.4576617150609521
16046,413400.595,0.4577775929404277
17414,413223.48699999996,0.45789342117580567
8253,413200.48699999996,0.4580092429641895
14199,413104.966,0.4581250379776459
10282,413053.54299999995,0.45824081857702487
18675,412961.82149999996,0.45835657346649183
8110,412864.868,0.4584723011794958
8000,412629.8985,0.4585879630295867
18570,412626.123,0.4587036238213896
13447,412473.29150000005,0.4588192417738972
16674,412260.895,0.4589348001907962
10734,412203.5985,0.4590503425472517
5623,412201.191,0.459165884228875
3373,412131.461,0.45928140636489384
12255,412052.26,0.4593969063005481
1791,411801.97250000003,0.45951233607959124
10416,411757.327,0.45962775334431794
1630,411690.7925,0.4597431519591519
13600,411623.5765,0.45985853173306573
13367,411464.955,0.4599738670447237
1903,411438.913,0.4600891950567025
2284,411436.825,0.46020452248340626
1404,411019.07,0.46031973281167304
16882,410888.4135,0.4604349065163879
2708,410803.48199999996,0.46055005641445557
3014,410682.6085,0.4606651724311862
14230,410671.5585,0.4607802853505566
11726,410603.1135,0.46089537908451333
12239,410537.859,0.4610104545273664
8267,410450.4165,0.46112550545972875
2035,410419.232,0.4612405476509481
19196,410357.48199999996,0.46135557253338955
4164,410325.848,0.4614705885486913
14467,410016.5095,0.4615855178551449
399,409977.2545,0.4617004361582612
14566,409960.8415,0.4618153498607464
11667,409921.31799999997,0.46193025248463276
15603,409801.97099999996,0.46204512165506634
2298,409698.04099999997,0.4621599616934953
19311,409551.4345,0.4622747606375221
11810,409527.44899999996,0.462389552858315
17848,409482.939,0.4625043326027726
19591,409462.30950000003,0.462619106564697
5111,408519.71849999996,0.4627336163145045
16421,408477.8295,0.4628481143226538
18248,408427.1355,0.4629625981210674
19727,408297.62149999995,0.46307704561617646
7511,408264.5985,0.4631914838548034
1053,408057.2155,0.46330586396312634
18901,408002.2315,0.46342022865920884
1488,407969.381,0.4635345841471618
2303,407927.5505,0.46364892790985424
7833,407923.897,0.46376327064845574
5600,407690.6855,0.46387754801691883
5733,407557.41449999996,0.46399178802897495
15979,407470.49199999997,0.46410600367629845
4928,407406.88849999994,0.46422020149530047
7549,407374.77999999997,0.4643343903141584
14094,407233.2025000001,0.4644485394482635
924,406991.97550000006,0.4645626209654527
13811,406949.172,0.46467669048464555
12812,406946.43,0.46479075923524465
4403,406751.7445,0.4649047734147009
19400,406716.644,0.4650187777553433
19971,406534.821,0.46513273113025433
10070,406482.8315,0.4652466699322956
12076,406294.53150000004,0.4653605559530759
15727,406024.44999999995,0.46547436626890587
15720,405973.0375,0.46558816217360155
9449,405937.716,0.4657019481775362
13791,405779.823,0.4658156899234164
14150,405748.2265,0.46592942281266825
13031,405616.294,0.46604311872070014
18540,405545.5115,0.4661567947881075
11226,405447.981,0.46627044351731634
12045,405418.268,0.4663840839178496
11778,405323.441,0.4664976977379865
5731,405137.212,0.4666112593573722
11474,405107.004,0.4667248125093318
13866,405047.7415,0.46683834904976995
19685,404977.82550000004,0.4669518659924671
8500,404927.42850000004,0.4670653688086787
13275,404912.3655,0.46717886740266984
16743,404823.753,0.46729234115821433
13184,404799.363,0.467405808077142
11916,404713.311,0.4675192508753417
13053,404700.325,0.46763269003351243
3876,404560.589,0.46774609002311024
14680,404502.6275,0.46785947376586223
19891,404466.646,0.46797284742285244
6661,404319.612,0.4680861798656104
9299,404016.51800000004,0.4681994273498791
10100,403913.203,0.4683126458745303
17235,403891.5795,0.4684258583380259
130,403411.549,0.4685389362470069
16550,403292.9915,0.46865198092383514
6387,403273.0075,0.46876501999906633
14278,403226.305,0.4688780459833956
1126,403199.5855,0.4689910644781396
9389,403110.417,0.46910405797858795
15329,403109.478,0.46921705121583074
409,403056.3625,0.4693300295645814
18286,403008.29500000004,0.469442994439815
4799,402857.935,0.46955591716852496
14733,402824.677,0.46966883057488135
16035,402720.6815,0.4697817148308732
6559,402678.148,0.4698945871645509
5143,402635.668,0.4700074475909106
9437,402574.10949999996,0.47012029076217077
6426,402232.4875,0.47023303817538553
14217,402218.36850000004,0.4703457816309867
17490,402198.99600000004,0.47045851965639696
6459,402138.72000000003,0.4705712407861975
9655,402029.9845,0.47068393143699216
15296,401820.247,0.47079656329750685
3165,401644.8185,0.47090914598469463
6763,401596.2955,0.47102171507068685
3092,401579.81100000005,0.4711342795360063
5238,401505.1125,0.47124682306303023
4981,401483.56599999993,0.471359360550482
18462,401457.9205,0.47147189084939517
19117,401046.51,0.4715843058282606
588,400999.861,0.47169670773122035
8428,400942.4445,0.47180909354010003
1877,400892.493,0.47192146534736973
890,400463.74250000005,0.4720337169741187
6674,400405.388,0.47214595224386247
12235,400365.313,0.4722581762804196
2523,400258.53099999996,0.47237037038554486
16220,400185.57200000004,0.47248254403996376
13526,399966.054,0.47259465616258833
3043,399958.72599999997,0.4727067662311446
10239,399739.7145,0.4728188149098806
13640,399542.368,0.4729308082715846
12231,399480.01,0.4730427841540859
6512,399396.1155,0.47315473652061535
12014,399360.321,0.4732666788537999
940,399234.64,0.4733785859580855
7880,399157.0475,0.47349047131287564
8626,399114.994,0.47360234487989755
13963,399076.9805,0.47371420779157974
15476,399073.59349999996,0.473826069753872
3974,399063.309,0.47393792883337676
14232,398907.0285,0.4740497441068175
8528,398646.832,0.4741614864461139
3066,398553.27,0.4742732025595986
19509,398363.4805,0.47438486547430936
4913,398360.304,0.4744965274986341
2184,398340.65599999996,0.474608184015544
18411,398333.35,0.4747198384845522
8725,398320.5475,0.4748314893649672
9333,398319.47500000003,0.47494313994475607
19161,398264.20300000004,0.47505477503157706
16092,398122.073,0.4751663702787771
18049,398096.671,0.47527795840569254
3850,398030.015,0.47538952784865823
1860,397997.508,0.4755010881797787
2591,397962.39949999994,0.4756126386698428
16382,397936.634,0.4757241819377319
1760,397927.47250000003,0.475835722637615
16358,397775.9765,0.475947220872549
3854,397709.375,0.47605870043880977
1914,397575.2775,0.47617014241699224
10997,397443.79099999997,0.47628154753897034
3979,397401.109,0.47639294069700916
9616,397393.53750000003,0.47650433173272544
15629,397365.951,0.4766157150358329
3594,397286.088,0.47672707595301445
8319,397277.6225,0.47683843449728164
5732,397157.2525,0.47694975930134503
491,397082.94899999996,0.47706106327783304
10988,397070.4165,0.47717236374141003
1343,397053.0375,0.4772836593335822
12679,396998.3245,0.47739493958947643
6342,396816.1555,0.477506168782654
13594,396802.37950000004,0.4776173941143624
1487,396717.5055,0.4777285956555411
7280,396657.8345,0.47783978047069414
1447,396610.4575,0.4779509520058801
5502,396289.283,0.47806203351453863
17692,396189.6385,0.47817308709243583
5440,396171.2905,0.47828413552731347
12072,395881.895,0.47839510284344755
903,395677.687,0.47850601291924305
2558,395651.134,0.478616915552124
3942,395618.923,0.4787278091561297
14254,395614.6285,0.4788387015563695
2083,395603.3995,0.47894959080907457
1079,395582.2415,0.4790604741311056
16685,395474.0695,0.47917132713208216
19208,395337.3135,0.4792821417997919
14649,395145.4325,0.4793929026824717
18660,395090.718,0.4795036482284531
18390,395077.3665,0.4796143900319544
14268,395017.52,0.47972511506023674
17667,394889.7835,0.47983580428345507
3312,394879.32350000006,0.4799464905746926
4931,394818.8,0.48005715990094516
11010,394653.346,0.4801677828497642
18596,394587.44049999997,0.48027838732500167
6583,394583.88750000007,0.4803889908043187
1799,394382.8125,0.4804995379214899
9152,394380.7145,0.4806100844505831
10776,394363.75049999997,0.4807206262245977
8311,394363.6505,0.4808311679705819
17558,394221.436,0.4809416698532594
5587,394195.4575,0.48105216445405696
11414,394055.65599999996,0.48116261986792164
9353,393993.925,0.4812730579783343
9141,393981.885,0.48138349271388564
2764,393898.15499999997,0.48149390397957514
5977,393729.59699999995,0.481604267997767
12626,393722.168,0.48171462993357983
1781,393677.3685,0.4818249793119094
19633,393581.2975,0.4819353017611442
9971,393479.201,0.4820455955923121
11861,393315.22500000003,0.4821558434603357
1381,393286.75649999996,0.4822660833485222
10334,393112.2865,0.4823762743320534
3253,393052.746,0.48248644862613865
19453,392855.15499999997,0.4825965675346575
2988,392743.297,0.4827066550889209
17221,392669.56200000003,0.482816721974962
15092,392633.5395,0.4829267787637488
17519,392440.678,0.48303678149266743
16819,392400.8495,0.4831467730574945
11943,392386.3865,0.48325676056828337
1947,392098.60650000005,0.4833666674131599
12930,392091.39300000004,0.4834765722360629
3879,392006.80299999996,0.4835864533480425
16293,391896.1355,0.48369630343946873
17680,391614.956,0.4838060747151299
12250,391404.221,0.4839157869209076
6921,391379.527,0.48402549220485597
4026,391365.701,0.48413519361331997
4468,391357.36350000004,0.4842448926847486
14858,391316.542,0.4843545803137436
12976,391303.885,0.48446426439492973
7984,391249.397,0.4845739332029063
7491,391242.06,0.4846835999542918
3968,390871.8385,0.48479316293107483
3379,390623.1025,0.48490265618613865
809,390399.87,0.4850120868682187
449,390370.885,0.48512150942568455
19607,390283.296,0.485230907431595
7553,390142.774,0.4853402660486136
13465,390121.99899999995,0.4854496188423146
6712,389911.78500000003,0.4855589127121706
13978,389736.5955,0.4856681574756925
8141,389681.238,0.48577738672228044
8614,389324.929,0.4858865160939967
13154,389241.6435,0.4859956221204464
3472,389217.99350000004,0.48610472151770423
16699,389179.124,0.48621381001968206
8579,389098.6655,0.48632287596881285
19630,389043.6335,0.48643192649224876
8263,389008.4615,0.486540967156829
16834,388941.2835,0.4866499889911408
9414,388808.8565,0.4867589737056222
19585,388763.1535,0.4868679456093657
1610,388680.78500000003,0.48697689442488135
9639,388511.671,0.4870857958370503
18471,388302.3720000001,0.48719463858185263
16502,388144.3855,0.48730343704239204
14695,387752.9975,0.48741212579527254
12142,387723.5065,0.48752080628170497
18499,387536.638,0.4876294343881317
15811,387428.29650000005,0.48773803212599237
2966,387409.973,0.48784662472770096
4033,387324.69200000004,0.48795519342479604
6657,387262.231,0.48806374461381713
8157,387234.824,0.4881722881205438
11878,387141.2435,0.4882808053962732
4610,386966.2815,0.4883892736294377
10587,386764.379,0.4884976852685046
9827,386757.27749999997,0.4886060949169921
1509,386619.7085,0.4887144660043255
1267,386612.7825,0.4888228351502728
17434,386503.081,0.4889311735464405
13032,386395.2165,0.4890394817077472
16369,386379.3435,0.48914778541978693
1952,386259.397,0.48925605551033163
17392,386135.955,0.48936429099957823
14407,386027.436,0.48947249607050486
13087,385983.088,0.48958068871050553
5631,385959.4075,0.489688874712765
17319,385905.397,0.4897970455756603
5511,385784.3775,0.4899051825162941
12391,385668.49549999996,0.4900132869747289
12817,385594.5455,0.4901213707046759
16013,385468.035,0.4902294189732117
9974,385446.41599999997,0.49033746118185323
6906,385415.1135,0.49044549461627596
6106,385361.4065,0.4905535129964066
12410,385087.3895,0.4906614545684502
19540,385086.30799999996,0.49076939583734486
12215,385044.598,0.4908773254147558
10788,384671.979,0.4909851505455353
8692,384630.57550000004,0.49109296407074426
17050,384371.867,0.49120070507890135
11437,383991.87,0.4913083395723434
11565,383969.9025,0.4914159679082052
19346,383958.9675,0.49152359317894173
1149,383890.02749999997,0.491631199125514
8800,383783.81549999997,0.4917387753004278
16854,383762.9435,0.49184634562483454
13542,383632.07499999995,0.49195387926626494
2910,383603.7585,0.4920614049704644
7016,383479.299,0.49216889578815637
5411,383415.578,0.4922763687445912
14739,383335.2,0.4923838191707434
2202,383276.967,0.4924912532739474
18606,383274.25,0.49259868661556505
19293,383106.392,0.4927060729058981
13122,382999.8355,0.4928134293280078
1295,382980.8135,0.492920780418173
17921,382925.3735,0.4930281159682793
14925,382842.17649999994,0.49313542819792583
2848,382821.69550000003,0.49324273468666413
10125,382678.619,0.49335000107047366
17464,382554.829,0.49345723275543935
14041,382511.608,0.49356445232538176
5401,382315.0455,0.4936716167980506
12152,382289.567,0.4937787741289915
3355,382158.2675,0.49388589465614496
12594,382040.35250000004,0.49399298213124115
16955,381857.62049999996,0.4941000183858095
13434,381852.075,0.49420705308595153
12800,381839.5360000001,0.49431408427136053
2791,381820.8695,0.49442111022447305
17032,381445.244,0.49452803088821995
223,381387.2085,0.4946349352843786
13583,381383.7615,0.4947418387143289
13557,381035.96200000006,0.4948486446546554
19406,380929.61600000004,0.4949554207857626
18557,380909.4345,0.49506219125991274
18425,380799.4695,0.49516893091042313
13904,380756.905,0.4952756586299299
3378,380634.294,0.4953823519810713
7223,380623.167,0.49548904221326906
4953,380440.48600000003,0.49559568123923453
7089,380290.6865,0.49570227827578683
7239,380165.575,0.49580884024307337
7435,380145.375,0.49591539654821715
2429,380139.904,0.49602195131981724
3943,380094.03300000005,0.49612849323358826
7616,379931.31799999997,0.4962349895376785
12515,379829.61199999996,0.4963414573331605
4506,379825.9745,0.4964479241090363
1131,379820.3935,0.49655438932053503
13114,379741.29049999994,0.49666083235913894
19146,379730.275,0.4967672723100531
3867,379596.7695,0.49687367483882894
8919,379290.4335,0.4969799915003697
14321,379186.33950000006,0.49708627898393604
17822,378974.419,0.4971925070653184
4560,378628.056,0.4972986380597338
4496,378591.1455,0.49740475870798484
10409,378453.999,0.4975108409135104
6524,378453.8345,0.49761692307292593
15643,378163.9185,0.49772292396769957
12833,378144.4835,0.49782891941476315
6854,378102.939,0.4979349032167332
16070,378073.729,0.4980408788310208
13947,378061.0195,0.4981468508827834
14728,378043.19,0.49825281793686416
11619,378038.856,0.49835878377610693
1678,377926.23500000004,0.4984647180472223
1499,377771.97849999997,0.4985706090796091
17385,377710.8955,0.4986764829901809
4808,377651.3145,0.4987823401999545
15118,377635.94999999995,0.49888819310299576
14535,377541.1785,0.49899401944119753
16003,377442.17799999996,0.4990998180291538
8624,377420.2215,0.49920561046261325
9579,377386.50899999996,0.4993113934463209
1213,377379.688,0.49941717451807427
1990,377226.882,0.49952291275768024
15986,377189.69500000007,0.4996286405736178
5762,377142.11199999996,0.4997343550518456
5607,377124.302,0.4998400645378575
6751,377071.972,0.49994575935555613
11251,377071.2955,0.500051453983629
4338,377039.1235,0.5001571395937587
9492,376980.85399999993,0.5002628088707088
16049,376974.09700000007,0.5003684762536442
4744,376962.958,0.5004741405142723
14731,376852.33349999995,0.5005797737664001
7088,376646.628,0.5006853493584339
14802,376550.07050000003,0.5007908978850051
19998,376415.602,0.5008964087195052
16914,376333.5535,0.5010018965554748
3357,376321.38,0.5011073809791625
10314,376303.538,0.5012128604016646
12759,376123.578,0.5013182893806418
14177,376106.93299999996,0.5014237136939573
4816,375968.94800000003,0.5015290993295124
17224,375965.272,0.5016344839346696
13818,375930.9395,0.5017398589162865
8986,375926.16500000004,0.5018452325595915
16552,375878.642,0.5019505928820048
6805,375877.994,0.5020559530227813
3389,375761.63700000005,0.5021612805482142
6644,375690.536,0.5022665881437457
820,375643.1985,0.502371882470382
14075,375488.9875,0.5024771335710436
13284,375434.9095,0.5025823695134205
16761,375410.4555,0.5026875986012409
5576,375358.174,0.502792813034343
16108,375118.3215,0.5028979602358071
17630,374972.703,0.5030030666198094
11082,374741.84849999996,0.5031081082943502
3782,374732.581,0.5032131473711727
11103,374575.2725,0.5033181423537787
606,374570.912,0.5034231361141185
10533,374537.2045,0.5035281204261082
13315,374469.7305,0.5036330858248593
4654,374410.39749999996,0.5037380345923276
6790,374347.7895,0.5038429658105171
7320,374290.17999999993,0.503947880880528
12957,374152.7255,0.5040527574214796
16141,374088.59,0.504157615984988
11563,374044.30499999993,0.5042624621352295
14078,373716.832,0.5043672164934484
14814,373705.585,0.504471967699087
10897,373698.32,0.5045767168683164
659,373622.627,0.5046814448204879
18000,373232.9,0.5047860635305857
15754,373174.842,0.5048906659667883
15069,373109.574,0.5049952501081032
7166,373061.186,0.5050998206860636
17245,372993.12,0.5052043721848455
18181,372815.465,0.5053088738862035
13322,372768.1065,0.50541336231278
18088,372752.95200000005,0.5055178464914881
19929,372731.8825,0.505622324764329
19131,372704.5955,0.5057267953885122
18694,372289.427,0.5058311496392649
230,372287.9555,0.5059355034775501
156,372249.5435,0.5060398465487944
15235,372226.2395,0.5061441830878322
6599,372050.37549999997,0.5062484703314706
2834,372030.07,0.5063527518833941
3072,371967.948,0.5064570160222668
10606,371854.603,0.5065612483900719
947,371848.2155,0.5066654789674345
6441,371808.6365,0.5067696984506415
3300,371712.42449999996,0.5068738909652308
3792,371658.15449999995,0.506978068267717
10624,371522.934,0.5070822076673432
10844,371510.197,0.5071863434967364
16301,371483.84,0.5072904719381545
4463,371477.235,0.5073945985281639
11774,371361.647,0.5074986927183838
18423,371317.317,0.5076027744827231
5660,371258.33050000004,0.5077068397129049
17933,371110.1855,0.5078108634174365
6997,371014.67850000004,0.5079148603509651
8340,370955.403,0.5080188406693285
13957,370927.7545,0.5081228132377039
3172,370818.9045,0.5082267552949786
7842,370748.59199999995,0.5083306776433718
9361,370631.17500000005,0.508434567079299
5701,370577.2815,0.5085384414086576
18594,370565.729,0.5086423124998031
11183,370485.287,0.5087461610427266
6101,370368.6375,0.5088499768883177
12732,370095.14999999997,0.5089537160742427
9597,370050.56750000006,0.5090574427635104
16778,370032.18600000005,0.5091611643003684
12081,370020.989,0.5092648826986614
14264,369988.5975,0.5093685920174843
14056,369729.7465,0.5094722287793121
1675,369678.3475,0.5095758511337897
8702,369368.827,0.5096793867284037
12411,369230.438,0.5097828835320145
9615,369203.3275,0.5098863727364411
16204,369172.199,0.5099898532154217
7449,369116.5305,0.5100933180902938
18309,369107.4895,0.5101967804309365
6125,369068.28400000004,0.5103002317821171
12299,369050.3555,0.5104036781078658
5802,368959.59249999997,0.5105070989923739
3045,368931.55,0.5106105120164544
15514,368929.33700000006,0.5107139244202219
1498,368900.1355,0.5108173286386894
19010,368881.615,0.510920727665785
12033,368817.287,0.5110241086614787
8119,368738.234,0.511127467498293
8745,368664.42500000005,0.5112308056461422
698,368624.21249999997,0.5113341325222631
14060,368579.8025,0.5114374469500791
6738,368579.3755,0.5115407612582052
1178,368563.516,0.5116440711208486
12275,368467.206,0.5117473539874048
14412,368362.5685,0.5118506075236411
19262,368199.07550000004,0.5119538152321201
17015,368177.7375,0.5120570169594704
12920,368061.253,0.5121601860357383
15740,368036.812,0.5122633482610939
8703,368012.98699999996,0.5123665038082044
10674,367944.6325,0.5124696401952686
7084,367925.9455,0.5125727713442902
7554,367904.03150000004,0.5126758963507281
5845,367867.912,0.5127790112327221
9680,367790.424,0.5128821043945123
7901,367760.303,0.512985189113263
18169,367594.609,0.5130882273873071
8425,367582.728,0.513191262331058
4498,367381.76700000005,0.5132942409446181
14493,367263.614,0.5133971864394083
12276,367177.7485,0.5135001078657474
19312,367121.4315,0.5136030135062006
9365,366977.82,0.5137058788917624
14624,366957.57849999995,0.513808738603549
5964,366743.3005,0.5139115382523347
9688,366666.3725,0.5140143163378871
15920,366593.6845,0.5141170740486954
15399,366459.353,0.5142197941058342
10641,366425.9245,0.5143225047928277
18826,366355.9585,0.5144251958680648
11093,365991.6365,0.5145277848223535
18745,365864.3365,0.5146303380939311
7080,365738.263,0.5147328560265904
18566,365716.62299999996,0.5148353678934691
5260,365502.689,0.5149378197937715
2663,365480.7745,0.51504026555135
1015,365452.7645,0.5151427034576107
5464,365386.361,0.5152451227506986
17687,365165.49950000003,0.5153474801354035
12099,365055.475,0.5154498066797907
7830,364867.39800000004,0.5155520805054247
5812,364755.0515,0.5156543228398747
13795,364739.83349999995,0.515756560908657
17457,364698.522,0.5158587873976568
10848,364687.0175,0.5159610106618979
11714,364500.695,0.5160631816991795
1028,364485.4565,0.5161653484650472
1209,364403.505,0.5162674922595739
2162,364230.7515,0.516369587630587
2128,364202.91000000003,0.5164716751975139
13990,364054.17049999995,0.5165737210721498
14901,363879.6625,0.5166757180314787
19652,363831.12100000004,0.5167777013844266
17500,363800.929,0.5168796762744331
12946,363799.509,0.5169816507664078
2588,363756.46699999995,0.5170836131935337
15320,363730.165,0.5171855682481014
12108,363713.413,0.5172875186070147
17000,363374.72900000005,0.5173893740314163
8819,363325.6595,0.5174912157014359
8661,363175.42199999996,0.5175930152592692
5546,363115.534,0.5176947980302508
17581,363113.8205,0.5177965803209313
18126,363085.1575,0.5178983545772556
10960,363018.04600000003,0.5180001100219517
14702,362995.3065,0.5181018590926728
11,362953.2315,0.5182035963695991
7125,362932.1655,0.5183053277416394
4976,362886.605,0.518407046342885
9851,362771.7925,0.5185087327617167
16299,362768.497,0.5186104182568063
237,362738.924,0.518712095462463
2595,362687.8015,0.5188137583382735
5621,362609.564,0.5189153992837924
771,362298.551,0.519016953051094
19614,362295.4435,0.5191185059473505
12716,362291.545,0.5192200577508417
19879,362287.2585,0.5193216083528093
9049,362271.7245,0.519423154600533
16508,362230.3615,0.5195246892540385
13636,362216.2355,0.5196262199479684
13189,362187.866,0.5197277426898113
11392,362140.23000000004,0.5198292520790883
4719,361946.6625,0.5199307072106024
5068,361913.3705,0.5200321530102328
19759,361707.67699999997,0.5201335411531327
17094,361660.18700000003,0.5202349159843913
2944,361628.82249999995,0.520336282024052
5263,361500.0505,0.5204376119683939
19003,361468.346,0.5205389330258346
2541,361345.35599999997,0.5206402196086747
11583,361328.8195,0.5207415015562662
17681,361254.3905,0.5208427626411043
8144,361151.679,0.5209439949354883
19457,360998.658,0.5210451843374594
6304,360940.1,0.5211463573253834
19521,360901.165,0.5212475193996674
9575,360680.233,0.5213486195458072
10516,360657.148,0.5214497132211271
16351,360061.95900000003,0.5215506400625332
16952,359973.7,0.5216515421645802
19992,359930.9875,0.5217524322941386
9593,359930.69349999994,0.5218533223412876
9341,359903.7455,0.5219542048348018
14688,359740.3675,0.5220550415327936
13141,359736.17600000004,0.522155877055891
19347,359711.923,0.522256705780773
18994,359656.6765,0.5223575190198348
5130,359607.26499999996,0.522458318408651
9472,359579.671,0.5225591100627559
8599,359461.16500000004,0.5226598684991438
16698,359232.527,0.5227605628473642
7306,359165.36049999995,0.5228612383685395
3858,359097.48600000003,0.5229618948642146
8505,359024.563,0.5230625309192741
11531,359012.7025,0.5231631636497871
13528,358995.246,0.5232637914871715
3166,358815.4195,0.5233643689184517
18911,358678.8315,0.5234649080635563
18511,358557.5825,0.5235654132220696
15821,358413.115,0.5236658778857513
12641,358181.915,0.5237662777431261
15873,358101.011,0.5238666549227785
8883,358089.941,0.5239670289994647
10301,358058.9765,0.5240673943966746
134,358057.4235,0.5241677593585724
9697,358024.0785,0.52426811497373
2112,357890.741,0.5243684332138405
11230,357868.02949999995,0.5244687450878246
12751,357794.401,0.5245690363234387
7215,357650.574,0.5246692872437556
7796,357638.712,0.5247695348391054
10277,357599.62450000003,0.5248697714780689
15050,357576.538,0.524970001645792
3284,357572.815,0.525070230769943
14775,357450.2005,0.5251704255247475
4038,357422.203,0.5252706124317381
4421,357376.098,0.5253707864153084
10857,357363.36199999996,0.5254709568289259
15205,357136.50350000005,0.5255710636531767
4263,356933.1485,0.5256711134761886
7958,356852.18799999997,0.5257711406056407
17128,356634.426,0.5258711066955126
16638,356611.7415,0.5259710664268263
15890,356570.6265,0.5260710146334371
10373,356483.5105,0.5261709384210764
7453,356466.30400000006,0.5262708573856634
4657,356461.575,0.5263707750246922
3659,356267.821,0.5264706383536816
5211,356264.034,0.5265705006211593
19832,356248.99850000005,0.5266703586741248
6875,356138.40849999996,0.5267701857282604
19126,356075.835,0.5268699952427879
8578,356029.76,0.5269697918423042
1729,355994.654,0.5270695786014649
9076,355927.6859999999,0.527169346589221
10374,355879.275,0.5272691010071756
14130,355866.356,0.5273688518038816
7362,355787.94350000005,0.5274685806212428
9006,355752.242,0.5275682994313274
9060,355736.659,0.5276680138734332
11685,355670.29600000003,0.5277677097137184
16341,355660.4985,0.5278674028077244
7794,355536.164,0.5279670610502607
7042,355497.65900000004,0.528066708499688
15544,355479.908,0.5281663509734372
15566,355421.7475,0.5282659771445601
11004,355347.826,0.528365582595184
11193,355335.1295,0.5284651844869269
8634,355298.3155,0.5285647760595549
15229,355244.2255,0.5286643524705343
11896,355145.272,0.5287639011444426
3699,355109.2345,0.5288634397168921
15511,355013.4805,0.5289629514491033
3101,354974.5365,0.5290624522651518
5957,354966.89149999997,0.5291619509382756
14876,354895.24250000005,0.5292614295278912
644,354848.1095,0.529360894905934
6506,354839.2035,0.5294603577875885
19173,354808.54900000006,0.5295598120766611
12809,354755.2135,0.5296592514155747
3161,354725.81,0.5297586825125669
7816,354651.044,0.5298580926523431
16260,354600.027,0.5299574884918452
6889,354514.13899999997,0.5300568602565894
17288,354476.04000000004,0.5301562213420279
5907,354457.1705,0.5302555771382682
16292,354424.468,0.5303549237678639
9300,354405.67799999996,0.5304542651305456
10123,354167.191,0.5305535396443447
1494,354096.99250000005,0.5306527944812169
15517,354093.6185,0.5307520483723431
7631,353967.03599999996,0.5308512667818762
13373,353626.24100000004,0.5309503896651754
19775,353605.189,0.5310495066475127
5847,353583.594,0.5311486175766832
8430,353502.428,0.5312477057546916
17773,353472.86100000003,0.5313467856449487
17574,353348.617,0.531445830709104
19748,353289.2055,0.5315448591199725
6765,353234.59449999995,0.5316438722231541
13822,353197.0295,0.5317428747967125
14658,353143.942,0.5318418624896271
3007,353127.8785,0.531940845679877
13922,353060.02599999995,0.5320398098507932
19071,352987.303,0.5321387536371549
9650,352923.7635,0.5322376796131345
11379,352909.83150000003,0.5323366016839174
13217,352784.744,0.532435488692162
17891,352622.56200000003,0.5325343302401279
8786,352582.831,0.5326331606513317
16624,352434.8685,0.532731949588041
11600,352341.18,0.5328307122634801
18806,352313.836,0.5329294672742841
7681,352229.848,0.5330281987429077
9384,352169.03150000004,0.5331269131644175
7931,352159.8135,0.533225625002084
18714,352159.601,0.533324336780186
16324,352109.02499999997,0.5334230343816281
7736,352063.28099999996,0.5335217191608396
11212,352063.2495,0.5336204039312216
18296,351839.008,0.5337190258457929
15682,351777.735,0.5338176305852914
11524,351685.50299999997,0.5339162094717828
334,351456.062,0.5340147240450223
14981,351449.3275,0.5341132367305539
3085,351207.07149999996,0.5342116815107368
14047,351158.89550000004,0.5343101127869897
12966,351128.81700000004,0.5344085356321158
826,351078.1385,0.5345069442718507
17994,351015.49199999997,0.5346053353515154
819,351002.3705,0.5347037227531699
19217,350988.524,0.5348021062735936
18699,350794.9215,0.534900435526444
4385,350680.506,0.5349987327081611
17438,350657.713,0.535097023500907
7678,350586.6895,0.5351952943854752
14355,350523.177,0.5352935474672295
12018,350385.6875,0.535391762010114
12463,350362.52650000004,0.5354899700608753
15420,350248.60199999996,0.5355881461781329
1595,350235.8015,0.5356863187073578
12547,350172.059,0.535784473369299
9903,350063.264,0.5358825975355562
10534,350022.3245,0.535980710226304
19481,349956.344,0.5360788044224475
661,349881.672,0.5361768776877236
12911,349665.7435,0.536274890427357
4596,349662.83,0.5363729023503244
17227,349405.9425,0.5364708422666737
10996,349346.727,0.536568765584676
16797,349338.5335,0.5366666866060066
3586,349237.4265,0.5367645792866312
19002,349048.47849999997,0.5368624190043576
15879,349031.3305,0.5369602539154295
6480,348887.2895,0.5370580484512193
6221,348829.1985,0.5371558267038639
19273,348805.2615,0.5372535982468694
3498,348776.108,0.5373513616180294
3197,348768.1645,0.5374491227625939
14832,348764.174,0.537546882788605
17950,348731.5075,0.5376446336580623
10200,348661.8840000001,0.5377423650117675
6509,348577.809,0.537840072798906
16474,348500.254,0.5379377588470603
11009,348465.76399999997,0.5380354352275265
14562,348361.169,0.5381330822895858
9308,348288.1365,0.5382307088803364
13897,348264.50049999997,0.5383283288458194
7341,348164.51100000006,0.5384259207838362
18444,348128.0515,0.5385235025021058
6184,348121.74700000003,0.5386210824531983
11826,348039.0935,0.5387186392361762
8343,347966.098,0.5388161755582167
11306,347964.58150000003,0.538913711455176
17616,347876.105,0.5390112225518101
18363,347872.811,0.5391087327251225
18655,347806.7175,0.5392062243721562
19817,347776.4075,0.5393037075231728
7290,347737.43899999995,0.5394011797511592
8985,347716.1195,0.5394986460032025
9746,347713.783,0.5395961116003154
4283,347632.713,0.5396935544731754
14791,347625.06299999997,0.5397909952017088
19214,347590.178,0.5398884261518341
18707,347222.941,0.5399857541639245
6516,347188.983,0.5400830726574485
5188,347141.8515,0.5401803779398201
1691,346974.76050000003,0.5402776363859002
19303,346940.3285,0.5403748851805497
11177,346910.08700000006,0.5404721254983829
3947,346865.643,0.540569353358381
11042,346856.575,0.5406665786765815
1596,346802.2015,0.5407637887536673
10711,346769.396,0.5408609896352371
19997,346668.8865,0.5409581623435826
2601,346479.5925,0.5410552819920448
2507,346413.55799999996,0.5411523831307663
10597,346266.559,0.5412494430650662
8862,346150.24,0.5413464703946741
10627,346146.2235,0.5414434965984406
6206,346097.8815,0.5415405092517465
7058,346044.64499999996,0.5416375069826436
7677,345940.42850000004,0.5417344755012289
10524,345910.7525,0.5418314357015099
19067,345854.16349999997,0.5419283800396626
5043,345840.8665,0.5420253206506117
14748,345592.62100000004,0.5421221916773307
2538,345583.842,0.5422190602432599
8663,345565.0075,0.5423159235298018
18241,345536.354,0.5424127787846503
1104,345372.05,0.5425095879844148
7827,345341.477,0.5426063886144423
5896,345331.13300000003,0.5427031863450043
6213,345320.4655,0.5427999810854223
13100,345267.8235,0.542896761070072
16751,345142.47599999997,0.5429935059193044
6363,345141.12,0.5430902503884444
998,345043.7815,0.5431869675732043
251,344960.294,0.543283661356076
18151,344851.68600000005,0.5433803246956808
12837,344698.351,0.5434769450548571
11866,344143.734,0.5435734099526174
9881,344101.13300000003,0.5436698629091429
17575,344095.24950000003,0.5437663142164993
10147,343934.034,0.543862720334491
17330,343884.529,0.5439591125760286
5944,343853.19,0.544055496033116
13035,343838.09500000003,0.5441518752590132
14166,343783.16,0.544248239086405
11313,343652.4305,0.5443445662697826
15542,343625.773,0.5444408859809537
10454,343598.42449999996,0.5445371980262284
14879,343565.851,0.5446335009410176
12688,343537.5245,0.5447297959157729
9870,343528.8985,0.544826088472625
3404,343519.426,0.5449223783742968
11579,343469.867,0.5450186543843778
15917,343425.54850000003,0.5451149179718019
19867,343410.99799999996,0.5452111774806611
11908,343284.461,0.5453074015206811
240,343222.2915,0.5454036081343359
8888,343075.5525,0.545499773616448
4579,343044.77800000005,0.5455959304723418
8053,342846.449,0.5456920317358047
12887,342813.36699999997,0.5457881237262477
18426,342684.1085,0.5458841794850038
5824,342506.7715,0.5459801855354728
13058,342367.885,0.546076152655487
3921,342242.81200000003,0.5461720847170273
10386,342209.3985,0.5462680074126267
2838,341907.51700000005,0.5463638454896056
18762,341884.3035,0.5464596770597453
11241,341876.30700000003,0.5465555063884334
19497,341834.5405,0.5466513240098004
862,341768.947,0.5467471232450409
6350,341714.15050000005,0.5468429071205981
7245,341651.54250000004,0.5469386734468766
13659,341503.5225,0.547034398282543
10626,341415.56,0.5471300984619604
14512,341394.907,0.5472257928522574
14169,341228.4315,0.54732144057879
4450,341221.7225,0.5474170864247625
13803,341120.757,0.5475127039696919
7529,341087.54,0.5476083122037603
2669,341002.4805,0.5477038965953024
4405,340860.1445,0.547799441089481
15705,340853.41549999994,0.5478949836974933
4848,340817.702,0.5479905162948653
8175,340798.1235,0.5480860434043037
10571,340797.39800000004,0.5481815703103814
17562,340655.838,0.5482770575366115
9393,340545.566,0.5483725138531484
3422,340470.456,0.5484679491160449
12397,340349.654,0.5485633505176462
9508,340274.92650000006,0.5486587309728231
5136,339993.3615,0.5487540325041778
16498,339961.2975,0.5488493250478618
16085,339944.4495,0.5489446128689826
17998,339911.121,0.5490398913479883
683,339871.41549999994,0.5491351586973797
13844,339857.669,0.5492304221935709
5047,339770.826,0.5493256613473136
5437,339513.1655,0.5494208282777632
14595,339455.8975,0.5495159791557579
1379,339418.92199999996,0.5496111196693685
10138,339348.5805,0.5497062404659687
6917,339277.50950000004,0.5498013413410766
2801,339199.6365,0.5498964203880636
1747,339137.4275,0.5499914819976134
10777,339114.818,0.5500865372696276
15965,339112.90099999995,0.550181592004299
2485,339090.36600000004,0.5502766404223175
19826,339030.849,0.5503716721574773
17219,338974.932,0.550466688218873
1723,338936.92,0.5505616936253495
3973,338910.5915,0.5506566916518396
287,338877.608,0.5507516804329196
14480,338873.735,0.5508466681283818
11620,338827.6215,0.5509416428980412
11622,338805.4095,0.551036611441586
13251,338798.058,0.5511315779244753
6201,338736.912,0.5512265272678903
1431,338709.657,0.5513214689716174
5026,338659.6075,0.5514163966462646
12815,338586.771,0.5515113039045427
3000,338545.444,0.5516061995786934
10336,338475.88149999996,0.5517010757541906
9313,338347.801,0.5517959160281992
10792,338345.324,0.5518907556078945
12585,338341.845,0.5519855942124119
4527,338287.0965,0.5520804174707006
5070,338244.1625,0.5521752286944132
10968,338092.305,0.5522699973518468
2080,338084.2265,0.5523647637448438
16032,337800.67299999995,0.5524594506566338
9951,337795.055,0.5525541359936753
16344,337775.683,0.552648815900666
1181,337749.4715,0.5527434884604657
7733,337636.919,0.5528381294713389
7870,337634.0575,0.552932769680122
3013,337632.424,0.5530274094310282
3803,337627.9795,0.5531220479361231
1627,337587.4445,0.5532166750790913
1285,337543.59900000005,0.5533112899319864
18045,337521.732,0.553405898655472
11864,337452.7875,0.5535004880535317
18991,337363.4,0.5535950523959093
5784,337353.2095,0.553689613881848
14830,337312.421,0.5537841639346032
8459,337301.57399999996,0.5538787109468998
18068,337286.828,0.5539732538258323
17376,337280.77800000005,0.554067795008925
1333,337240.953,0.554162325028907
7493,337222.713,0.5542568499361425
2864,337179.9245,0.5543513628495862
4935,337151.16000000003,0.5544458677002227
18524,336961.7765,0.5545403194658888
4276,336960.154,0.5546347707767615
12881,336932.0035,0.5547292141969337
16251,336908.9225,0.5548236511474072
6693,336834.9425,0.5549180673609837
5294,336784.58900000004,0.5550124694602679
1557,336578.557,0.555106813807939
14399,336536.0425,0.5552011462386217
17705,336455.11199999996,0.5552954559841539
1070,336433.158,0.5553897595758899
7093,336369.7785,0.5554840454020925
11589,336342.885,0.5555783236899371
17650,336338.391,0.555672600718095
6879,336192.782,0.555766836931454
13778,336129.70149999997,0.5558610554630905
19511,335935.86199999996,0.5559552196607216
17542,335912.93799999997,0.5560493774326615
3464,335840.113,0.5561435147914557
15559,335762.9145,0.5562376305111943
2111,335638.0255,0.5563317112240349
18652,335622.61350000004,0.5564257876168288
10853,335539.724,0.5565198407753564
19434,335505.874,0.5566138844455905
17356,335459.80649999995,0.5567079152029156
17127,335455.377,0.5568019447186338
5702,335395.82200000004,0.5568959575408415
12481,335359.136,0.5569899600798133
7302,335357.338,0.5570839621147984
10813,335348.8915,0.5571779617821948
1334,335342.9795,0.5572719597924335
11625,335340.284,0.5573659570471124
6273,335298.317,0.5574599425382695
32,335256.869,0.5575539164113824
19956,335214.8295,0.5576478785006513
13634,335137.65949999995,0.5577418189588533
3334,335086.5719999999,0.5578357450970198
9336,335026.431,0.5579296543774178
18772,334933.36100000003,0.5580235375699137
17246,334876.927,0.5581174049437284
3215,334869.1655,0.5582112701419628
10786,334811.1375,0.5583051190747113
8755,334743.9835,0.5583989491839185
3438,334684.5475,0.5584927626329715
5392,334652.2345,0.5585865670245584
10546,334634.8715,0.5586803665492253
16893,334626.481,0.5587741637220006
4143,334609.74700000003,0.5588679562041673
3188,334604.923,0.558961747334147
14151,334524.3315,0.5590555158739993
3788,334485.619,0.5591492735625793
6791,334428.7055,0.5592430152980722
9866,334194.8665,0.559336691487536
9828,334067.3955,0.5594303319463564
1391,334011.20550000004,0.5595239566548899
3888,333652.7675,0.5596174808917842
11949,333567.6535,0.5597109812708758
19412,333528.70700000005,0.5598044707331041
16949,333450.7285,0.5598979383376396
15179,333425.3605,0.5599913988314207
783,333403.299,0.5600848531412731
18674,333332.8305,0.5601782876985163
15391,333329.153,0.5602717212249413
2291,333319.852,0.560365152144258
13223,333006.592,0.5604584952555138
9382,332940.521,0.5605518198467979
4771,332836.637,0.5606451153189714
3721,332825.4155,0.5607384076457126
13850,332792.50049999997,0.5608316907462445
5589,332575.94,0.5609249131439814
14977,332449.0424999999,0.5610180999718296
15282,332375.25899999996,0.5611112661178607
18101,332374.73,0.5612044321156108
12731,332302.1805,0.5612975777774389
5678,332299.93299999996,0.5613907228092838
8476,332208.6965,0.561483842267164
2210,332070.41,0.5615769229627721
10655,331946.836,0.5616699690200819
15776,331902.5535,0.5617630026648258
17959,331876.9685,0.5618560291379893
14900,331874.708,0.5619490549775255
5374,331867.816,0.5620420788852057
7532,331767.95,0.5621350748000374
7860,331692.493,0.562228049563963
12874,331617.63,0.5623210033434831
19456,331607.256,0.5624139542151286
7738,331526.0045,0.5625068823116459
13194,331515.97000000003,0.5625998075954517
17467,331456.6325,0.5626927162467134
8902,331437.206,0.5627856194526476
2855,331243.40900000004,0.5628784683364891
2022,331230.8985,0.5629713137135863
1741,331217.91949999996,0.5630641554526167
1486,331187.045,0.5631569885373983
13746,331052.569,0.5632497839280064
15285,330969.7115,0.563342556093318
4883,330950.7575,0.5634353229457458
9238,330947.1645,0.563528088791041
19972,330927.0625,0.5636208490016633
9250,330812.189,0.5637135770127731
14129,330800.7355,0.5638063018134202
1044,330663.16099999996,0.5638989880513714
15942,330142.027,0.5639915282133287
10260,330003.0985,0.5640840294330586
1417,329907.1385,0.5641765037548074
17639,329869.246,0.5642689674551336
7773,329799.299,0.5643614115490291
18067,329797.1005,0.5644538550266761
5227,329718.734,0.5645462765378723
2462,329618.88200000004,0.564638670060144
15028,329546.7685,0.5647310433687064
2725,329536.83749999997,0.5648234138935688
2078,329406.0025,0.5649157477448451
14687,329286.0255,0.565008047966077
10471,329279.86750000005,0.5651003464611962
3892,329255.9525,0.565192638252843
13313,329245.9965,0.5652849272537823
15582,329172.68299999996,0.5653771957046474
2515,329151.606,0.565469458247543
7771,329053.82999999996,0.5655616933834254
3283,329023.649,0.56565392005945
2493,328858.6075,0.5657461004736665
3549,328796.8115,0.565838263566211
4561,328773.8835,0.5659304202319433
4734,328761.201,0.5660225733427189
16607,328703.7615,0.5661147103529673
3515,328681.83349999995,0.5662068412167077
8629,328645.17799999996,0.5662989618057613
15889,328627.4125,0.5663910774150724
77,328595.525,0.5664831840861869
13314,328568.9565,0.566575283310042
12338,328514.7,0.566667367325578
9438,328496.182,0.5667594461504427
16052,328470.9295,0.5668515178969283
9539,328428.051,0.5669435776243948
11629,328283.3245,0.5670355967844308
198,328256.701,0.5671276084817907
14974,328197.292,0.5672196035265646
17077,328069.5005,0.5673115627508578
17482,328059.85,0.5674035192700764
4573,328052.458,0.567495473717287
8426,328043.199,0.5675874255691621
1153,328000.5425,0.5676793654642455
2439,327946.017,0.567771290075608
14492,327938.635,0.5678632126177657
1185,327926.5325,0.5679551317675432
7250,327694.261,0.5680469858106681
16335,327651.939,0.5681388279907631
18847,327518.5725,0.5682306327876822
10069,327371.3025,0.5683223963042171
12207,327368.309,0.5684141589816618
16664,327364.04,0.5685059204624883
12211,327347.42799999996,0.5685976772869031
15270,327254.331,0.5686894080158478
1639,327243.39300000004,0.5687811356788262
12080,327053.944,0.5688728102384742
14670,327006.7545,0.5689644715707121
15334,326942.307,0.5690561148380519
1551,326828.75649999996,0.5691477262767216
16976,326776.99450000003,0.5692393232062907
5555,326744.2355,0.5693309109533781
818,326730.7375,0.5694224949169208
11872,326694.6135,0.5695140687547583
4117,326689.931,0.569605641280072
4738,326320.496,0.5696971102512424
17838,326223.6715,0.569788552082109
19873,326157.243,0.5698799752927951
11398,326151.18299999996,0.5699713968048384
10121,326141.7885,0.5700628156835649
17622,325917.9905,0.5701541718307956
4469,325655.844,0.570245454497289
5652,325618.24,0.5703367266232272
3456,325580.423,0.5704279881489055
19889,325561.0285,0.5705192442382261
12701,325481.793,0.5706104781175115
12495,325341.69550000003,0.570701672726894
19021,325270.75599999994,0.5707928474516443
18590,325251.3045,0.5708840167240594
15431,325102.1045,0.5709751441751036
11036,325101.7365,0.5710662715229959
15245,324957.9105,0.5711573585558715
11776,324869.2485,0.5712484207364255
484,324568.5685,0.5713393986351444
9464,324380.406,0.5714303237911439
8857,324327.88,0.5715212342238907
16244,324324.641,0.5716121437487325
495,324205.6265,0.5717030199133226
16179,323934.567,0.571793820098825
15564,323901.5455,0.5718846110282657
11083,323834.4325,0.5719753831456577
3324,323801.4575,0.5720661460200223
2420,323697.245,0.5721568796831963
13708,323695.1655,0.5722476127634779
4500,323674.1085,0.5723383399413963
1294,323670.948,0.5724290662334136
19300,323645.853,0.5725197854911996
15840,323363.506,0.5726104256059654
19440,323346.213,0.5727010608734326
7526,323296.4665,0.5727916821967521
5727,323262.5805,0.5728822940216871
5776,323218.8515,0.5729728935892043
6231,323167.0245,0.5730634786294011
8445,323071.0835,0.5731540367769429
2432,322890.978,0.5732445444401755
1171,322809.7585,0.5733350293372498
5300,322807.48350000003,0.5734255135966322
8711,322674.8995,0.5735159606921765
19020,322498.69499999995,0.573606358396878
14131,322416.094,0.573696732948181
2984,322304.3455,0.573787076175922
18063,322193.20149999997,0.5738773882495446
9574,322101.4205,0.573967674596577
12321,322085.926,0.5740579566004378
637,322075.90949999995,0.5741482357966325
8216,321861.196,0.574238454807754
10456,321802.615,0.5743286573983815
11511,321709.819,0.57441883397791
3882,321692.106,0.5745090055924122
4200,321676.41000000003,0.5745991728072614
15198,321594.279,0.5746893170004549
16802,321507.34750000003,0.5747794368263931
2557,321495.576,0.5748695533527316
17504,321451.44,0.5749596575075685
19198,321323.3105,0.5750497257471819
5110,321276.28500000003,0.5751397808053553
10772,321245.31,0.5752298271811093
6308,321192.1175,0.5753198586467877
13664,321181.1865,0.575409887048462
7342,321170.333,0.5754999124078558
14102,321147.2645,0.5755899313010546
12615,321011.68350000004,0.5756799121903441
18979,320990.194,0.5757698870560386
15636,320940.937,0.5758598481147944
12657,320880.182,0.5759497921436749
17234,320606.39900000003,0.5760396594300595
13119,320497.112,0.5761294960828505
14741,320468.77,0.5762193247912628
6505,320371.4165,0.5763091262110905
640,320300.37899999996,0.5763989077188161
10599,320233.08050000004,0.5764886703624965
4275,320182.8395,0.576578418923419
19240,320136.5415,0.5766681545068224
19488,320107.066,0.5767578818281226
18225,320104.7345,0.5768476084958937
3638,320078.8435,0.5769373279063115
16230,320065.2975,0.57702704351973
16492,320043.6110000001,0.5771167530543339
11179,320037.28449999995,0.5772064608155938
11264,319906.45550000004,0.5772961319049493
12303,319830.18350000004,0.577385781614951
3620,319830.1385,0.5774754313123389
15117,319828.89550000004,0.577565080661309
16192,319624.1985,0.5776546726328716
19094,319611.69,0.5777442610982506
13763,319600.848,0.5778338465245727
12960,319411.407,0.5779233788498067
12568,319409.994,0.578012910778971
9607,319289.169,0.5781024088403931
1483,319271.5965,0.5781919019761714
14052,319234.4365,0.5782813846958497
5302,319043.229,0.5783708138192828
4625,319025.6375,0.5784602380117464
18253,318987.7585,0.5785496515865712
12932,318841.834,0.5786390242581613
8232,318812.854,0.5787283888065385
13263,318784.3985,0.5788177453787227
4696,318777.214,0.578907099937062
13225,318724.8835,0.578996439826948
17301,318713.0495,0.5790857763997153
9643,318648.99199999997,0.579175095016903
1115,318552.3015,0.5792643865313478
18641,318548.3435,0.5793536769363489
17537,318499.798,0.5794429537338475
10722,318470.91,0.5795322224339216
236,318470.5075,0.5796214910211731
3995,318438.5645,0.579710750654671
13448,318405.6645,0.5798000010661641
3903,318311.06700000004,0.5798892249615908
12927,318195.885,0.5799784165710311
17815,318184.3045,0.5800676049344099
8092,318135.015,0.58015677948174
13551,317956.9925,0.5802459041286345
6264,317952.21599999996,0.5803350274366565
10458,317947.284,0.5804241493622186
7364,317942.2855,0.5805132698866808
5399,317876.3435,0.5806023719273303
13508,317849.055,0.5806914663189017
293,317785.5365,0.5807805429059772
6241,317677.27,0.5808695891455096
19741,317656.78750000003,0.5809586296437134
3978,317630.1035,0.5810476626622826
14164,317606.773,0.5811366891412172
7009,317597.922,0.5812257131391803
5747,317562.508,0.5813147272104541
9696,317529.68299999996,0.581403732080746
4400,317485.872,0.5814927246706353
4921,317480.455,0.5815817157421173
12697,317460.81649999996,0.5816707013088473
2224,317417.834,0.5817596748274066
17217,317394.728,0.5818486418692594
10663,317382.4895,0.5819376054806107
1957,317301.90150000004,0.5820265465028156
13556,317282.80549999996,0.5821154821723334
16747,317217.57499999995,0.582204399557475
3465,317047.9625,0.5822932693995384
5334,316984.1055,0.5823821213422232
11676,316945.8305,0.5824709625562688
18737,316932.091,0.5825597999190764
1376,316821.212,0.5826486062020461
2631,316692.80299999996,0.5827373764914473
2657,316688.3155,0.5828261455229841
1804,316675.4695,0.5829149109537343
13327,316511.228,0.5830036303469196
6570,316473.4255,0.5830923391439093
13686,316461.3965,0.5831810445691212
1697,316343.728,0.5832697170113708
8728,316330.038,0.5833583856162572
6360,316248.648,0.5834470314071933
8384,316090.86049999995,0.5835356329696473
10867,316029.6655,0.583624217378892
11496,316026.502,0.5837128009013948
14329,315967.3495,0.5838013678432097
13139,315912.6885,0.5838899194633224
9490,315875.5205,0.5839784606650924
8750,315809.3945,0.584066983331474
7622,315758.544,0.5841554917442522
9731,315732.309,0.5842439928032525
4865,315710.5935,0.5843324877753092
19670,315696.66500000004,0.5844209788431504
1214,315690.5925,0.5845094682088449
1163,315632.073,0.5845979411712839
15957,315620.9525,0.5846864110166013
17478,315550.3695,0.5847748610772148
2405,315503.9335,0.5848632981216273
6090,315490.731,0.5849517314653251
508,315473.30100000004,0.5850401599233225
2193,315417.3095,0.5851285726866731
7809,315370.9915,0.5852169724668986
7888,315331.416,0.5853053611539495
728,315331.1925,0.5853937497783525
15923,315180.5185,0.5854820961682163
4658,315085.0865,0.5855704158080998
6177,314982.72,0.5856587067542341
2738,314881.52,0.585746969333594
8605,314494.581,0.585835123452368
18187,314452.31200000003,0.5859232657229682
12262,314421.297,0.5860113992999368
1194,314398.372,0.5860995264509341
8637,314319.2415,0.5861876314213282
3042,314258.74,0.5862757194329042
15133,314258.3415,0.5863638073327789
17796,314241.537,0.5864518905222836
18619,314144.1075,0.5865399464019004
16838,314064.452,0.5866279799537545
7939,314042.50899999996,0.5867160073548957
4333,314026.19299999997,0.5868040301825954
8453,313893.404,0.5868920157889947
19491,313862.016,0.5869799925972091
12461,313795.70650000003,0.5870679508185991
2409,313764.28,0.5871559002310125
6773,313683.0415,0.5872438268719417
9840,313674.927,0.5873317512383432
19954,313552.993,0.5874196414261454
17196,313420.7245,0.5875074945385453
10340,313316.6315,0.5875953184732513
6779,313305.1675,0.5876831391945511
5580,313304.455,0.587770959716134
7044,313199.897,0.5878587509296817
7370,313151.88899999997,0.5879465286863902
1537,312876.78599999996,0.5880342293306015
1618,312849.8545,0.588121922425803
9715,312816.75800000003,0.58820960624392
4108,312796.9915,0.5882972845214062
2992,312784.0695,0.5883849591768029
13224,312538.451,0.5884725649843283
19149,312524.63249999995,0.5885601669184716
13918,312511.496,0.5886477651704001
8772,312481.7875,0.5887353550949145
19553,312380.223,0.5888229165504836
13469,312291.06799999997,0.5889104530155412
8589,312205.5145,0.5889979654996024
4550,312131.1065,0.5890854571267966
14013,312047.5105,0.5891729253216896
18105,311991.3075,0.5892603777626516
8202,311932.691,0.5893478137731687
19923,311829.5255,0.5894352208659738
9578,311760.909,0.5895226087252929
7043,311680.864,0.5896099741476708
2419,311680.8295,0.5896973395603782
14380,311673.43649999995,0.5897847029007974
109,311664.212,0.5898720636555514
4393,311616.4705,0.5899594110281676
5340,311610.146,0.5900467566280004
13956,311572.91949999996,0.5901340917930931
2945,311449.542,0.5902213923749672
8545,311443.988,0.5903086914000323
1257,311373.6515,0.5903959707094885
13627,311347.6665,0.5904832427352429
417,311270.16349999997,0.5905704930365889
6829,311170.076,0.5906577152829989
5283,311091.1,0.5907449153921128
14457,310976.4965,0.5908320833773963
4226,310918.49549999996,0.5909192351047621
12997,310891.5285,0.5910063792731673
10332,310883.6725,0.5910935212395035
2100,310858.3835,0.5911806561172296
7763,310852.83400000003,0.5912677894394082
14364,310841.862,0.59135491968609
6650,310733.48600000003,0.5914420195545355
5902,310721.474,0.591529116055968
2098,310660.734,0.5916161955317298
543,310657.978,0.5917032742349736
15614,310621.69450000004,0.5917903427678038
5213,310578.72199999995,0.5918773992552663
2182,310494.817,0.5919644322238137
4252,310343.8675,0.5920514228805982
6572,310307.7525,0.5921384034142003
13361,310303.7415,0.5922253828235027
5262,310232.9655,0.5923123423940024
19040,310164.3245,0.592399282724149
9392,310105.85099999997,0.5924862066639339
3094,310096.5735,0.5925731280031976
690,310010.76,0.592660025288586
6253,309995.54349999997,0.592746918308727
17940,309937.812,0.5928337951464923
4243,309786.11950000003,0.5929206294642286
18354,309777.962,0.5930074614953843
2565,309777.458,0.5930942933852666
1492,309762.0055,0.5931811209437501
5473,309749.376,0.593267944962133
7558,309728.863,0.593354763230638
7268,309727.7725,0.5934415811934712
14202,309723.3975,0.5935283979299742
14033,309694.922,0.5936152066846779
10453,309626.941,0.593701996384029
1105,309590.172,0.5937887757768787
7760,309580.403,0.5938755524314379
18083,309573.6575,0.5939623271952057
3728,309470.101,0.5940490729316625
17999,309355.527,0.594135786552558
4873,309345.1455,0.5942224972634765
4714,309330.2685,0.5943092038043112
774,309298.762,0.5943959015137448
15441,309289.33349999995,0.5944825965803312
11161,309191.01,0.594569264086438
3160,309188.1,0.5946559307768599
1110,309185.0385,0.5947425966091308
17055,309172.307,0.59482925887271
18340,309136.8125,0.5949159111870357
1925,309012.768,0.59500252873118
7729,308940.51249999995,0.5950891260218119
1789,308896.76,0.5951757110484388
18998,308820.75999999995,0.5952622747719546
1619,308730.8025,0.5953488132800148
1078,308636.277,0.5954353252921902
17252,308538.604,0.5955218099262239
11755,308515.162,0.595608287989369
467,308357.737,0.595694721925642
11715,308324.071,0.5957811464251974
14173,308321.386,0.5958675701721362
17005,308258.5115,0.5959539762950953
9005,308244.711,0.5960403785497177
11063,308111.979,0.5961267435990171
6470,308029.5555,0.5962130855446718
1429,307973.38349999994,0.596299411745085
11793,307972.1225,0.5963857375920347
13316,307935.49199999997,0.5964720531713054
5036,307913.96650000004,0.5965583627168902
6943,307756.63,0.5966446281604099
3853,307723.3185,0.5967308842665796
3543,307655.95999999996,0.596817121491886
16066,307643.9015,0.5969033553371456
8061,307563.396,0.5969895666163838
12882,307563.36399999994,0.5970757778866522
9896,307512.831,0.5971619749923139
6792,307467.628,0.5972481594273896
9253,307430.817,0.5973343335441913
10275,307383.6545,0.5974204944411511
6486,307371.13899999997,0.597506651829965
9573,307345.325,0.597592801983009
2985,307316.44299999997,0.5976789440403102
9071,307294.184,0.5977650798583225
18861,307128.203,0.5978511691511809
5395,307077.2575,0.597937244163807
11303,307026.496,0.5980233049477769
6851,307011.1805,0.5981093614387494
18851,306999.707,0.5981954147136528
5671,306974.8915,0.59828146103267
666,306782.4705,0.598367453415293
94,306678.905,0.5984534167680823
18157,306664.1575,0.598539375987087
19870,306478.413,0.5986252831411478
16722,306462.1425,0.5987111857345208
9088,306441.68700000003,0.5987970825941334
14743,306440.1755,0.5988829790300664
11498,306348.50649999996,0.5989688497708032
14841,306347.13649999996,0.5990547201275235
10346,306332.658,0.599140586425861
6781,306236.4965,0.5992264257697363
17442,306235.6655,0.5993122648806789
7531,306234.2865,0.599398103605082
16473,306055.72500000003,0.5994838922779657
5515,305990.398,0.5995696626394238
13889,305974.998,0.5996554286841987
14403,305953.68799999997,0.5997411887556935
18640,305750.9965,0.5998268920119308
4876,305740.9265,0.599912592445506
10174,305713.8045,0.5999982852766735
589,305652.553,0.6000839609387948
16008,305621.806,0.600169627982406
2362,305556.3935,0.6002552766906257
471,305547.8975,0.6003409230173817
5545,305365.899,0.6004265183292131
5670,305331.25749999995,0.60051210393089
12228,305327.8895,0.6005976885885029
13882,305306.6075,0.600683267280684
19512,305226.84099999996,0.6007688236139885
4930,305193.7105,0.6008543706606783
7045,305139.659,0.6009399025565112
4258,305104.4825,0.6010254245922272
997,305029.3655,0.6011109255723405
15900,304889.9405,0.6011963874710554
4519,304798.1855,0.6012818236504681
5361,304635.3395,0.6013672141834803
3288,304620.134,0.6014526004543285
5811,304611.514,0.6015379843089554
9424,304499.06649999996,0.6016233366440876
1250,304438.36750000005,0.6017086719650417
15134,304396.9675,0.6017939956814062
16219,304390.6505,0.6018793176270898
106,304285.99,0.6019646102360066
14804,304274.50249999994,0.6020498996249302
693,304184.434,0.6021351637672844
7925,304169.82,0.6022204238132746
11929,304151.78500000003,0.6023056788039803
7423,304062.147,0.6023909086687878
19402,304035.744,0.6024761311327261
870,303977.8915,0.6025613373803719
6404,303901.86100000003,0.6026465223163572
8338,303894.8175,0.6027317052780207
14436,303870.83749999997,0.602816881517992
10963,303744.0245,0.60290202221176
2780,303574.2655,0.6029871153213853
18518,303524.741,0.6030721945490906
10468,303446.4865,0.6031572518417389
16213,303401.314,0.6032422964723506
6633,303365.6855,0.6033273311161479
694,303360.78849999997,0.603412364387296
13804,303319.501,0.6034973860853887
2645,303315.52,0.6035824066675909
13383,303172.906,0.603667387274505
2550,303164.06,0.603752365401849
17303,303156.24899999995,0.6038373413397378
15649,303125.7,0.6039223087146167
18324,303113.614,0.6040072727017403
5958,303088.81,0.6040922297362012
13645,303070.886,0.6041771817464916
17778,303065.578,0.6042621322689278
6991,302900.40599999996,0.6043470364929762
3663,302792.249,0.6044319104001744
11911,302784.122,0.6045167820293414
6571,302724.8185,0.6046016370354945
7582,302718.0045,0.6046864901316555
18410,302708.81200000003,0.604771340651121
18869,302612.964,0.6048561643039998
16931,302537.14800000004,0.6049409667053433
6086,302454.80999999994,0.6050257460270082
554,302449.6305,0.6051105238968381
10877,302411.6325,0.605195291115673
2500,302302.2165,0.6052800276647551
798,302220.387,0.6053647412766933
5325,302162.448,0.6054494386480925
979,302145.82649999997,0.6055341313604173
3358,302091.1845,0.6056188087563658
8870,302061.7525,0.6057034779024041
16587,302002.434,0.605788130421224
1193,301971.4375,0.605872774251598
14904,301846.89600000007,0.6059573831724796
14183,301819.607,0.6060419844441427
2553,301778.15150000004,0.6061265740956596
17744,301603.1575,0.6062111146956416
9480,301577.485,0.6062956480995167
1758,301574.4495,0.606380180652529
12067,301539.18299999996,0.6064647033201968
19233,301506.7485,0.6065492168963413
16184,301493.46650000004,0.6066337267494869
11683,301441.419,0.6067182220135051
1612,301355.00749999995,0.6068026930560262
11947,301226.8035,0.6068871281624411
14349,301217.13300000003,0.6069715605581751
14917,301162.53849999997,0.6070559776508474
7040,301043.581,0.6071403613992452
18855,300957.20999999996,0.6072247209374981
12165,300944.00100000005,0.6073090767732142
11773,300873.292,0.6073934127889081
16233,300873.1315,0.6074777487596132
19724,300854.991,0.6075620796454619
7632,300772.2425,0.6076463873365672
3431,300768.7415,0.6077306940463278
4764,300754.1775,0.6078149966737396
2281,300746.3485,0.6078992971066507
8254,300545.07749999996,0.6079835411224763
9469,300537.108,0.6080677829044184
2564,300477.089,0.6081520078627893
17487,300426.116,0.6082362185332194
17497,300399.51450000005,0.6083204217471403
11580,300382.88899999997,0.6084046203008653
18769,300317.358,0.6084888004859826
13201,300279.96900000004,0.6085729701908102
5816,300231.0115,0.6086571261726501
16391,300211.9525,0.6087412768121743
18493,300203.1085,0.608825424972689
9737,300155.5605,0.6089095598053047
14693,300032.108,0.6089936600336792
1727,300017.29099999997,0.6090777561087878
19637,299986.4975,0.6091618435523523
15604,299824.03500000003,0.6092458854570127
13388,299743.288,0.6093299047279587
4567,299733.4985,0.6094139212548676
16283,299694.569,0.6094979268696782
8279,299664.423,0.6095819240344416
9672,299651.378,0.609665917542638
15877,299620.091,0.6097499022809604
10701,299435.9865,0.6098338354140374
5096,299275.753,0.6099177236330083
13981,299250.908,0.6100016048878241
15365,299228.58099999995,0.6100854798842903
14640,299167.7485,0.6101693378291576
3005,299164.072,0.610253194743487
18375,298973.8635,0.6103369983415952
14776,298950.5855,0.6104207954147844
17208,298906.7205,0.6105045801924346
18599,298897.6465,0.6105883624266055
18786,298833.70999999996,0.6106721267391136
9329,298740.2975,0.6107558648677156
7977,298694.40849999996,0.6108395901334429
15462,298686.363,0.6109233131439835
18043,298684.974,0.6110070357651819
2927,298659.522,0.6110907512520803
6406,298651.3175,0.6111744644392239
8392,298574.01,0.6112581559567587
19372,298466.3925,0.6113418173086675
2324,298418.491,0.6114254652335899
16007,298294.5615,0.6115090784205659
2300,298100.2315,0.6115926371360472
1680,298064.3865,0.6116761858040282
11708,298002.024,0.6117597169915452
12001,297971.68850000005,0.6118432396758973
19169,297957.303,0.6119267583279347
4756,297868.125,0.6120102519830137
3687,297802.0675,0.6120937271219049
14903,297771.82850000006,0.6121771937846806
9652,297684.3225,0.6122606359191662
9877,297658.1335,0.612344070712768
12684,297628.777,0.6124274972776226
4269,297611.079,0.6125109188816552
18574,297582.02,0.6125943323403312
5858,297547.349,0.612677736080584
14573,297537.6675,0.6127611371070726
4880,297437.1355,0.61284450995403
2091,297297.8705,0.6129278437644377
1342,297296.8685,0.6130111772939807
712,297191.8615,0.6130944813896315
14363,297150.07249999995,0.6131777737716546
676,297132.386,0.6132610611960795
3962,296972.0365,0.6133443036738827
1692,296921.4525,0.6134275319727837
17540,296874.194,0.6135107470249336
2626,296593.3565,0.6135938833571825
737,296563.058,0.6136770111966376
5880,296460.511,0.6137601102917488
16511,296446.993,0.6138432055977093
9757,296424.107,0.6139262944886302
11256,296327.0715,0.6140093561801031
14076,296317.23699999996,0.6140924151149254
14799,296237.904,0.614175451812383
5408,296171.83499999996,0.6142584699904294
18852,296098.908,0.614341467726739
9605,296080.2825,0.6144244602422448
11550,295959.186,0.6145074188139057
17819,295686.524,0.6145903009572917
5346,295606.23449999996,0.614673160595202
15867,295551.8005,0.6147560049750393
19051,295542.122,0.6148388466419534
15430,295522.3905,0.6149216827780473
1545,295509.1,0.6150045151887595
19757,295508.51,0.6150873474340924
13727,295453.593,0.6151701642859654
13347,295356.955,0.6152529540498112
15017,295084.9105,0.6153356675584697
16499,294974.0335,0.6154183499878512
16098,294690.7375,0.615500953008204
19837,294619.246,0.6155835359891965
4849,294551.577,0.6156661000022912
4014,294488.00200000004,0.6157486461950531
10809,294446.5445,0.615831180767108
17402,294441.11,0.6159137138158503
2069,294415.4945,0.6159962396844632
11957,294394.8835,0.6160787597757282
36,294167.7745,0.6161612162074107
12918,294109.522,0.6162436563106788
8159,293904.76249999995,0.6163260390190207
19877,293868.46599999996,0.6164084115533052
6683,293861.868,0.6164907822381431
10479,293842.036,0.6165731473639903
10228,293762.1445,0.6166554900959228
7198,293754.929,0.6167378308053211
7730,293630.5405,0.6168201366481137
673,293568.849,0.6169024251985262
16878,293568.78650000005,0.6169847137314196
3772,293551.931,0.6170669975396476
10136,293532.28150000004,0.61714927584004
1669,293454.498,0.617231532337399
6033,293367.4085,0.6173137644232146
765,293365.7255,0.6173959960372783
11229,293306.96099999995,0.617478211179412
2847,293286.294,0.6175604205285011
11157,293201.1855,0.6176426060213293
10162,293132.029,0.6177247721293071
2859,293114.42199999996,0.6178069333019708
13377,293071.93299999996,0.6178890825647938
8860,293009.1745,0.6179712142361523
9554,292986.57050000003,0.618053339571517
301,292983.6005,0.6181354640743787
874,292834.454,0.6182175467708656
5217,292797.5815,0.6182996191318398
5151,292789.1385,0.6183816891262066
6078,292740.7255,0.6184637455502113
18463,292723.838,0.6185457972405805
14646,292706.4215,0.6186278440490335
12475,292691.131,0.6187098865714967
18789,292631.7415,0.6187919124468398
14636,292597.973,0.6188739288567343
10134,292578.1885,0.6189559397209522
10000,292525.1845,0.6190379357279321
18962,292469.829,0.6191199162185386
9043,292432.093,0.6192018861315897
12772,292428.98699999996,0.6192838551740163
18298,292409.92,0.6193658188718848
14499,292359.89650000003,0.6194477685479615
6388,292354.30449999997,0.6195297166565775
8171,292229.60349999997,0.6196116298109927
6166,292154.294,0.6196935218558468
9468,292145.272,0.6197754113717971
6970,292134.25549999997,0.6198572977997775
12488,292124.86,0.6199391815941608
4337,292055.8415,0.6200210460423758
8971,291983.974,0.6201028903458365
8467,291909.8405,0.6201847138693735
18567,291909.7985,0.6202665373811377
8951,291888.092,0.6203483548084812
4406,291408.5845,0.6204300378279088
3748,291372.3115,0.6205117106798662
18822,291338.501,0.620593374054602
17632,291328.897,0.6206750347372972
17397,291321.2775,0.6207566932842155
5189,291255.0505,0.6208383332674343
259,291236.621,0.6209199680847889
2435,291186.133,0.6210015887501503
16133,290919.4905,0.6210831346745274
785,290867.30799999996,0.6211646659719359
14012,290840.8255,0.6212461898461912
2915,290840.46650000004,0.6213277136198173
18180,290756.1095,0.621409213747831
16769,290701.7195,0.621490698630105
15672,290614.7285,0.6215721591284454
2852,290546.93,0.6216536006225888
10873,290531.2405,0.6217350377189009
8297,290520.02999999997,0.6218164716728642
6294,290339.14700000006,0.6218978549245818
2461,290310.559,0.621979230162966
73,290295.16099999996,0.6220606010852276
16912,290293.662,0.6221419715873137
15062,290267.152,0.622223334658538
16009,290260.9155,0.622304695981646
3683,290069.80600000004,0.6223860037359785
5936,290036.314,0.6224673021023663
9455,290027.575,0.6225485980191765
2799,289996.0095,0.622629885088048
4281,289909.588,0.622711147932619
15830,289903.71499999997,0.6227924091309641
19318,289803.646,0.6228736422795589
19000,289748.997,0.6229548601098152
19792,289733.841,0.6230360736917825
5865,289645.666,0.6231172625579363
18818,289574.064,0.6231984313537564
11924,289505.29799999995,0.6232795808741851
5673,289480.9645,0.6233607235738341
432,289326.0905,0.6234418228616667
5913,289214.664,0.6235228909161952
5804,289210.673,0.62360395785203
8498,289128.326,0.6236850017056637
16168,289108.16250000003,0.6237660399073855
18062,289103.68700000003,0.6238470768546065
16189,289093.57999999996,0.623928110968794
1134,289090.5765,0.624009144241088
18228,289025.40949999995,0.6240901592468053
13052,288999.811,0.6241711670771581
7069,288983.274,0.6242521702721222
10063,288947.1405,0.6243331633387182
5681,288867.1985,0.6244141339972443
2518,288860.711,0.6244951028372976
18052,288853.5445,0.6245760696685516
19950,288797.54099999997,0.6246570208017952
18560,288767.456,0.6247379635020901
18999,288622.2205,0.6248188654922797
2998,288580.402,0.6248997557605726
4346,288571.529,0.6249806435417271
16237,288484.838,0.6250615070230394
17669,288474.6065,0.6251423676364205
9558,288427.4865,0.6252232150418725
13638,288411.89749999996,0.6253040580776641
12500,288270.667,0.6253848615259681
4652,288223.501,0.6254656517534493
4678,288077.012,0.625546400919464
3004,287993.2115,0.6256271265958554
1111,287992.1205,0.6257078519664351
13276,287849.16599999997,0.625788537266283
273,287829.86250000005,0.6258692171552809
18948,287705.619,0.6259498622183169
14889,287680.69800000003,0.6260305002958947
13025,287677.85599999997,0.6261111375768482
1523,287588.414,0.6261917497868429
19731,287529.6915,0.6262723455366804
6789,287469.91099999996,0.626352924529799
12192,287408.721,0.6264334863711101
17852,287322.705,0.626514024101784
6256,287293.1105,0.6265945535369984
14034,287286.5175,0.626675081124168
5419,287237.86199999996,0.6267555950730017
8709,287208.11049999995,0.6268361006823682
14367,287155.7175,0.6269165916057623
8417,287145.402,0.6269970796376794
11276,287080.392,0.6270775494470274
4172,287059.49450000003,0.6271580133987206
9091,287003.1925,0.6272384615687326
7922,286990.5445,0.6273189061934584
12783,286953.098,0.6273993403217769
3673,286939.95749999996,0.6274797707667595
18754,286891.5055,0.6275601876304481
17168,286873.767,0.6276405995219625
3183,286758.75800000003,0.6277209791759832
17278,286724.17850000004,0.6278013491372287
4395,286662.6335,0.6278817018471586
16706,286636.0365,0.6279620471018404
12028,286632.636,0.6280423914033483
11182,286617.88300000003,0.6281227315695297
19113,286615.701,0.6282030711240877
18266,286595.0685,0.6282834048952715
11788,286561.0,0.6283637291169151
11608,286541.17,0.6284440477801286
9098,286533.012,0.6285243641566213
3203,286427.89950000006,0.6286046510696498
5491,286385.7635,0.6286849261717851
19514,286362.7025,0.6287651948098275
13243,286273.6745,0.628845438492957
5378,286240.968,0.6289256730083207
9016,286239.524,0.6290059071189252
10686,286218.09650000004,0.6290861352233138
15744,286215.3115,0.6291663625470555
18715,286158.637,0.6292465739847027
763,286087.5255,0.6293267654895054
10372,286056.83499999996,0.6294069483916352
16428,286033.51700000005,0.6294871247576342
17781,285920.64650000003,0.6295672694855698
10462,285716.9405,0.6296473571138795
10315,285704.319,0.6297274412043311
10330,285689.44649999996,0.6298075211259601
14937,285676.951,0.6298875975450493
19535,285614.2975,0.629967656402106
11085,285576.094,0.630047704550565
14328,285440.7695,0.6301277147670126
9982,285361.1245,0.6302077026586406
8805,285287.88450000004,0.6302876700207968
18846,285191.285,0.6303676103057174
14723,285063.3365,0.6304475147261498
13450,284967.05950000003,0.6305273921597448
5606,284937.602,0.6306072613362821
19846,284892.50950000004,0.6306871178732069
8316,284890.1315,0.6307669737435685
18443,284890.122,0.6308468296112673
9585,284792.863,0.63092665821687
3909,284744.32300000003,0.631006473216512
8967,284729.49,0.6310862840584034
11333,284706.172,0.631166088364164
19187,284683.51,0.6312458863176732
13153,284663.528,0.6313256786701459
6658,284596.555,0.6314054522498125
891,284561.83650000003,0.6314852160977414
231,284481.553,0.6315649574418765
338,284445.1925,0.6316446885940147
15001,284331.56799999997,0.6317243878967401
3499,284330.75399999996,0.6318040869712981
10801,284318.3635,0.6318837825727482
9838,284312.9145,0.6319634766468214
8331,284310.997,0.6320431701834114
11595,284289.98,0.6321228578288502
2751,284227.2895,0.6322025279018852
6490,284179.153,0.6322821844820622
17524,284164.6015,0.6323618369833941
6780,284101.52,0.6324414718027233
10279,283916.14849999995,0.6325210546616619
17769,283860.8625,0.6326006220237085
3164,283645.048,0.6326801288920669
8080,283537.437,0.6327596055966215
9915,283394.472,0.6328390422275012
16191,283315.4125,0.6329184566976793
4828,283252.78099999996,0.6329978536119916
9221,283230.516,0.6330772442853331
13043,283187.94,0.6331566230244475
15049,283179.997,0.6332359995371066
7319,283025.86449999997,0.6333153328457948
17826,283016.14149999997,0.6333946634290862
3599,283007.428,0.633473991569948
12447,282989.034,0.6335533145548962
3105,282923.351,0.6336326191286304
7666,282708.376,0.6337118634439921
15244,282698.29699999996,0.6337911049341687
1152,282677.214,0.6338703405146942
5079,282606.228,0.6339495561975532
4146,282486.733,0.6340287383854744
11503,282477.993,0.6341079181235378
15929,282473.341,0.6341870965576266
10327,282437.5435,0.6342662649575295
10193,282358.336,0.6343454111552459
19949,282341.207,0.6344245525516333
17188,282249.31799999997,0.6345036681911579
3922,282215.92,0.6345827744690863
16340,282107.4895,0.6346618503535016
5019,282070.33499999996,0.6347409158233585
2947,282021.4975,0.634819967603864
12124,281971.1745,0.6348990052786267
2690,281952.33849999995,0.6349780376735815
7334,281859.494,0.6350570440438427
2845,281811.4965,0.6351360369602082
18564,281803.3055,0.6352150275806028
7611,281512.3,0.6352939366309642
8398,281503.3815,0.6353728431814335
5603,281500.0525,0.6354517487987705
2041,281449.221,0.63553064016783
8379,281445.877,0.6356095305995525
3187,281442.8155,0.635688420173124
18017,281418.83900000004,0.6357673030259845
9105,281378.282,0.6358461745105517
7382,281374.3475,0.6359250448922625
19756,281342.7535,0.6360039064180457
18343,281263.46,0.6360827457175363
10156,281115.799,0.6361615436270438
2380,281115.409,0.6362403414272328
9947,281083.9165,0.6363191303999451
19841,281070.666,0.636397915658488
6001,281042.059,0.6364766928983717
19158,281010.014,0.6365554611559108
4479,280925.67850000004,0.6366342057738638
11859,280900.846,0.6367129434311654
11587,280885.498,0.6367916767863597
17663,280845.2745,0.6368703988667423
16675,280794.219,0.6369491066360592
17602,280734.77749999997,0.6370277977436802
2075,280703.2285,0.6371064800079874
7412,280623.32649999997,0.6371851398754368
19275,280619.43450000003,0.6372637986519427
3889,280467.40499999997,0.6373424148139573
17305,280439.30299999996,0.6374210230988662
16259,280402.287,0.6374996210080387
11816,280377.8555,0.6375782120689617
5442,280292.3565,0.6376567791641651
8793,280268.0455,0.6377353394448954
17494,280244.904,0.6378138932389684
15402,280243.6475,0.6378924466808396
4826,280162.7575,0.6379709774489125
3023,280147.8325,0.6380495040334467
342,280060.43,0.6381280061187024
18528,279940.931,0.638206474707899
15530,279825.85199999996,0.6382849110399809
15865,279792.2595,0.6383633379559472
8610,279688.834,0.6384417358813226
9278,279668.671,0.6385201281549264
17052,279651.44999999995,0.6385985156014135
18275,279630.84400000004,0.6386768972719543
5553,279587.13100000005,0.6387552666895623
13187,279549.57,0.6388336255786682
11643,279484.3,0.6389119661723259
4320,279413.79750000004,0.6389902870038441
5184,279401.18549999996,0.6390686043001671
17566,279391.746,0.6391469189505595
13282,279341.2375,0.6392252194432128
6934,279335.67500000005,0.6393035183766743
4441,279214.5915,0.639381783369935
14667,279002.034,0.6394599887824581
4629,278979.5015,0.6395381878790294
5441,278923.4395,0.6396163712611923
15403,278907.16349999997,0.6396945500811259
7982,278860.674,0.6397727158698621
19153,278814.145,0.6398508686163292
12950,278812.9985,0.6399290210414277
11095,278749.512,0.6400071556710003
19213,278744.39,0.6400852888648553
10584,278719.399,0.6401634150536307
9864,278682.461,0.6402415308885334
14952,278513.3315,0.6403195993157449
8160,278398.95300000004,0.6403976356821944
12120,278256.30500000005,0.6404756320638254
4627,278236.8855,0.640553623002091
7985,278171.472,0.6406315956046849
13907,278134.493,0.6407095578419134
1038,278062.22150000004,0.6407874998211447
7625,277973.2345,0.6408654168569555
6306,277920.86000000004,0.6409433192119796
1089,277887.372,0.6410212121801802
14087,277843.0355,0.6410990927206782
8514,277741.01300000004,0.6411769446638517
2133,277657.0085,0.6412547730602199
4364,277578.09849999996,0.641332579337792
15831,277485.8075,0.6414103597458188
1094,277482.2255,0.6414881391497965
7814,277425.24049999996,0.6415659025806454
15861,277196.9445,0.6416436020191906
1547,277174.824,0.6417212952572691
7033,277160.63300000003,0.6417989845175521
4121,277160.07649999997,0.6418766736218461
1144,277150.7795,0.6419543601201527
18178,277071.05950000003,0.6420320242726172
19334,277047.323,0.6421096817716433
4599,277025.6545,0.6421873331969001
11310,276989.0045,0.642264974349012
1566,276908.211,0.6423425928543749
3691,276812.01,0.6424201843942038
28,276792.2995,0.6424977704090986
4822,276771.811,0.642575350680983
315,276750.6565,0.6426529250231745
1195,276681.492,0.6427304799782735
7848,276502.218,0.6428079846821362
7172,276482.44149999996,0.6428854838425649
5078,276471.02900000004,0.6429629798040232
4602,276466.35,0.6430404744539386
1854,276429.2855,0.6431179587145229
12597,276323.299,0.6431954132666573
7376,276294.73199999996,0.6432728598113445
12499,276286.066,0.6433503039269166
12289,276231.12,0.6434277326408998
8049,276230.239,0.6435051611079351
12579,276149.6985,0.6435825669991386
15972,276050.7795,0.6436599451629413
13428,276043.2575,0.6437373212182966
2304,276015.28099999996,0.6438146894317245
7481,275936.5085,0.643892035564898
955,275895.037,0.6439693700734404
15164,275786.191,0.6440466740720031
8572,275525.98049999995,0.6441239051324973
7759,275515.101,0.6442011331434231
7059,275504.1475,0.6442783580840379
11915,275464.2955,0.644355571853974
9756,275452.45,0.6444327823035678
5832,275415.8415,0.6445099824916493
3898,275414.95050000004,0.6445871824299798
523,275356.9305,0.6446643661050668
5153,275347.00899999996,0.6447415469991167
9286,275340.1475,0.6448187259698601
8844,275310.28400000004,0.6448958965697421
10914,275241.1335,0.6449730477864559
4035,275205.6275,0.6450501890506924
3424,275182.549,0.645127323845931
19156,275175.683,0.6452044567166015
6460,275125.213,0.6452815754403245
13852,275110.87549999997,0.6453586901451875
6159,275062.335,0.6454357912439496
3993,274950.6705,0.6455128610426951
11172,274888.282,0.6455899133536886
5296,274880.5505,0.645666963497511
793,274848.27400000003,0.6457440045940983
3710,274845.2215,0.6458210448350574
17858,274837.55,0.6458980829256636
9835,274787.7305,0.6459751070516601
16130,274769.80700000003,0.6460521261536261
15482,274732.279,0.6461291347363398
10864,274653.8305,0.646206121329618
2477,274641.5805,0.6462831044891709
7484,274608.0785,0.646360078257976
14609,274420.4595,0.6464369994364072
11889,274342.191,0.6465138986758574
8104,274326.0065,0.6465907933787259
16771,274259.6515,0.6466676694820164
2258,274244.868,0.6467445414414312
485,274181.2025,0.6468213955551456
19487,274132.214,0.6468982359371831
17767,274048.9115,0.6469750529691886
17722,274022.6,0.6470518626259729
4334,273885.677,0.6471286339026797
10937,273873.6465,0.6472054018071881
2547,273863.63300000003,0.6472821669048714
11831,273860.7565,0.6473589311962599
8769,273821.5735,0.6474356845044932
10532,273799.80649999995,0.6475124317113472
7124,273789.436,0.6475891760113076
13128,273758.0025,0.6476659115003293
9914,273727.61,0.6477426384702089
19194,273704.86749999993,0.6478193590652723
15240,273652.7625,0.647896065055091
1861,273629.8485,0.6479727646220217
10148,273590.042,0.6480494530310275
3839,273444.969,0.6481261007754773
8940,273321.3245,0.6482027138618676
8788,273297.7095,0.6482793203288766
8482,273117.846,0.6483558763794102
1507,273072.33150000003,0.648432419672043
19221,272879.685,0.6485089089650731
17065,272869.7975,0.6485853954865965
9798,272864.5965,0.6486618805502582
12406,272824.501,0.6487383543749872
15477,272811.2025,0.648814824472092
7393,272661.512,0.6488912526103369
10949,272546.4445,0.6489676484946904
1046,272527.23,0.6490440389931408
11164,272515.1405,0.6491204261028549
19001,272493.24549999996,0.6491968070753108
14353,272481.3055,0.6492731847009359
18084,272460.114,0.6493495563864967
18261,272406.0055,0.6494259129052233
677,272379.24100000004,0.6495022619217512
18833,272348.198,0.649578602236799
8099,272333.956,0.6496549385597558
8089,272209.326,0.6497312399484133
1322,272199.5315,0.6498075385916324
5135,272098.3145,0.649883808863312
1369,272015.6035,0.6499600559507595
19365,271982.091,0.6500362936445161
4112,271874.02749999997,0.6501125010476313
11127,271872.677,0.6501887080721958
5390,271672.8895,0.6502648590955059
8774,271646.3015,0.6503410026660907
16719,271639.406,0.6504171443038387
2073,271597.999,0.650493274335035
13676,271508.658,0.6505693793235833
5041,271472.361,0.6506454741379338
14292,271379.553,0.6507215429378219
9678,271373.3025,0.6507976099856692
7353,271343.1505,0.6508736685817874
17661,271327.406,0.6509497227646579
4740,271304.33,0.651025770479231
13786,271290.99,0.6511018144545475
12692,271200.6975,0.6511778331205067
8596,271169.882,0.651253843148755
9687,271140.17600000004,0.6513298448502899
10886,271065.2885,0.6514058255605518
9148,271040.959,0.6514817994511553
821,270996.972,0.6515577610120226
5226,270990.2275,0.6516337206823789
13358,270891.8875,0.6517096527876305
12982,270840.24899999995,0.6517855704183992
14843,270743.836,0.6518614610242092
7227,270708.483,0.6519373417204285
14568,270655.0185,0.6520132074303295
13641,270652.19550000003,0.6520890723489321
9960,270633.504,0.6521649320282308
1685,270612.9265,0.6522407859395719
19709,270608.8405,0.6523166387055905
13493,270606.581,0.652392490838262
1020,270604.3585,0.6524683423479576
16527,270592.364,0.6525441904955458
17580,270521.2005,0.6526200186957135
8817,270515.131,0.6526958451945756
13516,270502.144,0.6527716680531284
2039,270456.2885,0.6528474780581967
15933,270352.207,0.6529232588887944
16905,270271.7115,0.6529990171561739
16555,270163.558,0.6530747451076846
990,270151.22250000003,0.653150469601504
17668,270135.3995,0.6532261896600717
17867,270129.3025,0.6533019080096254
10058,270118.9335,0.6533776234527059
14860,270043.01,0.6534533176141185
5789,270041.8015,0.6535290114367837
956,270034.642,0.6536047032526117
13264,269999.276,0.653680385155205
11847,269990.787,0.6537560646782969
17085,269956.0095,0.6538317344531132
17178,269884.59050000005,0.6539073842088913
12445,269859.2735,0.6539830268682106
15800,269852.6325,0.6540586676660305
13017,269851.52550000005,0.6541343081535537
6701,269822.1735,0.6542099404135912
3194,269814.695,0.6542855705773745
2215,269811.7915,0.6543611999272948
4755,269792.2595,0.6544368238023156
14872,269790.38550000003,0.6545124471520465
15323,269782.0875,0.6545880681758139
14134,269596.6045,0.6546636372079371
9149,269587.37950000004,0.6547392036542549
224,269566.4395,0.6548147642310049
205,269554.6905,0.6548903215144622
13601,269538.4965,0.654965874258675
17166,269483.5515,0.6550414116015794
2403,269297.483,0.6551168967887212
15105,269265.82999999996,0.6551923731033976
11987,269231.312,0.6552678397425372
13967,269186.972,0.6553432939529933
12848,269087.07,0.6554187201605098
15553,269071.5185,0.6554941420088771
9171,268994.056,0.6555695421441886
11763,268963.3435,0.6556449336706606
8383,268962.26900000003,0.6557203248959457
11122,268844.2475,0.6557956830393211
7927,268792.75,0.6558710267477365
14685,268790.7145,0.6559463698855929
16529,268674.47349999996,0.6560216804406209
10704,268652.4725,0.6560969848286786
11553,268605.0345,0.6561722759196706
9128,268498.07899999997,0.6562475370305982
3268,268489.5995,0.6563227957646872
9658,268475.3975,0.6563980505178973
5940,268406.3125,0.6564732859062992
18758,268296.302,0.6565484904583073
2082,268266.8305,0.6566236867493335
19189,268261.726,0.6566988816095473
4144,268239.016,0.6567740701040551
10505,268126.108,0.6568492269499882
16379,267991.6475,0.6569243461060926
13338,267970.036,0.6569994592044051
17058,267947.132,0.6570745658826325
12460,267939.78150000004,0.6571496705004847
8932,267889.978,0.657224761158212
10696,267874.98099999997,0.6572998476122188
17842,267802.4965,0.6573749137485234
9182,267769.18850000005,0.6574499705484593
7458,267671.63300000003,0.657525000003189
15625,267593.94,0.6576000076802527
14745,267578.33900000004,0.6576750109842924
5532,267476.958,0.6577499858708226
1572,267406.316,0.6578249409561109
3827,267398.3845,0.6578998938181673
14086,267340.7275,0.6579748305187304
1764,267332.61,0.6580497649439252
8816,267320.94800000003,0.6581246961002135
3084,267277.7,0.6581996151339103
16786,267266.565,0.6582745310464211
14155,267254.8415,0.6583494436727868
12132,267244.08400000003,0.6584243532837812
17292,267228.2575,0.658499258458543
14288,267222.5205,0.6585741620252001
8158,267213.541,0.6586490630748666
6310,267201.584,0.658723960772937
8477,267195.4245,0.6587988567444744
9261,267100.1605,0.6588737260131224
192,267056.6495,0.658948583085459
2912,267056.40650000004,0.6590234400896817
631,267022.2705,0.6590982875254439
17983,266952.2905,0.6591731153455256
14338,266945.642,0.6592479413020054
11775,266901.1905,0.6593227547985477
14002,266868.953,0.6593975592587868
7003,266842.674,0.6594723563529147
14221,266773.47400000005,0.6595471340499991
15142,266756.3,0.6596219069331412
1785,266569.988,0.6596966275922667
2811,266565.151,0.6597713468955612
3255,266433.2465,0.6598460292254844
7700,266405.8945,0.6599207038885299
15963,266356.18,0.6599953646163974
17194,266309.349,0.6600700122173441
5970,266297.857,0.6601446565970359
18885,266277.9865,0.6602192954069454
1539,266170.07,0.6602939039674179
11983,266071.93299999996,0.6603684850196877
16135,266038.7055,0.6604430567581531
14335,266034.4645,0.6605176273078488
4133,265905.626,0.6605921617435854
2768,265856.32,0.6606666823586483
13287,265812.0235,0.6607411905572209
17585,265789.566,0.6608156924608644
7480,265736.6235,0.6608901795245081
9970,265676.9315,0.66096464985624
8513,265658.21,0.6610391149402588
6700,265624.62899999996,0.6611135706113858
13437,265572.781,0.6611880117493061
18702,265568.64900000003,0.6612624517290099
13150,265520.109,0.661336878102753
11737,265491.78449999995,0.6614112965370227
14290,265421.32050000003,0.6614856952199446
13769,265350.405,0.6615600740249615
19330,265338.0395,0.6616344493638783
15715,265249.8295,0.6617087999771708
6210,265230.702,0.6617831452289468
7527,265131.609,0.661857462704549
19205,265112.597,0.6619317748510098
7020,264963.364,0.6620060451668497
12986,264897.6485,0.6620802970623658
18022,264890.66150000005,0.6621545469993972
6794,264726.7225,0.6622287509836556
951,264684.607,0.662302943162767
11483,264659.728,0.6623771283681928
1879,264654.76,0.662451312181068
9535,264602.1245,0.6625254812399968
9450,264540.64300000004,0.6625996330654096
11940,264439.924,0.6626737566588741
10487,264383.763,0.6627478645101804
2423,264347.5975,0.662821962224149
7131,264325.366,0.6628960537065373
1107,264240.866,0.6629701215032294
19148,264205.70050000004,0.663044179442888
6667,264189.663,0.6631182328871695
10167,264171.294,0.6631922811825453
15616,264151.29,0.6632663238707178
17772,264132.1075,0.6633403611819572
9214,264097.2635,0.6634143887262806
10806,264060.9335,0.6634884060871562
6561,264050.395,0.6635624204940471
7312,263928.311,0.663636400680293
339,263918.0675,0.6637103779952439
7477,263877.458,0.6637843439271857
11066,263791.1515,0.6638582856670622
2053,263721.5,0.6639322078833378
9842,263712.859,0.664006127677506
11094,263705.48000000004,0.6640800454033102
57,263666.987,0.6641539523393689
1703,263611.907,0.664227843836278
12652,263473.122,0.6643016964311834
4217,263460.192,0.6643755454017568
5931,263342.9665,0.6644493615135426
18254,263342.002,0.664523177354975
4079,263319.67,0.6645969869366565
5093,263298.87299999996,0.6646707906888537
19680,263187.7685,0.6647445632980046
11324,263183.018,0.6648183345755709
14826,262965.27150000003,0.6648920448179018
18207,262964.06700000004,0.6649657547226062
10823,262963.3015,0.6650394644127379
11037,262953.3505,0.6651131713135636
4153,262948.7295,0.665186876919104
6022,262947.603,0.665260582208882
18316,262930.044,0.6653342825768003
9189,262881.386,0.665407969305682
18601,262700.964,0.6654816054615383
8622,262699.16250000003,0.6655552411124268
16901,262647.395,0.665628862252673
17813,262638.7525,0.6657024809703912
17456,262636.319,0.6657760990059893
18526,262506.582,0.665849680675775
607,262477.5885,0.665923254218564
17603,262418.9895,0.6659968113358135
16149,262410.102,0.6660703659618603
2524,262381.1795,0.666143912480812
1865,262302.5185,0.6662174369507631
9529,262134.364,0.6662909142863194
289,262072.35849999997,0.6663643742414801
7027,261695.6615,0.6664377286069294
12922,261494.103,0.666511026474706
17966,261475.84000000003,0.6665843192232888
16651,261456.32950000002,0.6666576065029984
5843,261436.9595,0.6667308883532178
10040,261416.46949999998,0.6668041644600063
9667,261327.262,0.6668774155615674
18024,261323.252,0.6669506655391089
11479,261150.258,0.6670238670257239
19820,261134.286,0.6670970640353219
15946,261030.71399999998,0.6671702320132643
16350,261014.9005,0.6672433955586179
15516,261004.0245,0.667316556055384
3249,260953.5085,0.6673897023923087
1218,260897.7315,0.6674628330947118
17216,260874.597,0.6675359573124199
806,260866.1815,0.6676090791712288
9001,260690.35450000002,0.6676821517450096
10014,260605.7565,0.6677552006056247
2923,260495.452,0.6678282185474368
16329,260472.97650000002,0.6679012301892742
10593,260453.2495,0.6679742363015526
11206,260404.127,0.6680472286445933
6293,260355.3625,0.668120207318745
9033,260320.634,0.6681931762583558
9451,260245.42599999998,0.6682661241168564
4722,260196.93249999997,0.6683390583824302
11635,260195.78100000002,0.6684119923252341
12063,260157.397,0.6684849155088455
17368,260151.2725,0.6685578369757345
18746,260133.228,0.6686307533846761
2857,260060.6915,0.6687036494613401
2699,260042.9385,0.6687765405617652
17363,260005.16100000002,0.6688494210730024
2763,259956.79499999998,0.6689222880270519
1476,259816.8005,0.6689951157400696
4728,259807.0765,0.6690679407274105
5489,259805.719,0.6691407653342385
7094,259792.30599999998,0.6692135861813477
7267,259779.20350000003,0.6692864033557725
19100,259769.923,0.6693592179288351
3835,259689.244,0.6694320098872437
14474,259674.193,0.6695047976267954
6139,259567.435,0.6695775554416425
1169,259564.7695,0.669650312509339
17968,259547.219,0.6697230646575586
5722,259515.78799999997,0.6697958079955403
2437,259503.27799999996,0.6698685478269176
14223,259393.38400000002,0.6699412568545567
2583,259354.45799999998,0.6700139549710789
15609,259323.41699999996,0.6700866443866813
5450,259318.16700000002,0.6701593323306875
13149,259250.45500000002,0.6702320012947427
6362,259235.11649999997,0.6703046659593536
8631,259167.7035,0.6703773117278244
2059,259148.38699999996,0.6704499520818015
4315,259119.3305,0.6705225842911225
6898,259072.546,0.6705952033865566
5183,259054.50800000003,0.6706678174258655
18775,258951.3545,0.6707404025508258
12961,258841.896,0.6708129569941205
10557,258821.7745,0.6708855057972762
701,258732.44249999998,0.6709580295603068
5682,258542.649,0.6710305001234421
17979,258492.027,0.6711029564970236
9748,258366.98750000002,0.6711753778215213
16611,258350.0,0.671247794384353
1237,258340.48249999998,0.6713202082793905
1007,258243.767,0.6713925950646775
4059,258195.76649999997,0.6714649683952277
12739,258180.735,0.6715373375123871
19165,258151.459,0.6716096984233636
2851,258141.846,0.671682056639777
12421,258133.534,0.6717544125263026
17578,258112.41150000002,0.671826762492105
2469,258080.45,0.6718991034989681
4293,258030.783,0.6719714305839677
12393,258014.1575,0.6720437530087715
10109,257997.982,0.6721160708995165
13219,257984.8225,0.6721883851016
119,257947.10949999996,0.6722606887325748
3512,257934.0845,0.672332988712589
13123,257932.8015,0.6724052883329729
13512,257819.699,0.6724775562502631
15401,257737.15850000002,0.6725498010311131
15801,257714.48549999998,0.6726220394566284
4765,257648.83550000002,0.6726942594801797
12965,257613.75699999998,0.672766469671084
11425,257517.16350000002,0.6728386527864347
9018,257435.4915,0.6729108130087894
6189,257412.75699999998,0.6729829668585707
19114,257388.773,0.6730551139855385
15828,257286.25199999995,0.6731272323754502
15242,257219.52099999998,0.6731993320603895
202,257198.90749999997,0.6732714259672803
12340,257156.2365,0.673343507913315
11263,257021.39599999998,0.6734155520630055
966,257004.4265,0.6734875914560756
2048,256995.0125,0.6735596282103631
18637,256993.037,0.6736316644109098
13059,256980.288,0.6737036970378596
17371,256942.09999999998,0.6737757189605567
15076,256919.2865,0.6738477344885363
11297,256863.24500000002,0.6739197343078539
9482,256857.82799999998,0.6739917326087643
15916,256659.59699999998,0.6740636753447138
649,256624.6305,0.67413560827941
17229,256611.702,0.6742075375901948
13900,256513.042,0.6742794392461776
8435,256463.7755,0.6743513270925587
5905,256442.4205,0.674423208953046
11570,256364.477,0.674495068965651
10190,256344.8785,0.6745669234847163
14366,256333.327,0.6746387747658488
19331,256217.25,0.6747105935101229
19226,256162.389,0.674782396876634
16434,256118.06449999998,0.6748541878188064
514,256007.456,0.6749259477569631
6103,255991.925,0.6749977033417172
18817,255911.766,0.6750694364575752
19793,255885.88900000002,0.6751411623200042
4686,255831.698,0.675212872992474
12524,255782.45299999998,0.6752845698613688
5593,255658.33,0.6753562319380783
10598,255650.183,0.6754278917311504
2933,255631.8345,0.6754995463810628
1456,255513.8075,0.6755711679475238
14427,255477.032,0.6756427792056616
15816,255446.2525,0.6757143818361796
19016,255441.14750000002,0.6757859830357452
9358,255266.68099999998,0.6758575353316365
17530,255150.03249999997,0.6759290549304755
1069,255128.917,0.6760005686105534
8030,255128.2345,0.6760720820993238
3279,255078.927,0.6761435817670001
1772,255040.9725,0.6762150707958745
2916,255000.1685,0.6762865483872207
14600,254998.941,0.6763580256344937
19064,254890.84499999997,0.6764294725820151
16481,254806.184,0.6765008957987118
4903,254763.737,0.6765723071173404
10065,254761.3075,0.6766437177549702
19840,254704.2465,0.6767151123981682
19314,254690.133,0.6767865030852943
12469,254684.44150000002,0.6768578921770697
12161,254648.61049999998,0.676929271225269
5534,254607.722,0.6770006388122545
19220,254542.2485,0.6770719880467496
15404,254527.536,0.6771433331572708
1065,254430.451,0.6772146510544691
14036,254429.542,0.6772859686968709
9080,254379.37199999997,0.6773572722764163
5935,254343.3155,0.6774285657491771
10741,254275.354,0.6774998401720511
10928,254214.75499999998,0.6775710976087774
1677,254131.278,0.6776423316465587
3319,254101.4935,0.6777135573356229
7963,254038.3625,0.6777847653288092
762,254035.5925,0.6778559725455531
13733,253997.1635,0.6779271689904909
15807,253995.136,0.6779983648671123
18325,253957.11649999997,0.678069550086712
14949,253944.8925,0.6781407318798746
7585,253932.83000000002,0.6782119102918689
10500,253757.807,0.6782830396441998
11153,253625.267,0.6783541318450259
185,253616.733,0.6784252216537369
13628,253595.9765,0.678496305644316
176,253553.185,0.6785673776402624
8362,253543.52049999998,0.6786384469272099
19769,253528.03,0.6787095118721068
14724,253522.584,0.6787805752904676
4009,253522.135,0.678851638582972
10754,253425.2295,0.6789226747124678
12553,253353.16999999998,0.6789936906433908
17006,253348.489,0.6790647052622102
12464,253305.179,0.6791357077410592
18454,253250.3315,0.6792066948459295
11123,253219.00650000002,0.6792776731702741
5073,253169.32400000002,0.6793486375684104
7702,253162.1545,0.6794195999569065
2244,253114.47000000003,0.679490548979242
11939,253040.269,0.6795614772027335
14789,252997.7655,0.6796323935123199
8295,252800.80799999993,0.6797032546139126
10240,252786.3685,0.6797741116680542
13515,252652.17950000003,0.6798449311084698
16210,252585.09499999997,0.6799157317448252
2406,252533.59399999998,0.6799865179452396
1451,252496.4815,0.6800572937428682
4999,252472.27600000004,0.680128062755596
13695,252456.4075,0.6801988273203183
18220,252439.944,0.6802695872702541
2343,252394.7315,0.6803403345469411
16524,252242.965,0.6804110392828567
17449,252241.10099999997,0.6804817434962855
12401,252218.16350000002,0.6805524412802391
16042,252212.42000000004,0.6806231374542662
14325,252164.353,0.6806938201549163
8726,252137.5845,0.6807644953522463
17702,252124.989,0.6808351670190059
10283,252011.1235,0.6809058067687999
7714,251985.74700000003,0.6809764394054569
4137,251981.63249999998,0.6810470708888028
6049,251832.87149999998,0.6811176606738312
17298,251762.7195,0.6811882307949667
2398,251746.071,0.6812587962494596
7627,251678.45,0.6813293427495093
18716,251673.094,0.6813998877482501
11606,251665.608,0.6814704306486346
4229,251660.1405,0.6815409720164565
8645,251566.30400000003,0.6816114870815231
16440,251538.4915,0.6816819943506321
19595,251534.401,0.6817525004731573
14042,251442.08899999998,0.6818229807202509
16105,251425.583,0.6818934563406451
18279,251380.6525,0.6819639193668363
15515,251340.7265,0.6820343712016061
14801,251253.6995,0.6821047986423515
126,251191.613,0.6821752086799966
9989,251176.6425,0.6822456145213494
4446,251129.524,0.6823160071551937
5266,251101.2485,0.6823863918632994
313,251081.829,0.6824567711280399
18899,251050.1485,0.6825271415126065
8874,251021.42099999997,0.6825975038447373
9735,251010.97,0.6826678632474098
18175,250990.185,0.6827382168239619
18622,250982.8635,0.6828085683482674
12242,250890.93999999997,0.6828788941060396
4190,250866.19900000002,0.6829492129288082
17648,250822.4135,0.6830195194783217
10707,250814.494,0.683089823807967
4182,250802.9835,0.6831601249111721
4773,250749.833,0.6832304111160744
5319,250736.13650000002,0.6833006934817917
55,250722.644,0.6833709720655059
1365,250621.367,0.6834412222608625
226,250587.07,0.6835114628426294
17911,250556.2875,0.6835816947959356
11234,250533.96899999998,0.6836519204932747
8921,250513.44,0.6837221404362512
15548,250335.54499999998,0.6837923105145308
18197,250304.5425,0.6838624719026827
16551,250297.77000000002,0.6839326313924751
18661,250280.5325,0.6840027860505256
18844,250202.15850000002,0.684072918740023
1286,250158.72,0.6841430392535309
2804,250155.23350000003,0.6842131587897587
12574,250131.671,0.6842832717213214
19224,250034.508,0.6843533574176972
18644,250017.9815,0.6844234384816275
19901,250001.69199999995,0.6844935149795441
2440,249984.086,0.6845635865424269
5849,249899.956,0.6846336345233262
11573,249875.55549999996,0.6847036756646654
2948,249845.453,0.6847737083681507
18548,249819.584,0.6848437338204493
13460,249708.50199999998,0.6849137281360085
5557,249615.8675,0.6849836964857379
18014,249516.875,0.6850536370874644
13878,249413.10799999998,0.6851235486028758
1268,249320.8285,0.6851934342519655
2572,249263.9305,0.6852633039523129
19662,249146.4755,0.685333140729543
18291,249112.7225,0.6854029680456688
16417,249075.243,0.6854727848561374
16645,249053.552,0.6855425955865297
6227,249035.69,0.6856124013101306
17408,249034.11500000002,0.6856822065922522
10321,249033.39,0.6857520116711535
9755,248985.85499999998,0.6858218034257997
1127,248949.32,0.6858915849395357
16489,248948.4645,0.6859613662134716
4305,248927.332,0.6860311415638812
9621,248914.489,0.6861009133143453
2972,248877.35450000002,0.686170674655857
7762,248860.9695,0.6862404314045861
11428,248736.0735,0.6863101531444552
5572,248721.777,0.6863798708769566
4778,248717.9575,0.6864495875388366
14309,248708.969,0.6865193016812032
6666,248679.51299999998,0.6865890075669324
8327,248651.54299999998,0.6866587056125562
6511,248637.87850000002,0.6867283998279645
12219,248617.8305,0.6867980884238365
19492,248561.2445,0.686867761158421
37,248448.384,0.686937402257745
12191,248414.91999999998,0.687007033976973
18439,248250.645,0.6870766196492458
19096,248244.27399999998,0.6871462035357012
15186,248242.657,0.687215786968905
1066,248158.37199999997,0.6872853467766781
13560,248155.2805,0.687354905717891
13989,248133.662,0.68742445859935
2723,247948.93850000002,0.6874939597020554
17423,247912.43,0.6875634505712788
13894,247904.64049999998,0.6876329392570736
4043,247844.1615,0.6877024109903569
6464,247761.81650000002,0.6877718596419996
16028,247686.96050000002,0.687841287311199
5793,247659.1765,0.6879107071924293
4592,247640.8055,0.6879801219241932
3285,247582.939,0.6880495204357403
3997,247577.882,0.6881189175297895
609,247478.16599999997,0.6881882866730357
15983,247477.0205,0.6882576554951935
1662,247411.28199999998,0.6883270058905805
13547,247317.25399999996,0.6883963299295343
16730,247304.62250000003,0.6884656504278267
12370,247283.33749999997,0.6885349649598466
4472,247162.3595,0.6886042455812377
1316,247050.87449999998,0.6886734949529266
3488,246856.36200000002,0.6887426898019656
9151,246825.148,0.6888118759015924
2714,246738.701,0.6888810377697713
2065,246713.06300000002,0.6889501924515138
17507,246704.4605,0.6890193447219403
9054,246664.494,0.6890884857895931
19409,246606.15899999999,0.6891576105057066
10984,246592.6755,0.6892267314423398
12310,246504.564,0.6892958276809589
16403,246476.2175,0.689364915973938
19135,246474.24550000002,0.6894340037141574
11588,246431.94450000004,0.6895030795972332
8822,246421.41849999997,0.6895721525298282
17766,246286.4425,0.6896411876280977
10769,246204.6985,0.6897101998131893
11617,246109.879,0.6897791854199868
1927,246088.06,0.6898481649108292
15648,246085.189,0.6899171435969186
2913,246077.77099999998,0.6899861202037122
17688,245999.01600000003,0.6900550747351568
12248,245994.90050000002,0.6901240281130099
7152,245957.3385,0.6901929709620807
17884,245953.837,0.6902619128296665
14598,245930.10749999998,0.6903308480457765
5438,245929.487,0.6903997830879578
5642,245910.098,0.690468712695323
18767,245830.619,0.6905376200243989
14239,245781.49800000002,0.6906065135846576
14219,245760.4705,0.6906754012508218
18704,245758.6805,0.6907442884152417
7586,245656.0545,0.6908131468131737
19806,245644.5815,0.6908820019951767
7238,245578.7945,0.6909508387368143
15943,245546.50199999998,0.6910196664267318
9846,245439.41999999998,0.6910884641011263
7995,245402.77,0.6911572515023758
10297,245347.43,0.6912260233915967
3100,245321.65600000002,0.6912947880562599
6444,245177.916,0.6913635124300124
14235,245076.69499999998,0.6914322084311043
10991,245009.416,0.6915008855736169
5788,245005.8985,0.6915695617301599
4042,244985.28749999998,0.6916382321093552
19697,244983.47950000002,0.6917069019817607
12561,244960.00749999998,0.6917755652748685
19524,244920.844,0.6918442175902868
17503,244911.90250000003,0.6919128673993662
164,244899.7065,0.6919815137898568
14546,244812.626,0.6920501357713267
1770,244794.97050000002,0.6921187528038876
15725,244767.9685,0.6921873622676774
8913,244703.4815,0.6922559536554971
12005,244660.8645,0.6923245330975971
19109,244570.5975,0.6923930872374875
11952,244528.27049999998,0.6924616295129464
12900,244525.87700000004,0.6925301711174975
16455,244436.42200000002,0.6925986876474457
16825,244436.021,0.692667204064992
4,244435.162,0.6927357202417572
5628,244415.121,0.692804230800948
3526,244277.37350000002,0.6928727027489504
11552,244268.075,0.6929411720905453
16176,244255.13900000002,0.6930096378061263
9973,244217.2695,0.6930780929067315
1913,244197.175,0.6931465423747661
7797,244167.07450000002,0.6932149834055074
3280,244042.92200000002,0.6932833896357944
5082,244037.8315,0.6933517944391935
4485,243984.8545,0.6934201843929225
2556,243962.5755,0.6934885681017566
7942,243962.01,0.6935569516520789
19244,243939.8735,0.6936253289974494
17361,243904.391,0.6936936963969299
8733,243864.1955,0.6937620525294472
9784,243813.74149999997,0.6938303945195018
13896,243781.29650000003,0.69389872741509
13491,243756.129,0.693967053256125
12785,243688.895,0.6940353602511943
1542,243652.403,0.6941036570174066
976,243480.47600000002,0.6941719055917769
3177,243427.6925,0.694240139370716
18339,243368.47100000002,0.6943083565496263
14206,243332.63050000003,0.6943765636822976
6011,243288.93949999998,0.6944447585682026
11790,243190.996,0.6945129260001436
8927,243181.352,0.694581090728832
7694,243157.73500000002,0.6946492488375785
8636,243154.93450000003,0.6947174061613335
9170,243143.36049999998,0.6947855602408488
10958,243141.66799999998,0.6948537138459494
16356,243141.14250000002,0.6949218673037503
19073,242982.681,0.6949899763441438
8962,242975.05200000003,0.6950580832460975
18877,242973.827,0.6951261898046787
1855,242900.02300000002,0.6951942756756962
7639,242889.221,0.6952623585188692
11848,242848.60100000002,0.6953304299760897
6654,242772.7535,0.6953984801729455
716,242754.182,0.6954665251641338
12988,242734.28350000002,0.695534564577691
9880,242731.914,0.6956026033270677
18299,242721.64800000002,0.6956706391988424
7365,242712.56600000002,0.6957386725248955
2353,242592.3185,0.695806672145082
10140,242574.418,0.695874666747685
6072,242553.7815,0.6959426555657925
2317,242526.8925,0.6960106368468032
6914,242518.21600000001,0.6960786156957555
8837,242447.874,0.6961465748275572
4298,242440.7135,0.6962145319522414
9847,242432.59399999998,0.6962824868009964
19044,242404.0655,0.696350433653096
9758,242389.8565,0.6964183765223549
8058,242286.994,0.6964862905588338
13360,242228.897,0.6965541883104857
3125,242227.186,0.6966220855825372
735,242209.7915,0.6966899779788394
9602,242166.40949999998,0.6967578582149893
17641,242138.48599999998,0.6968257306240676
14908,242118.1335,0.6968935973282571
730,241962.727,0.6969614204713682
2703,241925.0475,0.6970292330527612
13238,241924.06949999998,0.6970970453600167
16980,241825.696,0.6971648300927774
6925,241800.763,0.6972326078367161
7720,241795.8175,0.697300384194411
5798,241785.31900000002,0.6973681576093331
1176,241780.389,0.6974359296423562
257,241776.77150000003,0.6975037006613793
16663,241714.28350000002,0.6975714541647601
17709,241690.76849999998,0.69763920107679
5870,241623.41799999998,0.6977069291101992
12487,241587.76,0.6977746471485249
7429,241491.597,0.697842338231968
7576,241422.756,0.6979100100189968
6784,241375.8715,0.6979776686641083
14854,241363.983,0.6980453239768245
15059,241320.0155,0.6981129669652705
2797,241318.4295,0.6981806095091543
11045,241282.651,0.6982482420241779
18974,241238.0225,0.6983158620296502
13336,241204.062,0.6983834725158554
7070,241203.134,0.6984510827419383
5996,241132.798,0.6985186732525525
17787,241104.87749999997,0.6985862559369361
1580,241068.5375,0.6986538284350691
4993,241035.034,0.6987213915420337
635,241014.84300000002,0.6987889489893784
6549,241010.11,0.6988565051100438
6028,240962.861,0.6989240479866211
9364,240954.0845,0.6989915884031095
18222,240952.55,0.6990591283894713
13348,240943.528,0.6991266658469294
4135,240928.4395,0.6991941990750192
7029,240918.297,0.6992617294601248
10464,240888.42349999998,0.699329251471566
14049,240876.1005,0.69939677002882
13916,240795.528,0.6994642660012721
10229,240663.2925,0.6995317249075722
17312,240641.572,0.6995991777255273
1187,240596.8825,0.6996666180168325
11279,240570.034,0.6997340507823931
1454,240453.50249999997,0.6998014508836973
19993,240419.424,0.6998688414326583
19516,240377.294,0.6999362201724078
18953,240277.95049999998,0.7000035710657675
7847,240236.57200000001,0.7000709103605642
7992,240118.20500000002,0.7001382164766061
3248,240088.42400000003,0.7002055142449118
19564,240080.90400000004,0.7002728099053307
5207,240011.9295,0.7003400862319148
9749,240005.10000000003,0.7004073606441622
19186,239996.3395,0.7004746326008054
18047,239915.93099999998,0.7005418820186171
10206,239881.21050000002,0.7006091217041303
15677,239862.934,0.7006763562666657
14714,239830.626,0.7007435817731363
11486,239675.2595,0.700810763729741
14914,239656.25699999998,0.7008779403598671
12354,239571.707,0.7009450932902819
10745,239556.17950000003,0.7010122418682749
11647,239516.66999999998,0.7010793793715935
9237,239462.8395,0.7011465017860022
8195,239447.219,0.701213619821921
2849,239440.43,0.7012807359548552
7961,239433.8175,0.7013478502342787
5938,239394.62,0.7014149535264823
18514,239323.3865,0.7014820368516442
3804,239321.85600000003,0.7015491197478008
611,239268.96749999997,0.7016161878190943
15547,239238.6915,0.7016832474039011
9035,239222.77899999998,0.7017503025283688
6056,239211.21349999998,0.7018173544109795
18285,239184.87000000002,0.7018843989093994
2837,239100.7385,0.7019514198254153
10293,239068.27649999998,0.7020184316421998
739,239026.191,0.7020854316622462
64,238962.0445,0.702152413701766
19555,238958.7995,0.702219394831699
6283,238932.81399999998,0.70228636867779
1025,238932.57200000001,0.7023533424560474
16280,238781.635,0.7024202739260458
10964,238728.02349999998,0.7024871903685211
6937,238700.36549999999,0.7025540990583458
15215,238697.75999999998,0.7026210070178381
7426,238594.81849999996,0.7026878861224066
14965,238552.5715,0.7027547533849678
1412,238524.7965,0.702821612862083
18075,238502.43600000002,0.7028884660714583
6407,238476.49800000002,0.7029553120103061
1558,238475.854,0.7030221577686381
914,238316.89500000002,0.7030889589701115
16175,238217.72249999997,0.703155732373127
16780,238068.20600000003,0.7032224638660554
4097,238032.78350000002,0.703289185429912
17932,238011.98349999997,0.7033559011634434
15298,237975.086,0.7034226065544545
16089,237967.03449999998,0.7034893096885972
15451,237870.523,0.7035559857701712
225,237849.5045,0.7036226559601737
6892,237846.822,0.7036893253982605
8003,237674.4695,0.7037559465252357
6247,237628.2505,0.7038225546968361
5741,237575.941,0.7038891482058693
7316,237539.66099999996,0.70395573154547
10673,237425.7275,0.7040222829490441
5165,237418.31600000002,0.7040888322751445
2055,237348.4675,0.7041553620224245
2658,237225.773,0.7042218573779334
4344,237219.518,0.7042883509801404
7443,237129.8135,0.7043548194378088
936,237048.646,0.7044212651438945
16406,237047.0455,0.7044877104013535
2060,237020.6445,0.704554148258504
4565,236995.8075,0.7046205791537419
2559,236956.9395,0.7046869991541201
4053,236944.54499999998,0.7047534156802693
6479,236917.6905,0.7048198246789921
2821,236912.737,0.7048862322892286
12876,236875.965,0.7049526295921231
14729,236864.55099999998,0.7050190236956265
7187,236826.18300000002,0.7050854070444226
11698,236819.36449999997,0.705151788481965
11815,236786.243,0.7052181606354154
14761,236736.37749999997,0.705284518811362
7604,236726.713,0.7053508742783097
4589,236714.406,0.7054172262955548
11791,236545.123,0.705483530862082
6905,236448.895,0.7055498084555067
2904,236438.811,0.7056160832223449
14545,236423.24700000003,0.7056823536265303
16215,236414.1375,0.7057486214772853
5205,236373.11700000003,0.7058148778298264
12563,236344.8995,0.7058811262728867
14552,236336.437,0.7059473723438735
3344,236314.62099999998,0.7060136122997461
1,236163.0,0.7060798097556317
9254,236135.17599999998,0.7061459994123362
16765,236130.15600000002,0.7062121876619142
16691,236069.53599999996,0.7062783589194578
10771,236043.6935,0.706344522933243
9783,236034.0405,0.7064106842412528
13705,236032.4815,0.7064768451122684
1640,235999.555,0.7065429967538512
4304,235983.597,0.7066091439223413
17124,235979.37600000002,0.7066752899076679
9326,235900.6005,0.7067414138118993
12366,235888.00850000003,0.7068075341865414
10821,235846.9155,0.7068736430426475
19643,235836.9955,0.706939749118137
13496,235684.7145,0.7070058125086385
2687,235672.83399999997,0.7070718725689873
3030,235669.248,0.7071379316241656
12408,235652.636,0.7072039860229323
3115,235514.216,0.7072700016220063
9941,235513.0095,0.7073360168828933
15503,235511.597,0.7074020317478509
9518,235451.73799999998,0.7074680298340855
12249,235432.5965,0.7075340225548793
12836,235363.6075,0.707599995937774
10272,235307.68799999997,0.707665953646204
15527,235253.03399999999,0.7077318960348938
7095,235223.233,0.7077978300702413
16015,235140.0615,0.7078637407922769
8224,235131.41599999997,0.7079296490909434
8536,235110.722,0.707995551588997
15194,235006.15350000001,0.7080614247760718
12343,234989.03900000002,0.7081272931658823
8194,234916.31699999998,0.7081931411714183
6202,234865.13799999998,0.7082589748312712
13414,234843.0625,0.7083248023032709
709,234835.62399999998,0.7083906276902288
11534,234815.38299999997,0.7084564474035513
11610,234750.9975,0.7085222490693546
17948,234724.7425,0.7085880433757739
4548,234671.39,0.7086538227272688
16423,234654.302,0.7087195972889276
7416,234591.35499999998,0.7087853542062845
1331,234585.027,0.708851109349877
16924,234571.11599999998,0.7089168605941595
8323,234549.30950000003,0.7089826057259906
11642,234545.5365,0.7090483498002343
6828,234500.67400000003,0.7091140812993355
19078,234475.06699999998,0.7091798056206898
3846,234469.643,0.7092455284216749
9377,234360.4485,0.7093112206149944
847,234277.264,0.7093768894913579
8831,234263.22249999997,0.7094425544318314
6091,234233.162,0.7095082109462238
15887,234230.706,0.7095738667721893
17242,234191.333,0.7096395115617417
13681,234153.6435,0.7097051457867728
11675,234150.4385,0.7097707791134293
17496,234112.3125,0.709836401753212
11948,234110.4645,0.7099020238749927
8091,234100.04650000003,0.7099676430765655
6176,234060.5185,0.7100332511982778
2330,234050.99599999998,0.7100988566507944
3487,233931.699,0.7101644286638734
10018,233893.856,0.7102299900694047
19305,233764.199,0.7102955151315479
15763,233739.087,0.7103610331546947
14387,233717.72100000002,0.7104265451888643
7407,233692.9045,0.7104920502668672
10452,233587.73299999998,0.7105575258648681
8783,233563.7555,0.7106229947418775
6762,233509.974,0.7106884485437123
13415,233461.7485,0.7107538888277419
9173,233377.5345,0.7108193055062426
6446,233257.05999999997,0.7108846884152477
5531,233227.2955,0.7109500629811414
16087,233151.1255,0.7110154161962724
8336,233060.5945,0.7110807440351933
4064,233051.3115,0.7111460692720514
13473,233048.1285,0.7112113936167015
19812,232917.23249999998,0.7112766812706668
11242,232890.97,0.7113419615631458
18023,232887.16799999998,0.7114072407899087
11451,232828.0425,0.7114725034435518
7758,232760.9065,0.7115377472786992
7510,232760.147,0.7116029909009557
19381,232621.3835,0.7116681956272349
11429,232578.094,0.7117333882192901
3246,232566.558,0.7117985775777572
3554,232527.79849999998,0.7118637560717779
7208,232502.82,0.7119289275642227
11410,232465.174,0.7119940885043393
7910,232336.06550000003,0.7120592132548149
1017,232289.64849999998,0.7121243249944154
12180,232274.0975,0.7121894323750068
12977,232204.34600000002,0.7122545202039672
13862,232183.954,0.7123196023169666
300,232028.14949999997,0.7123846407573265
15348,232013.19,0.7124496750044774
3449,231969.98700000002,0.7125146971416506
5077,231916.475,0.7125797042791909
6731,231892.7355,0.7126447047624523
4868,231883.61250000002,0.7127097026884994
11225,231877.04900000003,0.7127746987747705
9198,231773.479,0.7128396658299467
3053,231761.5645,0.7129046295454396
9168,231747.0105,0.7129695891813868
12892,231684.2395,0.7130345312223656
12302,231670.88550000003,0.7130994695201636
14891,231664.7505,0.713164406098296
8352,231598.296,0.7132293240489599
4277,231589.376,0.7132942394993113
3836,231575.0015,0.7133591509204315
13488,231560.2755,0.7134240582137935
2840,231552.8435,0.7134889634239356
13394,231489.27,0.7135538508141653
14095,231436.75300000003,0.7136187234836648
15188,231421.41499999998,0.7136835918538601
3965,231417.49449999997,0.7137484591251233
2207,231416.9925,0.7138133262556737
18760,231405.6365,0.713878190203091
2289,231385.59,0.7139430485313921
13159,231285.25650000002,0.7140078787358024
3891,231205.293,0.7140726865261162
3442,231189.65099999998,0.7141374899319134
2364,231144.84949999998,0.7142022807796667
15600,231112.793,0.7142670626418519
10634,231040.9535,0.7143318243671309
12795,230948.598,0.7143965602047853
12555,230937.64599999998,0.714461292972549
13660,230880.352,0.7145260096805701
10164,230792.3295,0.7145907017155241
12305,230780.562,0.7146553904519994
6757,230764.263,0.7147200746197985
15130,230754.7015,0.7147847561074698
17621,230710.06,0.7148494250819459
10220,230667.059,0.7149140820030657
14518,230577.6305,0.7149787138570107
5786,230514.43300000002,0.7150433279964379
18364,230484.465,0.7151079337357118
10076,230410.96399999998,0.7151725188723546
13231,230399.165,0.7152371007016892
17354,230312.935,0.7153016583604018
9317,230227.5855,0.7153661920953001
19684,230137.316,0.7154307005272879
7078,230109.64649999997,0.7154952012034016
16592,230108.08049999998,0.7155597014405591
7104,230091.7605,0.7156241971031537
11863,230086.752,0.7156886913618453
18315,230032.06699999998,0.7157531702921074
2617,230018.967,0.715817645550386
13214,229979.81399999998,0.7158821098339183
5854,229971.97100000002,0.7159465719190257
2555,229909.46249999997,0.7160110164827445
9949,229890.275,0.7160754556681286
4460,229842.0165,0.7161398813264573
17068,229770.22549999997,0.716204286861475
4613,229750.95049999998,0.7162686869936312
19787,229736.953,0.7163330832022308
8564,229700.78999999998,0.7163974692741935
13808,229637.5025,0.7164618376064107
6183,229619.56149999998,0.7165262009096922
17079,229604.7775,0.716590560068958
1501,229603.5965,0.7166549188971846
19720,229593.53449999998,0.7167192749049914
14849,229556.563,0.7167836205495355
12748,229547.797,0.7168479637369338
10233,229541.03050000002,0.7169123050276544
8918,229532.22699999998,0.716976643850718
3893,229508.1815,0.7170409759337294
3173,229492.11100000003,0.717105303512114
188,229442.6255,0.7171696172195102
5379,229442.19449999998,0.7172339308060953
5709,229438.0415,0.7172982432285776
4669,229420.6905,0.7173625507875034
7839,229367.744,0.7174268435053086
2573,229349.964,0.717491131239307
19478,229347.517,0.7175554182874013
3948,229342.0505,0.7176197038032132
887,229306.53350000002,0.7176839793634646
11049,229286.132,0.717748249205092
416,229261.782,0.7178125122213147
187,229068.878,0.7178767211657563
2637,229041.902,0.7179409225487147
8188,229004.58649999998,0.7180051134719856
15452,228968.499,0.7180692942797825
17938,228960.5955,0.7181334728721961
10394,228958.6065,0.7181976509070848
13593,228829.91850000003,0.7182617928702001
7262,228820.923,0.7183259323118399
6069,228820.49250000002,0.7183900716328088
1807,228772.451,0.7184541974875487
18816,228709.424,0.7185183056755622
11649,228693.697,0.7185824094552333
67,228630.7525,0.7186464955913034
15874,228591.407,0.7187105706986687
1425,228546.3925,0.7187746331882853
16998,228543.30550000002,0.7188386948126032
16536,228469.573,0.7189027357693994
8095,228429.4435,0.7189667654777325
14453,228414.101,0.7190307908854999
15843,228411.573,0.7190948155846587
4123,228403.211,0.7191588379399146
3469,228381.4215,0.7192228541874846
3233,228320.046,0.7192868532312504
17296,228259.351,0.7193508352619592
19181,228234.2395,0.7194148102538118
13319,228114.0365,0.7194787515522714
10246,228102.33649999998,0.719542689571173
12554,228084.09249999997,0.7196066224762068
84,228027.7885,0.7196705395989986
17957,228025.5605,0.7197344560972732
18961,228023.9185,0.7197983721352883
5520,227998.61200000002,0.7198622810797878
17827,227959.48799999998,0.71992617905767
4431,227954.72,0.7199900756990621
3141,227941.151,0.7200539685370081
5690,227930.08049999998,0.7201178582718476
6764,227914.9885,0.7201817437763377
13393,227887.0595,0.7202456214522148
4307,227801.413,0.7203094751210273
2501,227786.8805,0.7203733247163204
19936,227775.3985,0.720437171093162
8894,227737.037,0.720501006717118
2350,227710.85450000002,0.720564835002012
5086,227632.068,0.7206286412027275
6929,227612.0,0.7206924417783004
16891,227598.05949999997,0.7207562384462942
1787,227576.48,0.7208200290654657
3370,227543.5905,0.7208838104655756
9764,227460.423,0.7209475685534948
6172,227392.416,0.7210113075787734
12020,227380.757,0.7210750433359866
6569,227325.922,0.7211387637227248
14756,227297.67950000003,0.7212024761929746
12288,227243.03400000004,0.721266173345867
8407,227225.629,0.7213298656200666
4008,227111.61800000002,0.7213935259365161
8042,227106.583,0.7214571848416346
14503,227104.845,0.7215208432595843
9580,227017.43899999998,0.7215844771772746
5590,227002.341,0.7216481068629336
6560,226923.186,0.7217117143611218
7294,226866.92200000002,0.7217753060882806
11541,226794.5605,0.7218388775322147
16290,226773.1265,0.7219024429681108
13092,226767.23200000002,0.7219660067517543
3939,226758.21,0.7220295680064943
10377,226739.1765,0.7220931239260664
12603,226710.832,0.722156671900559
15796,226663.2045,0.7222202065248684
3845,226630.69499999998,0.7222837320366319
10759,226597.8675,0.7223472483467126
16517,226461.47150000004,0.722410726424436
19776,226430.96550000002,0.7224741959512028
15381,226391.731,0.7225376544803785
1646,226209.7665,0.7226010620041599
11218,226183.2735,0.7226644621018448
18369,226143.833,0.7227278511441962
10637,226132.9065,0.7227912371238048
17241,226121.901,0.7228546200185267
1555,226118.2025,0.722918001876544
14821,226055.768,0.7229813662339152
17749,225961.028,0.7230447040352765
18512,225891.47850000003,0.7231080223416282
1254,225879.6115,0.7231713373216111
186,225871.782,0.7232346501069532
4985,225864.998,0.7232979609907124
4952,225718.95799999998,0.7233612309388616
17538,225712.36099999998,0.7234244990378447
10539,225705.24,0.7234877651407822
10639,225673.42,0.7235510223244435
18781,225661.5385,0.7236142761776716
19405,225653.0435,0.7236775276497165
10384,225646.2065,0.7237407772053224
6641,225594.9005,0.7238040123796462
3796,225539.712,0.7238672320844076
586,225529.802,0.7239304490113555
2194,225479.5775,0.7239936518601703
7472,225473.5535,0.7240568530204333
14644,225314.9545,0.7241200097247472
8068,225313.25,0.7241831659512828
16235,225221.19749999998,0.7242462963751257
9570,225111.1235,0.7243093959447757
3634,225107.093,0.72437249438466
15886,225052.218,0.7244355774428571
2033,225043.065,0.7244986579354309
17816,224969.31100000002,0.7245617177544564
7808,224961.8585,0.7246247754845158
691,224960.1435,0.7246878327338535
15157,224944.26299999998,0.7247508855318221
18864,224942.538,0.7248139378462661
5222,224937.169,0.7248769886557576
13755,224915.4045,0.7249400333645705
2867,224866.689,0.7250030644182293
18933,224858.108,0.7250660930665986
6358,224855.12,0.7251291208774193
4862,224829.2885,0.7251921414475647
17308,224809.3015,0.7252551564152722
17505,224771.583,0.7253181608103298
4084,224729.26700000002,0.7253811533440394
4486,224709.193,0.7254441402509244
9897,224680.644,0.725507119155408
12702,224677.71700000006,0.7255700972394413
17071,224615.55450000003,0.7256330578990715
3651,224608.74800000002,0.7256960166508118
17820,224582.5525,0.7257589680598463
9980,224576.359,0.7258219177328173
12841,224575.1335,0.7258848670622756
15988,224572.5475,0.7259478156668676
18427,224569.179,0.7260107633272552
8063,224555.622,0.7260737071875603
13576,224537.796,0.7261366460511645
7309,224517.6255,0.726199579260895
16614,224381.761,0.7262624743872499
7512,224359.732,0.7263253633387857
14509,224351.62050000002,0.726388250016635
11060,224315.6085,0.7264511266001732
9543,224310.619,0.726514001785134
16717,224294.9175,0.7265768725689002
3639,224284.56900000002,0.7266397404519395
10611,224221.67599999998,0.7267025907058133
10406,224172.652,0.7267654272180591
19599,224127.13,0.7268282509703021
10112,224124.521,0.7268910739912317
14068,224071.2485,0.7269538820796613
18216,224071.2415,0.7270166901661287
15713,224068.4775,0.7270794974778357
3486,224060.271,0.7271423024892271
15182,224014.214,0.727205094590653
9466,223955.38299999997,0.7272678702015085
18827,223877.6925,0.7273306240353988
15528,223876.892,0.7273933776449057
8853,223673.2765,0.7274560741801543
18025,223657.9635,0.7275187664231063
7162,223657.914,0.7275814586521832
18373,223631.2955,0.7276441434199854
6515,223506.3515,0.7277067931654729
11165,223433.49200000003,0.7277694224881444
5998,223426.4615,0.7278320498401378
11989,223415.012,0.7278946739827895
304,223258.0325,0.7279572541234445
19054,223256.805,0.7280198339200262
6073,223247.569,0.7280824111277194
8239,223222.0235,0.7281449811749043
13876,223211.1475,0.728207548173502
12398,223206.106,0.7282701137589465
4120,223183.2095,0.7283326729264081
7593,223169.4575,0.7283952282391281
10871,223163.07799999998,0.7284577817636481
868,223156.283,0.7285203333835016
577,223050.27049999998,0.7285828552876175
19449,223046.8515,0.7286453762333736
7102,222972.313,0.7287078762856829
8908,222958.0005,0.72877037232614
2958,222877.1345,0.728832845699526
15588,222872.2265,0.7288953176971796
239,222832.5245,0.7289577785661999
19028,222787.488,0.729020226811305
5920,222784.12649999998,0.7290826741141678
16542,222758.619,0.729145114267174
3080,222698.94449999998,0.7292075376931734
12331,222687.2425,0.7292699578390544
12869,222687.04750000002,0.7293323779302759
19821,222653.65099999998,0.7293947886603219
3598,222644.46899999998,0.7294571968166156
6868,222631.95800000004,0.7295196014660249
2706,222624.84900000002,0.7295820041227523
13037,222606.602,0.729644401664771
14074,222576.87350000002,0.7297067908737692
4819,222493.348,0.7297691566702279
1673,222392.314,0.7298314941464428
2735,222392.2305,0.7298938315992523
11905,222316.6875,0.7299561478770493
3142,222298.43050000002,0.7300184590373346
12851,222270.0245,0.7300807622353018
5715,222263.6435,0.7301430636446486
12973,222196.35199999998,0.7302053461919125
1522,222190.65200000003,0.7302676271414429
525,222181.921,0.7303299056436383
13969,222152.09900000005,0.730392175786605
16679,222030.0125,0.7304544117082259
10942,221974.705,0.730516632126928
18406,221970.64299999998,0.7305788514070349
6114,221895.222,0.7306410495463268
16373,221848.34500000003,0.7307032345458034
4104,221800.419,0.7307654061114263
12347,221797.715,0.7308275769191067
10940,221757.48450000002,0.7308897364500133
362,221745.5325,0.7309518926307252
4090,221725.27049999998,0.7310140431319158
4555,221714.986,0.7310761907503188
5930,221682.2975,0.7311383292060015
19755,221622.0705,0.7312004507798093
7113,221456.23799999998,0.7312625258700884
6856,221395.225,0.7313245838581739
8639,221368.42099999997,0.7313866343329883
5594,221360.17449999996,0.7314486824962751
8268,221349.24700000003,0.731510727596539
14434,221332.4915,0.7315727680001675
3301,221293.4605,0.7316347974632468
9396,221211.704,0.7316968040096444
17923,221196.30599999998,0.7317588062399197
15202,221159.5145,0.731820798157387
10158,221147.3085,0.7318827866534623
17491,221057.58749999997,0.7319447500003741
16943,220962.336,0.7320066866479003
19473,220949.107,0.7320686195872835
8107,220932.58599999998,0.732130547895763
15152,220932.1815,0.7321924760908594
3363,220893.71850000002,0.7322543935046194
1910,220818.734,0.7323162898999171
3925,220787.326,0.7323781774914239
17506,220753.12099999998,0.7324400554951289
14601,220747.61150000003,0.7325019319544985
12418,220724.153,0.7325638018383546
16610,220635.184,0.7326256467838357
8470,220632.3725,0.7326874909412417
12430,220572.04349999997,0.7327493181881822
16294,220571.75549999997,0.732811145354395
4428,220565.7605,0.7328729708401848
7592,220457.2155,0.7329347659003665
6025,220450.005,0.7329965589394157
14213,220427.6275,0.7330583457059601
9852,220403.6255,0.7331201257446455
13523,220354.68800000002,0.7331818920659493
8098,220339.74349999998,0.7332436541982487
5272,220288.78,0.7333054020452702
6368,220124.15300000002,0.7333671037466695
10092,220112.644,0.7334288022220491
6074,220100.3595,0.7334904972540329
103,220070.431,0.7335521838969358
10383,220000.364,0.7336138508997715
3719,219963.488,0.7336755075661134
18840,219915.80550000002,0.7337371508668554
7657,219899.517,0.7337987896018642
6027,219886.21649999998,0.7338604246086883
15655,219846.98049999998,0.7339220486175011
11046,219778.228,0.7339836533547065
9909,219685.9015,0.734045232212416
9775,219620.8755,0.7341067928430715
5468,219570.95299999998,0.7341683394802457
7026,219471.33000000002,0.7342298581926852
8646,219434.538,0.7342913665921763
15506,219395.905,0.7343528641626794
18447,219388.282,0.7344143595964244
13827,219352.0725,0.7344758448804983
14597,219297.674,0.7345373149164498
2256,219294.9695,0.734598784194319
9649,219257.0005,0.7346602428293221
17484,219236.532,0.7347216957269207
19104,219226.6175,0.7347831458454442
13038,219208.6845,0.7348445909372747
12505,219135.5005,0.7349060155153302
3918,219116.092,0.7349674346531037
11823,219097.44,0.7350288485626452
17036,219085.642,0.735090259165159
13920,219067.0715,0.7351516645622855
17972,219030.41950000002,0.7352130596857065
1441,219021.04700000002,0.7352744521819773
17289,218936.85700000002,0.7353358210794463
18010,218922.588,0.7353971859772562
10730,218906.27349999998,0.735458546302045
4574,218891.94950000002,0.7355199026117579
9339,218826.6985,0.7355812406313484
11145,218794.22950000002,0.7356425695497453
18886,218788.88299999997,0.7357038969694962
6977,218786.8945,0.7357652238318624
17898,218770.29200000002,0.7358265460404799
7314,218767.86,0.735887867567398
9854,218767.86,0.7359491890943161
3,218690.77749999997,0.7360104890146937
11396,218593.37300000002,0.7360717616321912
1659,218567.158,0.7361330269015168
18111,218555.00999999998,0.7361942887657084
2753,218318.8065,0.7362554844210916
15231,218316.58399999997,0.7363166794534991
6890,218275.896,0.7363778630808935
3538,218270.42799999996,0.7364390451755851
13626,218214.6985,0.7365002116490698
958,218188.8775,0.7365613708848223
19678,218184.847,0.7366225289908093
10625,218177.67500000002,0.7366836850864553
14069,218151.7695,0.7367448339206835
1738,218134.42650000003,0.7368059778935977
4041,218131.78449999998,0.7368671211259487
12933,218127.3295,0.7369282631095448
18645,218103.3965,0.7369893983846232
10758,218074.98399999997,0.7370505256955614
18921,218072.21499999997,0.7371116522303376
12638,218003.60749999998,0.7371727595341505
17082,217970.994,0.7372338576962659
6403,217948.47950000002,0.7372949495474748
3633,217815.2305,0.7373560040484434
10918,217806.2785,0.7374170560401296
14099,217778.67799999999,0.7374781002952827
17746,217642.7095,0.7375391064379085
12383,217617.54549999998,0.7376001055269621
831,217574.11599999998,0.7376610924425491
4559,217560.4915,0.7377220755391329
15011,217486.714,0.7377830379555814
13054,217476.06399999998,0.7378439973867913
7651,217453.37199999997,0.7379049504573407
8807,217341.658,0.7379658722139985
15159,217269.5465,0.7380267737575075
15961,217230.33299999998,0.7380876643093119
18625,217146.428,0.7381485313422013
5061,217136.095,0.7382093954787083
15996,217121.816,0.7382702556127533
4915,217113.50449999998,0.7383311134170507
6309,217100.91349999997,0.7383919676920393
19043,217098.9485,0.7384528214162305
8623,217098.045,0.7385136748871668
13290,217070.6565,0.7385745206809944
8518,217052.429,0.7386353613655792
3692,217020.566,0.7386961931188345
5634,217004.1765,0.7387570202780459
17143,216992.897,0.7388178442755673
5856,216986.538,0.7388786664906349
13298,216963.96050000002,0.7389394823771368
10455,216916.414,0.7390002849361602
14243,216900.256,0.73906108296603
12808,216796.4105,0.739121851887581
18467,216686.0615,0.7391825898778553
1909,216653.24,0.7392433186681288
3387,216638.3465,0.7393040432836933
503,216586.75999999998,0.7393647534393507
7598,216554.14049999998,0.7394254544516287
19982,216515.6965,0.7394861446878959
2138,216487.65600000002,0.7395468270642963
9966,216482.18300000002,0.7396075079065924
16501,216392.681,0.7396681636611114
1307,216386.45599999998,0.7397288176707374
18582,216364.875,0.7397894656311207
6618,216348.633,0.7398501090388049
12663,216336.92849999998,0.7399107491656698
4222,216286.9355,0.7399713752792922
18347,216256.914,0.7400319929777652
18387,216217.4645,0.7400925996183818
4092,216156.96500000003,0.7401531893007408
4790,216154.1495,0.7402137781939037
2131,216150.04200000002,0.7402743659357174
1989,216140.33250000002,0.7403349509559185
6087,216133.89549999998,0.7403955341718023
803,216109.912,0.7404561106650127
17958,216078.17400000003,0.7405166782619318
5519,216064.968,0.740577242157155
12527,216063.45,0.7406378056268765
13782,216049.5455,0.7406983651991098
15494,216039.7175,0.7407589220165146
13253,216035.052,0.7408194775261605
15280,216018.1355,0.7408800282940422
196,216015.70299999998,0.7409405783800843
978,216004.14599999998,0.7410011252266518
19813,215924.8635,0.7410616498500101
8561,215921.6725,0.741122173578918
19922,215860.452,0.741182680147469
7243,215860.26,0.7412431866622017
6116,215827.0905,0.7413036838793876
1904,215739.809,0.7413641566312118
11347,215731.324,0.7414246270046557
5223,215725.0555,0.7414850956210134
2906,215701.527,0.7415455576422362
6151,215642.45299999998,0.7416060031047749
18456,215623.242,0.7416664431823916
4299,215622.31650000002,0.741726883000587
16127,215554.858,0.7417873039098885
19857,215548.486,0.7418477230330924
846,215528.59749999997,0.7419081365814683
2747,215519.1215,0.7419685474736825
14226,215479.211,0.7420289471788202
18906,215411.8335,0.7420893279977687
3323,215407.7105,0.7421497076610235
19313,215388.9395,0.74221008206269
183,215379.44900000002,0.7422704538041306
9263,215316.94900000002,0.7423308080265654
3002,215253.88300000003,0.7423911445713419
357,215218.178,0.7424514711078609
17805,215217.348,0.7425117974117276
7288,215210.538,0.7425721218067233
544,215191.6185,0.7426324408985058
6870,215185.1435,0.7426927581753191
3252,215165.522,0.7427530699521456
18871,215165.215,0.7428133816429189
19360,215109.97849999997,0.7428736778506749
781,215075.583,0.7429339644172316
15098,215054.407,0.7429942450480688
3276,215047.5615,0.7430545237600842
17812,215002.37,0.7431147898047371
15481,214988.947,0.7431750520868682
6133,214981.23,0.7432353122058927
17897,214948.6885,0.7432955632034013
4870,214924.29799999998,0.743355807364153
8611,214885.81000000003,0.7434160407365606
9478,214884.41250000003,0.7434762737172433
4585,214871.03,0.7435365029467566
2017,214862.57850000003,0.7435967298072795
16159,214845.85499999998,0.7436569519801371
12668,214821.404,0.7437171672992793
634,214750.604,0.7437773627728915
16393,214689.3985,0.7438375410903516
15354,214680.26750000002,0.7438977168483549
3714,214674.7245,0.7439578910526327
15248,214658.736,0.7440180607752684
9223,214650.0675,0.7440782280680881
3769,214635.24000000002,0.7441383912046987
12915,214582.8095,0.7441985396448256
14790,214549.00199999998,0.7442586786085719
12362,214534.298,0.7443188134507266
4691,214480.94150000002,0.744378933336836
9375,214450.87900000002,0.7444390447963036
1026,214439.9535,0.7444991531933087
15787,214426.3655,0.7445592577815418
14909,214424.8405,0.7446193619423112
6204,214411.3035,0.744679462308604
8266,214385.50000000003,0.7447395554420702
12727,214333.9795,0.7447996341341291
13010,214314.74550000002,0.7448597074348192
5123,214276.228,0.7449197699388964
17985,214231.13249999995,0.7449798198025203
4125,214204.869,0.7450398623043775
9068,214200.2315,0.7450999035063245
16169,214185.00199999998,0.7451599404393802
16688,214027.573,0.7452199332444427
1279,214024.904,0.7452799253013734
1033,213957.92,0.7453398985824149
15518,213925.32499999998,0.7453998627269443
2097,213902.8145,0.7454598205616882
13138,213824.368,0.7455197564075572
12640,213806.673,0.7455796872934451
2539,213760.946,0.7456396053618678
19672,213733.646,0.7456995157779887
18874,213601.326,0.7457593891042718
7520,213552.25049999997,0.7458192486744913
11371,213549.709,0.745879107532318
17934,213534.96399999998,0.7459389622570608
18184,213490.2305,0.7459988044428204
13070,213458.716,0.7460586377949366
2247,213400.341,0.7461184547843013
15096,213393.42349999998,0.7461782698346623
11119,213384.4225,0.7462380823620063
5620,213372.6925,0.7462978916013832
184,213317.53600000002,0.7463576853801672
10028,213317.248,0.7464174790782238
19147,213249.262,0.7464772537195261
4050,213186.259,0.7465370107008295
7473,213182.37550000002,0.746596766593572
2382,213169.794,0.7466565189596687
14250,213073.773,0.7467162444106856
1936,213028.8985,0.7467759572831966
2049,212948.1235,0.7468356475141443
7885,212943.35749999998,0.7468953364091627
2216,212929.9855,0.7469550215559548
12434,212918.42699999997,0.747014703462852
12584,212872.1545,0.747074372399378
15815,212858.75550000003,0.7471340375801093
12420,212741.545,0.7471936699062577
16690,212678.62449999998,0.7472532845955322
7432,212622.56199999998,0.7473128835702585
18379,212548.912,0.7473724619005881
1528,212474.6715,0.7474320194210018
4476,212380.74049999999,0.7474915506121714
10904,212368.2565,0.7475510783040247
3966,212354.9615,0.7476106022692351
18035,212331.963,0.7476701197878718
9236,212288.2875,0.747729625064087
1165,212260.7015,0.7477891226078334
1309,212241.8505,0.7478486148675674
19130,212215.657,0.747908099785156
16006,212213.43349999998,0.7479675840794885
6474,212131.595,0.7480270454341543
14066,212020.753,0.7480864757193537
12926,212009.9705,0.7481459029821742
6770,211986.3145,0.748205323614121
7161,211928.4685,0.7482647280315973
19707,211917.24899999998,0.7483241293042017
400,211904.0525,0.748383526877773
6545,211897.4175,0.7484429225915268
13613,211844.91499999998,0.7485023035886148
13407,211829.575,0.748561680285838
6000,211796.74300000002,0.7486210477801172
10349,211752.847,0.7486804029701679
7560,211737.26950000002,0.7487397537937814
16484,211674.58800000002,0.7487990870475139
4604,211657.851,0.7488584156097967
11432,211623.43550000002,0.7489177345252741
4705,211561.982,0.7489770362150837
3914,211551.055,0.7490363348420105
16144,211538.55049999998,0.7490956299638747
1713,211501.5715,0.7491549147203738
8427,211498.07749999998,0.7492141984974904
14778,211466.721,0.7492734734852516
3959,211462.93899999995,0.7493327474129029
18242,211299.58800000002,0.7493919755526
17426,211296.213,0.7494512027462706
14400,211294.781,0.749510429538546
16967,211293.7135,0.7495696560315965
12329,211245.961,0.749628869139426
450,211235.4,0.7496880792869638
6690,211091.52850000001,0.7497472491067311
171,211017.3395,0.7498063981310179
12623,211000.6705,0.7498655424829157
1695,210960.7255,0.7499246756380665
7159,210957.401,0.7499838078613464
12534,210870.085,0.7500429156095939
5864,210715.18200000003,0.7501019799378964
19996,210713.858,0.750161043895076
16005,210498.562,0.7502200475039054
6951,210492.6395,0.7502790494526338
1899,210475.878,0.750338046703045
16877,210465.98500000002,0.7503970411804081
16020,210448.908,0.7504560308710179
3477,210425.11849999998,0.7505150138933336
1449,210410.0545,0.7505739926931484
11833,210325.727,0.7506329478556196
11640,210252.30799999996,0.7506918824384445
12878,210236.19800000003,0.7507508125055705
7770,210201.5255,0.7508097328538527
19124,210194.12800000003,0.7508686511285853
3433,210192.21800000002,0.7509275688679371
11393,210141.9655,0.7509864725213073
3533,210081.044,0.7510453590981319
8866,210047.14700000003,0.7511042361734883
14755,209864.4215,0.7511630620301392
1538,209836.72699999998,0.7512218801239081
17444,209800.81,0.7512806881499949
461,209759.05200000003,0.7513394844711434
11072,209744.42500000002,0.7513982766922839
4553,209702.53,0.7514570571700844
17258,209638.6235,0.7515158197346311
2727,209599.9855,0.7515745714687881
7883,209571.63499999998,0.7516333152561842
12121,209558.49599999998,0.7516920553606645
7207,209522.3295,0.751750785327527
7972,209515.66,0.7518095134249012
6317,209481.6585,0.7518682319915159
16953,209474.549,0.7519269485653084
10669,209408.968,0.7519856467564782
14396,209389.638,0.7520443395293698
16447,209358.80349999998,0.7521030236592249
4680,209271.6925,0.7521616833715099
19965,209241.366,0.7522203345831528
11098,209240.727,0.7522789856156815
16117,209155.852,0.7523376128574002
15737,209074.16,0.7523962172005166
8429,208989.70599999998,0.752454797870831
10269,208967.707,0.7525133723747357
2783,208898.1485,0.752571927381108
1966,208875.31550000003,0.7526304759872969
13283,208847.1605,0.7526890167015241
9654,208846.061,0.7527475571075569
6237,208798.7205,0.7528060842438538
19468,208785.5785,0.7528646076963941
1036,208721.14549999998,0.7529231130881009
15301,208692.7485,0.7529816105200121
17969,208685.888,0.7530401060288973
19597,208661.7985,0.7530985947853969
4839,208627.636,0.7531570739660078
11355,208526.653,0.7532155248406703
8892,208496.467,0.7532739672540736
18274,208472.215,0.7533324028695418
17300,208468.049,0.7533908373172632
2959,208388.502,0.7534492494676348
1450,208346.9215,0.753507649962822
14284,208316.6925,0.7535660419846968
18265,208293.193,0.7536244274195655
16925,208229.83550000002,0.7536827950950674
4308,208170.60450000002,0.7537411461678775
18304,208107.04549999998,0.7537994794248396
15089,208052.432,0.7538577973734143
7945,208015.1365,0.7539161048679074
14656,208001.652,0.75397440858264
10411,207930.9195,0.7540326924707632
5027,207914.13550000003,0.7540909716542625
1921,207872.3835,0.7541492391345054
11332,207797.215,0.7542074855447098
11221,207785.9495,0.7542657287971486
12791,207741.584,0.754323959613756
17936,207730.313,0.7543821872710559
9873,207700.1055,0.7544404064610699
1846,207667.9515,0.7544986166381861
19945,207623.9855,0.7545568144914523
16174,207621.025,0.7546150115148783
11120,207560.53100000002,0.7546731915815885
10845,207554.992,0.7547313700956942
14746,207432.27049999998,0.7547895142104611
4213,207406.9395,0.7548476512248449
17336,207350.25900000002,0.7549057723514524
4859,207333.68449999997,0.7549638888321598
13221,207328.9605,0.7550220039887106
17096,207320.65399999998,0.7550801168169153
815,207312.0185,0.7551382272245541
16415,207217.677,0.7551963111878842
12790,207174.3585,0.7552543830088614
4191,207158.20400000003,0.755312450301666
16671,207157.26650000003,0.7553705173316856
17318,207143.1975,0.755428580418107
10325,207070.50650000002,0.7554866231289432
9692,207047.737,0.7555446594573955
13943,207047.0295,0.7556026955875326
11797,207044.1335,0.7556607309059091
1145,207041.5245,0.7557187654929721
7712,206928.128,0.7557767682945319
13966,206913.31399999998,0.7558347669436668
12462,206897.965,0.7558927612904143
19751,206893.4565,0.7559507543734107
9268,206874.21600000001,0.7560087420632162
2993,206814.815,0.7560667131026781
13042,206738.204,0.7561246626677631
10470,206700.575,0.7561826016852853
7682,206694.5135,0.7562405390037442
19098,206683.6735,0.7562984732837067
4672,206654.74049999999,0.7563563994536309
3277,206638.307,0.7564143210171778
2454,206633.87199999997,0.756472241337576
16661,206559.65399999998,0.7565301408543648
17789,206555.376,0.7565880391720127
1873,206446.03699999998,0.7566459068414914
3688,206432.52000000002,0.7567037707220994
9761,206381.4805,0.7567616202961268
5890,206313.194,0.7568194507291685
19659,206221.15099999998,0.7568772553621803
17981,206220.89849999998,0.7569350599244156
10284,206074.387,0.7569928234188773
3239,206003.0395,0.7570505669143428
4483,206001.7875,0.7571083100588675
16182,205957.543,0.7571660408014778
9467,205943.23599999998,0.7572237675337773
10724,205824.2635,0.757281460917598
8438,205811.4645,0.7573391507138064
4262,205764.2095,0.7573968272642448
10815,205743.98649999997,0.7574544981460937
1982,205739.97249999997,0.7575121679028017
8521,205713.66999999998,0.7575698302868116
6250,205533.2395,0.7576274420954133
19052,205488.49599999998,0.7576850413622288
7143,205405.31250000003,0.7577426173123687
5873,205366.462,0.7578001823725543
11718,205349.783,0.757857742757548
4260,205340.325,0.7579153004914255
3263,205327.65150000004,0.7579728546728691
13300,205268.6935,0.758030392328144
17927,205265.3515,0.7580879290466425
2876,205240.56100000002,0.7581454588162623
11040,205202.025,0.7582029777840836
9249,205175.154,0.7582604892198535
11656,205086.136,0.7583179757035136
12975,205014.41449999998,0.7583754420833435
3484,204976.26499999998,0.7584328977697123
10515,204948.5095,0.758490345676101
16386,204845.1805,0.7585477646189478
5193,204836.763,0.7586051812023349
19976,204729.712,0.7586625677788883
13111,204579.453,0.7587199122372288
2610,204573.541,0.7587772550384114
11877,204408.2,0.7588345514938347
6912,204396.842,0.7588918447655643
13166,204389.474,0.7589491359720132
5385,204353.18550000002,0.759006417006647
6158,204266.22,0.759063673664495
2076,204241.944,0.7591209235176808
6438,204182.558,0.7591781567247277
11747,204143.039,0.759235378854437
18160,204090.0645,0.7592925861351771
17843,204086.9235,0.7593497925354821
7034,204085.609,0.7594069985673274
19072,204030.097,0.7594641890389318
6104,204021.8895,0.7595213772099403
4854,203982.79,0.7595785544211987
14725,203937.9625,0.7596357190671255
3790,203934.731,0.7596928828072496
2779,203862.15250000003,0.7597500262033229
626,203850.933,0.7598071664545244
16146,203829.9825,0.759864300833215
5338,203815.1255,0.7599214310474277
17,203805.62099999998,0.7599785585974901
7486,203762.38900000002,0.7600356740294458
10827,203736.9635,0.7600927823345298
9129,203697.816,0.7601498796664093
15003,203687.366,0.7602069740691111
3443,203679.3875,0.7602640662354064
18484,203668.59649999999,0.7603211553769404
5012,203568.30649999998,0.7603782164067768
16306,203546.156,0.7604352712277374
15317,203513.65649999998,0.7604923169389548
10640,203507.646,0.7605493609654046
1660,203496.7295,0.7606064019319148
8678,203456.4565,0.7606634316097381
19674,203450.35900000003,0.7607204595784073
1141,203375.2375,0.7607774664902125
3559,203110.9905,0.7608343993325015
12948,203072.1835,0.7608913212970295
6364,203071.2135,0.7609482429896626
14676,203030.25050000002,0.761005153200199
19747,203020.05200000003,0.7610620605520542
19505,202951.0675,0.7611189485672715
9815,202895.6725,0.7611758210550436
13230,202875.62449999998,0.761232687923279
4533,202734.3465,0.7612895151907126
16668,202676.4665,0.7613463262341452
7405,202666.177,0.7614031343933889
9139,202649.141,0.7614599377773719
19159,202639.82799999998,0.761516738550883
2126,202592.729,0.7615735261223515
4580,202574.2835,0.7616303085234709
13178,202562.5755,0.7616870876427899
13060,202527.037,0.7617438568005219
6320,202433.99049999999,0.7618005998769389
11178,202310.976,0.7618573084718878
18853,202149.001,0.7619139716645811
9440,202133.7285,0.76197063057633
10802,202095.073,0.7620272786527841
7205,202049.54499999998,0.7620839139675533
16741,202008.819,0.7621405378666579
16164,201993.9375,0.7621971575944172
5548,201947.949,0.7622537644314116
12802,201862.94,0.7623103474400352
16569,201800.854,0.7623669130456989
4138,201697.472,0.7624234496729646
16223,201686.798,0.7624799833082644
2896,201686.06900000002,0.7625365167392225
18219,201663.62900000002,0.7625930438801568
19766,201609.75449999998,0.7626495559198481
16732,201606.218,0.762706066968244
4995,201570.24899999998,0.7627625679343819
15465,201541.6365,0.7628190608803188
11648,201532.45750000002,0.7628755512533446
15032,201524.43200000003,0.7629320393767898
1929,201493.517,0.762988518834634
6296,201437.84149999998,0.7630449826864074
7219,201430.931,0.7631014446011396
19905,201424.098,0.7631579046005538
17829,201340.7365,0.7632143412333982
6298,201316.209,0.7632707709910839
2978,201308.663,0.7633271986335949
1734,201272.149,0.7633836160410823
17758,201269.19700000001,0.7634400326211119
305,201190.16049999997,0.763496427046887
8748,201176.306,0.763552817589189
8949,201170.16,0.763609206408742
2081,201158.4045,0.7636655919331803
15708,201140.03949999998,0.7637219723098339
14046,201131.34399999998,0.7637783502491031
15593,201080.98599999998,0.7638347140728188
7296,201006.88499999998,0.7638910571257208
13565,200991.428,0.7639473958459624
12032,200967.303,0.7640037278038677
8189,200947.03550000003,0.7640600540807098
4355,200907.506,0.7641163692772711
12863,200905.631,0.7641726839482623
1606,200891.0695,0.7642289945376054
18751,200825.385,0.7642852867153144
8447,200785.10700000002,0.7643415676029348
3644,200778.555,0.7643978466540028
7419,200734.4135,0.7644541133320276
12073,200607.31300000002,0.7645103443832619
14934,200494.7,0.7645665438686112
14831,200468.15749999997,0.764622735913989
18500,200451.9885,0.7646789234271301
15966,200422.676,0.7647351027238573
1689,200390.19,0.7647912729146257
5949,200382.698,0.7648474410053557
7132,200342.90999999997,0.7649035979433465
16985,200333.916,0.7649597523602821
1661,200328.597,0.7650159052862805
19374,200292.813,0.7650720481818771
19835,200280.9395,0.7651281877492829
11137,200268.44300000003,0.7651843238138687
3510,200213.1415,0.7652404443772176
6110,200138.021,0.7652965438839827
17427,200081.4475,0.7653526275329642
9251,200032.97,0.7654086975935038
15998,200022.673,0.7654647647677523
2991,199955.26400000002,0.765520813046982
3961,199945.9225,0.765576858707751
11478,199883.00249999997,0.7656328867317865
18345,199877.327,0.765688913164956
1313,199875.352,0.7657449390445251
17823,199841.6505,0.7658009554774255
1057,199692.562,0.765856930120209
4065,199646.90400000004,0.765912891964868
10555,199591.1125,0.7659688381709413
5579,199578.6355,0.7660247808796604
11227,199452.068,0.7660806881109908
17741,199430.806,0.7661365893824958
8357,199360.10849999997,0.7661924708372021
10545,199355.018,0.7662483508650203
6281,199318.5655,0.7663042206750534
8245,199265.235,0.7663600755363291
2121,199242.5715,0.7664159240449329
17334,199185.75799999997,0.76647175662848
9631,199127.5855,0.7665275729060371
12560,199079.74349999998,0.766583375773286
17501,199038.7415,0.7666391671475061
5480,198971.53949999998,0.7666949396847307
7424,198961.47350000002,0.766750709400414
3397,198821.764,0.7668064399549526
16166,198814.44249999998,0.7668621684572448
4407,198762.147,0.766917882300894
19966,198733.808,0.7669735882010056
18172,198688.75100000002,0.7670292814714557
15728,198667.90749999997,0.7670849688993872
6595,198660.718,0.7671406543120725
9120,198625.3935,0.7671963298231558
14525,198574.12099999998,0.7672519909623474
8872,198553.67350000003,0.7673076463700211
18146,198539.64,0.7673632978440472
1466,198517.51499999998,0.7674189431163453
11203,198470.164,0.7674745751159642
6290,198455.8595,0.7675302031059731
2312,198400.171,0.7675858154862676
3832,198182.6555,0.7676413668960766
618,198174.8575,0.7676969161200745
15063,198164.8085,0.7677524625272963
15750,198132.57549999998,0.7678079998994765
10170,198117.486,0.7678635330420078
3322,198055.244,0.7679190487378519
16282,197849.8685,0.7679745068661024
5481,197746.8355,0.7680299361137809
14249,197705.94400000002,0.7680853538994046
5149,197704.6075,0.7681407713104019
2994,197686.535,0.7681961836556034
8846,197655.976,0.7682515874349921
17509,197584.204,0.7683069710963953
8465,197582.9695,0.7683623544117633
16729,197570.9855,0.7684177343679668
5754,197543.1995,0.7684731065356409
10499,197522.792,0.7685284729830091
17218,197476.81650000002,0.7685838265432564
1891,197471.03500000003,0.7686391784829256
18705,197437.826,0.7686945211139762
12592,197425.94499999998,0.7687498604147338
19664,197423.25699999998,0.7688051989620339
8509,197406.109,0.7688605327026795
15781,197386.08049999998,0.7689158608292546
6399,197353.46,0.7689711798121699
7505,197315.88900000002,0.76902648826378
9740,197278.15850000002,0.7690817861393765
17811,197276.242,0.7691370834777702
10152,197275.458,0.7691923805964056
10362,197260.983,0.769247673657639
19795,197243.91049999997,0.7693029619333809
19474,197237.2175,0.7693582483330476
10817,197196.2725,0.7694135232556629
1790,197178.0,0.7694687930564218
10473,197167.581,0.7695240599366923
18952,197063.876,0.7695792977480266
2505,197058.728,0.7696345341163555
5071,197011.6645,0.7696897572925927
17163,197008.0345,0.769744979451326
13196,196994.5525,0.7698001978309994
7506,196901.29249999998,0.769855390069513
10203,196891.074,0.7699105794437392
14923,196891.074,0.7699657688179653
6631,196889.405,0.7700209577243641
3857,196880.696,0.7700761441895944
6679,196871.39750000002,0.7701313280484171
2680,196867.5745,0.7701865108356373
8301,196808.684,0.7702416771156091
9534,196780.022,0.770296835361505
13650,196773.6885,0.7703519918320948
11101,196708.9955,0.770407130168972
15454,196651.8015,0.7704622524741367
14187,196649.9605,0.7705173742632615
4950,196608.76400000002,0.7705724845048387
377,196549.2745,0.7706275780712656
5336,196545.294,0.770682670521942
13694,196544.4325,0.7707377627311364
9767,196542.8075,0.7707928544848366
17617,196453.686,0.7708479212574154
19227,196445.473,0.7709029857278568
14511,196324.948,0.7709580164146471
11146,196279.202,0.7710130342786464
14312,196234.96099999998,0.7710680397417122
13611,196211.2245,0.7711230385513399
5863,196174.449,0.7711780270526444
1754,196164.378,0.7712330127310062
10811,196105.07,0.7712879817850928
7085,196055.9455,0.7713429370693811
6771,196027.55649999998,0.7713978843961162
5280,195977.45700000002,0.7714528176797564
18176,195874.01,0.7715077219667791
18497,195851.136,0.7715626198421258
16109,195799.31650000002,0.7716175031922545
19691,195759.62999999998,0.7716723754180947
4605,195752.71800000002,0.7717272457064731
5113,195626.94400000005,0.7717820807398842
19004,195622.3205,0.7718369144773093
9017,195557.177,0.7718917299547446
10907,195500.953,0.7719465296723627
1549,195451.041,0.7720013153994426
18420,195332.1365,0.7720560677971043
5486,195322.582,0.7721108175166006
2014,195278.10749999998,0.7721655547697125
19790,195195.936,0.7722202689898163
12117,195186.9325,0.7722749806862024
292,195168.98950000003,0.772329687353092
17132,195156.28749999998,0.7723843904595591
4185,195153.00100000002,0.7724390926448067
3837,195124.14049999998,0.7724937867403381
1459,195066.538,0.7725484646896528
19925,195009.571,0.7726031266708842
16400,194998.37300000002,0.7726577855132704
5869,194990.1815,0.7727124420595455
9051,194980.39249999996,0.7727670958619237
16935,194973.8565,0.7728217478322346
2776,194967.65399999998,0.7728763980639591
17719,194960.95849999998,0.7729310464189076
6067,194897.0795,0.772985676868311
18897,194896.56499999997,0.7730403071734979
6481,194890.6085,0.7730949358090534
9047,194877.19449999998,0.7731495606846098
12271,194865.3935,0.7732041822522975
970,194838.4755,0.7732587962747597
11357,194777.9115,0.7733133933208847
1290,194652.50699999998,0.7733679552156147
244,194528.32,0.7734224823002204
436,194506.2205,0.7734770031902456
15543,194461.10199999998,0.7735315114333705
12605,194444.964,0.7735860151529481
3099,194431.734,0.7736405151641024
14090,194419.0465,0.7736950116188985
12457,194415.71649999998,0.7737495071402819
39,194371.81949999998,0.7738039903571565
7786,194349.1135,0.7738584672094463
1174,194210.122,0.7739129051018496
7831,194200.18,0.7739673402074696
14842,194196.37050000002,0.7740217742452711
2371,194116.8265,0.7740761859865637
13911,194103.811,0.7741305940795583
6357,194095.13400000002,0.7741849997403543
19655,194041.7855,0.7742393904473474
3611,194038.5595,0.7742937802500794
11761,194021.066,0.7743481651493118
2671,193924.74750000003,0.7744025230500742
9259,193883.36800000002,0.7744568693519934
7845,193832.045,0.7745112012678655
15218,193781.902,0.7745655191284494
1434,193717.994,0.7746198190753592
18730,193678.0015,0.7746741078122075
1052,193660.3005,0.774728391587393
15853,193627.8445,0.7747826662650289
17205,193614.2885,0.7748369371428624
14394,193593.74,0.7748912022608672
430,193542.17599999998,0.7749454529252717
18889,193539.5075,0.7749997028416847
8209,193451.49599999998,0.7750539280881139
8388,193443.96999999997,0.7751081512249745
10041,193415.1385,0.7751623662802476
19887,193315.09900000002,0.7752165532940393
3067,193297.05550000002,0.775270735250164
10135,193226.413,0.7753248974049067
1847,193199.349,0.7753790519734993
3801,193183.807,0.7754332021856059
1668,193176.66199999998,0.7754873503949395
17546,193171.4105,0.7755414971322563
9288,193120.93850000002,0.7755956297220647
9272,193024.7095,0.7756497353384905
14167,193023.93399999998,0.7757038407375404
11202,193007.536,0.7757579415401638
18930,193004.265,0.7758120414259124
17725,192945.418,0.7758661248166061
4374,192827.77949999998,0.7759201752327466
16865,192783.69,0.7759742132904196
18591,192724.4405,0.7760282347402151
9041,192712.6755,0.776082252892233
18850,192703.9755,0.7761362686056054
13618,192657.215,0.776190271211818
5443,192636.71050000002,0.7762442680705354
1742,192399.08049999998,0.7762981983205908
17597,192349.40600000002,0.7763521146466804
12489,192329.24450000003,0.7764060253214191
16996,192260.3115,0.7764599166739556
3558,192238.00199999998,0.7765138017730479
19689,192044.873,0.7765676327372907
2381,192040.08149999997,0.7766214623584564
18630,191991.847,0.7766752784592944
4855,191929.438,0.7767290770666341
13409,191916.06399999998,0.7767828719251868
17685,191906.90099999998,0.776836664215313
5471,191903.232,0.7768904554770036
3992,191871.2135,0.7769442377637775
4611,191853.213,0.7769980150049375
4199,191842.325,0.7770517891941464
19441,191835.40649999998,0.7771055614440716
15769,191779.66150000002,0.7771593180684451
15902,191771.44850000003,0.7772130723906809
6492,191717.334,0.7772668115444009
6423,191574.27599999998,0.7773205105983778
6165,191528.546,0.7773741968340484
7317,191510.92799999999,0.7774278781313214
15496,191500.91449999998,0.7774815566217694
4183,191474.91449999998,0.777535227824311
18931,191467.223,0.7775888968708936
17137,191466.4855,0.7776425657107519
16411,191441.5135,0.7776962275508563
3830,191408.852,0.7777498802358087
986,191387.182,0.7778035268465713
17003,191368.122,0.7778571681147378
9048,191341.7555,0.7779108019922664
17774,191324.745,0.7779644311016821
11870,191322.5095,0.7780180595844781
10922,191319.436,0.7780716872057595
11813,191311.3775,0.7781253125682103
11712,191303.28800000003,0.7781789356631411
4659,191302.81100000002,0.7782325586243669
922,191288.427,0.7782861775536986
19237,191267.76499999998,0.778339790691387
268,191262.052,0.7783934022276982
1984,191258.332,0.7784470127212781
7509,191184.47600000002,0.7785006025127188
13716,191155.8975,0.778554184293489
4888,191134.9795,0.7786077602108581
16017,191119.0425,0.7786613316610208
3315,191117.29200000002,0.7787149026205112
10602,191092.67100000003,0.7787684666786346
9552,191023.5045,0.7788220113491048
14911,191006.20249999998,0.7788755511697535
2062,190991.71649999998,0.778929086929917
5265,190915.78900000002,0.7789826014072916
15372,190863.32950000002,0.7790361011800534
16633,190848.26400000002,0.779089596729894
18214,190814.71999999997,0.7791430828772138
5470,190801.1275,0.7791965652145004
6862,190798.09699999998,0.7792500467023254
2935,190700.125,0.7793035007281977
12519,190699.665,0.77935695462513
12823,190683.235,0.7794104039166662
1011,190674.823,0.7794638508502841
15459,190571.141,0.779517268721413
5686,190497.09050000002,0.7795706658358835
7968,190468.8255,0.7796240550275588
15772,190457.316,0.7796774409930741
5362,190434.80599999998,0.7797308206489444
11030,190431.1725,0.7797841992863297
913,190424.8255,0.7798375761446248
13543,190346.821,0.7798909311379393
14859,190328.36000000002,0.7799442809565599
8809,190296.69749999998,0.7799976219000521
2450,190254.7045,0.7800509510727344
7479,190184.8185,0.7801042606560847
7377,190165.79950000002,0.7801575649083314
2453,190154.814,0.7802108660812976
11804,190152.3655,0.7802641665679392
4297,190007.27749999997,0.7803174263858202
572,189977.462,0.7803706778462945
1321,189968.7795,0.7804239268730286
1289,189947.7405,0.7804771700024449
4019,189884.7535,0.7805303954763471
5846,189881.63999999998,0.7805836200775224
11979,189814.37300000002,0.7806368258234823
19549,189791.0555,0.7806900250334514
10737,189744.10600000003,0.7807432110832835
10909,189710.836,0.7807963878073984
8457,189686.28949999998,0.7808495576510287
2070,189621.4915,0.7809027093315144
5051,189604.0075,0.7809558561111632
7323,189559.463,0.7810089904048063
17565,189558.69249999998,0.7810621244824751
13486,189535.3575,0.7811152520192479
2596,189517.3995,0.7811683745223198
9381,189498.82600000003,0.7812214918191636
11200,189460.08849999998,0.7812745982577275
18624,189455.2105,0.7813277033289678
7669,189447.09999999998,0.781380806126802
11205,189424.6505,0.7814339026319493
9509,189423.93949999998,0.7814869989378005
11132,189423.5275,0.7815400951281664
11692,189388.2335,0.7815931814254795
941,189376.976,0.7816462645672693
15989,189372.995,0.7816993465931684
1979,189368.1585,0.781752427263377
9754,189364.12099999998,0.7818055068018576
6377,189356.324,0.7818585841548072
14442,189275.173,0.7819116387607993
549,189196.2835,0.7819646712537415
9750,189168.043,0.782017695830756
4660,189136.11,0.7820707114568198
907,189084.562,0.7821237126337681
8451,189044.772,0.7821767026574165
10605,189039.14649999997,0.7822296911042141
16448,188997.37,0.7822826678408878
18670,188965.37050000002,0.7823356356079706
12051,188942.96000000002,0.7823885970932986
6529,188870.097,0.7824415381548292
16760,188859.7005,0.7824944763021784
13644,188851.0815,0.7825474120335866
13073,188835.066,0.7826003432757845
16088,188730.74649999998,0.7826532452767995
6832,188668.086,0.7827061297138196
12236,188659.917,0.7827590118610357
9202,188659.768,0.7828118939664864
6223,188651.03900000002,0.7828647736251627
17125,188646.183,0.7829176519226824
4945,188616.75999999998,0.7829705219728147
16740,188584.678,0.783023383030231
10965,188566.767,0.7830762390671208
3684,188553.216,0.7831290913056096
4392,188526.1635,0.7831819359611719
14409,188486.919,0.7832347696163403
4187,188485.74699999997,0.7832876029429923
13860,188484.755,0.7833404359915825
19571,188439.662,0.7833932564004203
15369,188413.155,0.7834460693792374
4098,188378.2345,0.7834988725696954
2743,188359.59649999999,0.7835516705358456
5008,188320.0855,0.7836044574269007
12686,188268.56699999998,0.7836572298771093
5179,188198.11849999998,0.7837099825803151
3852,188022.3935,0.7837626860270837
17324,188005.5925,0.7838153847644632
545,187915.441,0.7838680582320082
2875,187850.27899999998,0.7839207134343777
1246,187829.592,0.7839733628380965
8621,187829.23249999998,0.7840260121410458
2441,187807.9895,0.7840786554894954
18055,187738.78149999998,0.7841312794386591
15023,187716.081,0.7841838970247798
6271,187599.7715,0.7842364820088714
7409,187548.2095,0.7842890525399232
14988,187509.92250000002,0.7843416123389723
13396,187472.4995,0.7843941616482011
17960,187467.899,0.784446709667891
9738,187442.26,0.7844992505008642
18465,187436.6035,0.7845517897482972
14307,187406.8085,0.7846043206440698
16427,187393.62399999998,0.784656847844173
5171,187387.06650000002,0.7847093732061822
16556,187373.65899999999,0.7847618948100142
19723,187357.685,0.7848144119362686
7174,187311.62450000003,0.7848669161515761
11907,187228.70599999998,0.7849193971244887
11781,187200.5,0.784971870191144
13134,187191.8715,0.7850243408391954
2995,187172.7185,0.7850768061185825
2964,187160.97999999998,0.78512926810762
5689,187160.2965,0.7851817299050696
12593,187114.7295,0.7852341789299025
3167,187100.314,0.7852866239140118
15780,187089.369,0.7853390658301928
4139,187072.061,0.7853915028948705
16438,187043.882,0.785443932060859
17073,187023.1795,0.7854963554238521
6888,187015.608,0.7855487766645227
18764,186915.463,0.7856011698341397
5640,186908.9205,0.7856535611698672
6663,186905.087,0.7857059514310489
8839,186903.3645,0.785758341209407
7012,186872.435,0.7858107223180995
14273,186797.997,0.7858630825615158
9192,186797.62999999998,0.7859154427020606
10382,186795.8145,0.7859678023337131
11854,186746.1785,0.7860201480521918
2146,186666.0485,0.7860724713099033
2930,186630.7265,0.7861247846667135
15638,186589.8835,0.7861770865750637
253,186580.1165,0.7862293857456837
1292,186550.826,0.7862816767060568
6289,186494.5465,0.7863339518910555
7257,186490.467,0.7863862259325536
12197,186414.96399999998,0.7864384788102516
12921,186376.94449999998,0.7864907210309282
4541,186319.4905,0.7865429471470132
7086,186289.478,0.7865951648504718
5210,186288.78250000003,0.7866473823589786
11162,186286.19,0.7866995991407972
19399,186283.53200000004,0.7867518151775675
2341,186274.175,0.7868040285915324
789,186223.4815,0.7868562277959018
13692,186168.81600000002,0.7869084116773075
13575,186105.848,0.7869605779085251
5855,186047.838,0.7870127278793021
12573,186038.2475,0.7870648751618227
6655,186027.158,0.787117019335911
3828,185998.426,0.7871691554563022
5769,185923.691,0.7872212706281668
6948,185897.913,0.7872733785743525
6180,185887.4695,0.7873254835931823
15081,185884.9675,0.7873775879106913
17747,185875.563,0.7874296895920806
5050,185821.25999999998,0.7874817760521166
18138,185812.3945,0.7875338600271165
17890,185744.9475,0.7875859250964462
19328,185698.2335,0.7876379770716504
15185,185641.97999999998,0.7876900132787682
1054,185635.69100000002,0.7877420477230536
15303,185612.9325,0.7877940757880382
8199,185581.771,0.7878460951183267
9276,185563.68,0.7878981093776338
10887,185536.5025,0.7879501160189766
4684,185487.672,0.7880021089729301
2051,185478.63950000002,0.788054099395037
9627,185458.97400000002,0.7881060843048238
17129,185391.35499999998,0.7881580502607278
7392,185381.943,0.7882100135784098
17364,185349.04,0.7882619676732461
18246,185343.0895,0.7883139201001329
12983,185297.7855,0.7883658598281231
6220,185294.31600000002,0.7884177985835982
18743,185263.623,0.7884697287356998
3678,185210.609,0.78852164402776
5618,185138.944,0.7885735392318273
12507,185088.925,0.7886254204153641
17042,185069.9875,0.7886772962906422
5499,184998.191,0.7887291520410672
59,184982.257,0.7887810033251269
7011,184981.032,0.788832854265814
14332,184910.8015,0.7888846855206044
11399,184905.345,0.7889365152459155
18412,184746.30849999998,0.7889883003926443
17942,184694.804,0.7890400711024511
14836,184627.34,0.7890918229018224
15068,184626.8285,0.7891435745578181
9533,184536.834,0.7891953009879871
15386,184532.0945,0.7892470260896547
18019,184483.7645,0.7892987376442255
9210,184454.54599999997,0.7893504410087312
2122,184424.69400000002,0.7894021360055988
5158,184367.376,0.7894538149359965
8708,184287.303,0.7895054714216043
7633,184255.825,0.7895571190837999
822,184243.24,0.7896087632183685
125,184237.60600000003,0.7896604057737038
10154,184193.159,0.789712035870363
18399,184130.37,0.7897636483670083
6226,184078.527,0.7898152463318485
7621,184058.9,0.7898668387951604
5739,183985.815,0.7899184107724474
645,183937.7875,0.7899699692874296
19408,183912.88450000001,0.7900215208219988
3205,183878.393,0.7900730626884594
19562,183864.77349999998,0.7901246007373184
9810,183864.108,0.790176138599635
7363,183864.0985,0.7902276764592886
11624,183824.008,0.790279203081411
17176,183800.459,0.7903307231026523
3637,183797.95049999998,0.7903822424207507
12807,183720.048,0.7904337399024595
5538,183665.513,0.7904852220977844
11147,183608.40399999998,0.7905366882852227
12057,183588.55450000003,0.790588148908765
13817,183522.0135,0.7906395908805927
8421,183516.791,0.7906910313885319
14154,183435.2005,0.7907424490263202
19660,183430.263,0.7907938652801069
18306,183403.078,0.7908452739138268
3120,183374.2785,0.7908966744749288
2251,183325.449,0.7909480613489221
11138,183226.441,0.7909994204705677
8669,183211.568,0.7910507754232503
8219,183196.536,0.7911021261624018
11468,183181.2825,0.7911534726259348
1883,183161.713,0.7912048136040569
5803,183105.66449999998,0.791256138871555
2754,183063.3285,0.7913074522720989
7886,183021.5685,0.7913587539671438
161,183012.434,0.7914100531017509
13961,182986.78499999997,0.7914613450468384
12981,182963.53900000002,0.7915126304759769
4323,182958.65,0.7915639145347086
7456,182886.328,0.7916151783212876
11254,182874.546,0.7916664388053238
8532,182867.75300000003,0.7917176973852542
597,182861.266,0.7917689541468519
8662,182852.2095,0.7918202083698757
13326,182779.09,0.7918714420972042
16951,182773.093,0.791922674143549
11467,182738.8145,0.79197389658149
617,182729.6015,0.7920251164369893
16381,182715.3515,0.7920763322981553
18695,182699.7935,0.7921275437983502
3460,182684.22600000002,0.792178750934911
2344,182672.578,0.7922299548064898
12454,182642.166,0.7922811501534605
13527,182618.1765,0.792332338776076
18085,182614.71500000003,0.792383526428419
11955,182607.26,0.792434711991095
7938,182563.17,0.7924858851951635
17684,182524.01599999997,0.7925370474242053
5007,182520.371,0.7925882086315388
14851,182516.775,0.7926393688308987
10335,182451.612,0.792690510764803
18125,182422.1095,0.7927416444290356
7610,182413.87850000002,0.7927927757860853
2971,182327.563,0.792843882948547
19854,182256.3935,0.7928949701619062
10414,182194.47749999998,0.7929460400199573
494,182182.4215,0.7929971064986622
7805,182142.475,0.7930481617801995
6640,182111.69400000002,0.7930992084336965
6989,182059.096,0.7931502403437588
13667,181965.028,0.7932012458861755
157,181960.86800000002,0.7932522502625271
12245,181926.6145,0.7933032450374825
15216,181925.644,0.7933542395404027
3009,181899.7165,0.7934052267757384
3289,181895.83849999998,0.793456212924055
19632,181855.68649999998,0.7935071878176015
8878,181839.9655,0.7935581583044874
10324,181806.2125,0.7936091193302692
17909,181768.317,0.7936600697337871
13418,181724.89750000002,0.7937110079666414
1403,181693.165,0.793761937304746
12539,181692.905,0.7938128665699716
11434,181681.763,0.793863792712049
10767,181663.40749999997,0.7939147137090045
18472,181655.1465,0.7939656323903679
4925,181578.1815,0.7940165294981266
6398,181543.7525,0.7940674169552957
9527,181543.298,0.7941183042850666
5884,181536.01750000002,0.7941691895740834
11331,181474.73700000002,0.7942200576859253
16803,181472.30599999998,0.794270925116348
13965,181467.5615,0.7943217912168679
9515,181394.6105,0.7943726368689237
19366,181361.90999999997,0.7944234733548954
415,181361.662,0.7944743097713518
14737,181354.6855,0.7945251442322666
11405,181345.329,0.7945759760705162
15442,181329.28900000002,0.7946268034126882
9273,181255.24000000002,0.7946776099986221
4509,181253.8875,0.7947284162054448
3127,181208.8405,0.794779209785409
11335,181181.162,0.7948299956069763
19281,181072.64299999998,0.7948807510102236
11697,181050.025,0.7949315000735528
18632,181049.887,0.7949822490982001
14815,181045.72,0.7950329969548202
13821,181033.2335,0.7950837413114232
12459,180995.82200000001,0.7951344751814297
19288,180987.33399999997,0.7951852066722149
13337,180970.1095,0.7952359333349023
17106,180963.834,0.7952866582385413
987,180918.485,0.79533737043067
11658,180890.9685,0.7953880749098111
5821,180889.579,0.7954387789994696
2676,180886.9325,0.7954894823473032
12349,180844.395,0.7955401737717015
13784,180818.65000000002,0.7955908579796709
16593,180810.90199999997,0.7956415400158441
15113,180643.544,0.7956921751408847
12637,180639.137,0.7957428090306252
17946,180625.233,0.7957934390230175
11298,180613.40649999998,0.7958440657003933
6038,180611.465,0.7958946918335589
13921,180584.6535,0.7959453104513512
19565,180581.50900000002,0.7959959281877272
18958,180415.4765,0.7960464993845138
10859,180395.352,0.7960970649403205
8337,180392.6525,0.7961476297394464
13345,180331.25300000003,0.7961981773280409
11359,180326.211,0.7962487235033423
14757,180316.4725,0.7962992669489021
4697,180314.148,0.796349809742895
8923,180298.3695,0.79640034811411
235,180294.67899999997,0.7964508854508626
15251,180225.8665,0.7965014034991897
4708,180218.9005,0.7965519195949184
4126,180161.7615,0.7966024196743515
10168,180123.10150000002,0.7966529089172284
3583,180119.824,0.7967033972414086
5147,180062.5575,0.7967538695135543
18056,180051.07150000002,0.7968043385661271
7854,180020.77800000002,0.796854799127308
9177,179975.36000000002,0.7969052469576374
10369,179939.2695,0.7969556846716519
4502,179929.4425,0.7970061196311181
1714,179918.21899999998,0.7970565514445912
9274,179872.1505,0.7971069703448752
18819,179857.83,0.7971573852310644
14549,179784.5885,0.7972077795873612
10141,179783.719,0.7972581736999337
3746,179774.5895,0.7973085652534699
646,179767.5015,0.7973589548202108
1667,179709.35350000003,0.797409328087829
18144,179677.888,0.7974596925355389
18882,179618.13899999997,0.7975100402353593
16714,179600.348,0.7975603829482897
12084,179581.43649999998,0.7976107203602492
11664,179579.9985,0.7976610573691313
16648,179577.625,0.7977113937127117
5221,179569.3025,0.7977617277234612
5400,179562.15900000004,0.7978120597318584
4177,179455.10499999998,0.7978623617325812
4382,179432.1255,0.7979126572920561
18623,179361.5275,0.7979629330626224
18752,179341.56350000002,0.7980132032371978
19132,179333.74300000002,0.798063471219655
14405,179303.3705,0.7981137306885762
5797,179260.3995,0.7981639781125499
5656,179255.52,0.79821422416878
8285,179235.4875,0.7982644646098183
9284,179224.74300000002,0.7983147020391291
1326,179200.0,0.7983649325328759
17735,179158.50400000002,0.7984151513951239
3401,179156.338,0.7984653696502332
10523,179104.124,0.7985155732695445
2919,179058.3685,0.7985657640634019
7220,179001.855,0.7986159390162938
6613,178998.88299999997,0.7986661131361218
275,178989.68300000002,0.7987162846771523
15471,178985.15149999998,0.7987664549479847
16979,178980.69299999997,0.7988166239690814
2739,178955.8395,0.7988667860236401
6626,178932.1055,0.7989169414254617
10869,178919.9375,0.7989670934165428
7566,178903.7245,0.7990172408630538
19460,178894.0655,0.7990673856021074
4934,178893.73249999998,0.7991175302478198
4568,178871.472,0.7991676686538229
3119,178850.9205,0.7992178012991564
792,178839.013,0.7992679306067689
11090,178835.7385,0.7993180589965257
1473,178831.497,0.7993681861973727
30,178808.78999999998,0.7994183070333545
12087,178781.327,0.7994684201713451
2388,178762.17549999995,0.7995185279410917
7129,178748.929,0.79956863199779
19489,178732.5065,0.7996187314511944
16225,178716.85249999998,0.7996688265167187
3470,178707.3175,0.7997189189095433
17527,178679.5775,0.7997690035267323
6483,178668.13249999998,0.799819084935841
8658,178625.1195,0.7998691542882297
725,178622.3185,0.7999192228554866
13049,178592.235,0.7999692829902153
2836,178584.67200000002,0.800019341005004
1886,178546.598,0.8000693883474947
9628,178445.697,0.800119407407022
266,178429.226,0.8001694218496604
3314,178413.92950000003,0.8002194320046274
517,178379.35499999998,0.8002694324682204
2066,178366.885,0.8003194294364214
17008,178339.78449999998,0.8003694188082413
6008,178310.3855,0.800419399939401
563,178189.51,0.8004693471886632
2592,178186.796,0.8005192936771801
15766,178181.351,0.8005692386394411
10078,178174.5735,0.8006191817019412
14483,178122.7145,0.8006691102281512
921,178118.3945,0.8007190375434475
1715,178115.287,0.8007689639876989
2370,178053.817,0.8008188732016576
3771,178034.55899999998,0.8008687770175199
3292,178020.8385,0.80091867698747
14730,177998.728,0.8009685707597565
15745,177939.097,0.8010184478172294
9401,177903.334,0.801068314850187
16723,177872.834,0.8011181733338698
7970,177872.754,0.8011680317951283
10176,177865.719,0.8012178882844473
9967,177862.021,0.8012677437372018
18649,177824.554,0.8013175886878028
4058,177809.44,0.8013674294018878
17293,177784.08899999998,0.8014172630099837
5704,177757.1845,0.8014670890766381
16692,177752.185,0.801516913741912
31,177693.0825,0.8015667218405134
4805,177644.20999999996,0.8016165162399528
8543,177639.614,0.8016663093511145
964,177593.665,0.8017160895825834
14677,177575.097,0.8017658646093659
6457,177567.9955,0.801815637645569
3675,177558.1825,0.8018654079311478
14050,177534.794,0.8019151716608345
10433,177517.095,0.8019649304294189
2891,177462.39649999997,0.8020146738657897
12035,177307.8395,0.8020643739792007
10256,177220.74450000003,0.8021140496795266
9421,177147.28900000002,0.802163704789975
12747,177107.83500000002,0.8022133488413057
11536,177076.0125,0.8022629839726593
6080,177004.62550000002,0.8023125990939446
10333,176991.31,0.8023622104828406
3189,176989.5005,0.8024118213645265
5814,176971.97849999997,0.8024614273347239
19045,176970.13199999998,0.8025110327873398
353,176956.114,0.8025606343106529
2401,176920.76,0.8026102259240951
15277,176889.222,0.8026598086973068
17210,176887.29900000003,0.8027093909314936
6393,176878.571,0.8027589707191864
15227,176873.587,0.8028085491098436
3572,176833.95649999997,0.8028581163919093
17834,176820.3225,0.802907679852309
10973,176799.891,0.8029572375856755
16221,176796.63400000002,0.8030067944060916
9386,176791.955,0.8030563499149649
18950,176789.72,0.8031059047973584
548,176773.8705,0.8031554552370723
8688,176740.4045,0.8032049962961294
11921,176653.3755,0.8032545129606015
5190,176491.631,0.8033039842874279
16509,176468.3735,0.8033534490950818
2749,176428.5765,0.8034029027474736
2810,176414.151,0.8034523523563387
17807,176405.8605,0.8035017996413427
15239,176401.87099999998,0.8035512458080736
17399,176392.623,0.8036006893825521
4948,176373.91999999998,0.8036501277145033
14270,176336.6435,0.8036995555976988
2590,176311.6145,0.8037489764651632
3932,176309.215,0.8037983966600378
10142,176308.666,0.8038478167010256
14271,176300.03949999998,0.8038972343239701
5239,176266.84849999996,0.8039466426433413
15219,176199.103,0.8039960319733715
9,176153.96399999998,0.8040454086507552
5543,176151.10400000002,0.8040947845264692
12682,176066.6225,0.8041441367216728
12949,176052.69050000003,0.8041934850116798
19788,176039.6555,0.8042428296479228
17265,176005.383,0.8042921646774438
3196,175994.3515,0.8043414966147902
1991,175982.52699999997,0.8043908252376808
10043,175981.84649999999,0.8044401536698245
13723,175973.431,0.8044894797430692
16981,175967.842,0.8045388042496942
15309,175914.92,0.8045881139220659
477,175906.39,0.8046374212034436
9699,175897.098,0.8046867258802357
17412,175882.21600000001,0.8047360263855423
3228,175818.0,0.8047853088908412
7846,175768.282,0.8048345774599811
7599,175707.263,0.8048838289252455
19295,175684.5815,0.8049330740327925
17113,175637.0925,0.8049823058289785
17554,175633.1655,0.8050315365244102
12656,175595.6875,0.805080756714605
6910,175594.544,0.8051299765842721
4980,175587.15999999997,0.8051791943841737
12106,175550.7825,0.8052284019873132
3624,175459.975,0.8052775841367386
8897,175444.316,0.8053267618968821
18763,175414.009,0.8053759311618495
1424,175404.2625,0.805425097694833
324,175364.474,0.8054742530749369
10837,175301.432,0.8055233907841104
14300,175276.1715,0.8055725214126621
8666,175223.303,0.8056216372219569
3137,175222.16,0.805670752710864
11427,175222.16,0.805719868199771
4984,175141.679,0.8057689611295243
45,175127.449,0.8058180500705504
1198,175123.27649999998,0.8058671378420077
13478,175121.19300000003,0.8059162250294513
3842,175105.373,0.8059653077824842
7923,175087.96149999998,0.8060143856550023
6299,175055.378,0.8060634543942319
1421,175029.04249999998,0.8061125157515131
16452,174997.4535,0.8061615682542681
13970,174977.0515,0.8062106150382591
12857,174930.27899999998,0.8062596487117267
451,174883.544,0.8063086692851826
15960,174860.1735,0.8063576833077917
11309,174850.88749999998,0.8064066947274968
4372,174806.8645,0.8064556938073749
11519,174670.1145,0.806504654555668
3132,174644.902,0.8065536082367941
15064,174611.6695,0.8066025526027144
11858,174599.323,0.8066514935078601
17323,174597.376,0.8067004338672539
6326,174573.817,0.8067493676229635
8917,174546.90350000001,0.8067982938347088
15852,174540.732,0.8068472183165574
13451,174442.685,0.8068961153154304
9475,174363.98600000003,0.8069449902546515
10280,174352.01200000002,0.8069938618375113
8128,174291.85700000002,0.8070427165586784
18453,174272.293,0.8070915657959762
9007,174259.799,0.8071404115311546
5029,174205.798,0.8071892421296315
17277,174186.894,0.8072380674292399
19110,174160.742,0.8072868853983356
7812,174146.2895,0.8073356993163364
11745,174124.00950000001,0.807384506989162
11523,174119.27,0.8074333133334863
13199,174011.61049999998,0.8074820895004119
12699,173986.099,0.8075308585163595
18196,173921.41749999998,0.807579609401818
1216,173897.816,0.8076283536716793
17040,173871.8845,0.807677090672835
8768,173870.764,0.8077258273599099
10630,173869.9435,0.8077745638169954
10893,173841.2315,0.8078232922259898
13226,173829.23799999998,0.8078720172731569
5891,173768.672,0.8079207253434262
16485,173714.3265,0.8079694181804294
11401,173568.5505,0.8080180701558228
6809,173541.992,0.8080667146867601
13164,173530.09,0.808115355881518
14975,173525.212,0.8081639957089524
5738,173484.5845,0.8082126241483323
3342,173477.136,0.8082612504998671
3226,173441.087,0.8083098667467196
8820,173407.81100000002,0.8083584736661731
12339,173378.068,0.8084070722485418
12875,173369.14150000003,0.808455668328776
9304,173357.077,0.8085042610272817
6739,173328.4525,0.8085528457022226
4054,173321.0725,0.8086014283085194
3606,173304.0245,0.808650006136192
173,173272.976,0.8086985752608428
11681,173272.2225,0.8087471441742845
16201,173267.201,0.8087957116801793
18908,173267.0795,0.8088442791520172
4105,173260.102,0.8088928446680331
13333,173250.43300000002,0.8089414074737888
4111,173199.52750000003,0.8089899560105245
721,173188.21600000001,0.8090385013766004
4167,173186.87699999998,0.809087046367349
15684,173167.40350000001,0.8091355858995959
328,173124.409,0.8091841133803083
9662,173119.386,0.8092326394530533
13777,173082.585,0.8092811552103274
9969,173038.499,0.8093296586101151
6940,173030.7245,0.8093781598306786
11480,173012.27599999998,0.809426655880052
15896,173001.4245,0.8094751488877057
17337,172983.449,0.8095236368567529
9606,172921.21899999998,0.8095721073824763
3257,172889.1695,0.8096205689245937
13152,172879.02000000002,0.8096690276217647
3074,172869.4055,0.809717483623952
11341,172844.21800000002,0.8097659325659798
5312,172840.651,0.809814380508163
17017,172838.38,0.8098628278137757
18672,172750.22699999998,0.8099112504097415
10787,172723.2115,0.809959665433152
3451,172718.9765,0.8100080792694747
7000,172506.021,0.8100564334134986
15747,172495.614,0.8101047846403979
2758,172423.46550000002,0.8101531156437772
6374,172408.486,0.8102014424483415
15572,172378.25149999998,0.8102497607780516
9015,172373.021,0.810298077641631
5117,172349.248,0.8103463878415412
17736,172337.636,0.8103946947865603
8290,172335.82399999996,0.8104430012236683
15866,172295.00900000002,0.8104912962201647
5354,172257.255,0.8105395806340604
9939,172240.99550000002,0.8105878604903516
15577,172238.427,0.8106361396266818
14482,172235.54899999997,0.8106844179562968
1411,172217.57,0.8107326912463244
2717,172176.43600000002,0.8107809530063234
12611,172130.82700000002,0.810829201981933
6688,172106.39500000002,0.810877444109153
14692,172100.412,0.8109256845593136
4124,171985.7695,0.8109738928747119
10259,171977.47100000002,0.8110220988640068
18031,171971.5015,0.8110703031800264
12714,171959.1205,0.8111185040256009
16463,171931.2175,0.8111666970498503
18728,171817.429,0.8112148581787173
11015,171804.8365,0.811263015777855
19539,171756.584,0.8113111598516193
76,171740.968,0.8113592995481549
18551,171644.794,0.8114074122867245
1922,171628.53350000002,0.8114555204674094
6835,171610.0835,0.8115036234764836
11898,171593.5875,0.8115517218616617
15014,171589.885,0.8115998192090138
6772,171500.171,0.8116478914091643
14274,171476.91,0.8116959570891612
6005,171439.891,0.8117440123925809
14709,171297.15350000001,0.8117920276860948
1981,171296.486,0.8118400427925059
14654,171222.5015,0.8118880371607586
4378,171214.431,0.8119360292668173
10878,171189.59850000002,0.8119840144122242
15950,171183.46050000002,0.8120319978371248
4066,171121.56,0.8120799639110617
12633,171102.2115,0.8121279245615349
10892,171089.576,0.8121758816702258
16059,171078.524,0.8122238356809958
8463,171051.3575,0.8122717820768846
14266,171030.24500000002,0.8123197225548532
115,171003.05450000003,0.8123676554112133
4386,170917.4995,0.8124155642861565
11522,170887.114,0.8124634646439196
14973,170850.343,0.812511354694621
6186,170814.956,0.8125592348262013
534,170796.786,0.8126071098646561
19057,170715.27000000002,0.8126549620538426
1585,170671.2555,0.8127028019055843
17939,170661.696,0.8127506390777591
6673,170609.315,0.8127984615673252
12672,170606.749,0.812846283337631
8891,170595.576,0.8128941019760991
3192,170595.24749999997,0.8129419205224873
18972,170551.529,0.8129897268144008
8779,170504.185,0.8130375198355974
7107,170453.184,0.8130852985610049
265,170416.85199999998,0.813133067102404
14132,170366.964,0.8131808216599925
16365,170335.42799999999,0.8132285673779109
8214,170335.3915,0.8132763130855983
2142,170313.37350000002,0.8133240526215502
6806,170277.485,0.8133717820978086
18018,170267.951,0.8134195089016477
3517,170232.4925,0.813467225766324
14935,170211.5955,0.8135149367734857
13752,170188.821,0.8135626413968619
19699,170184.805,0.8136103448945367
8045,170161.0025,0.8136580417202733
10773,170147.60700000002,0.8137057347911965
15940,170069.36,0.8137534059291651
10281,170062.9205,0.8138010752621154
15992,170017.90000000002,0.8138487319756355
3865,170006.66550000003,0.8138963855400791
12290,169990.185,0.8139440344849711
16096,169971.4575,0.8139916781804681
7180,169938.09399999998,0.8140393125240394
17913,169928.641,0.8140869442178962
4638,169900.3215,0.8141345679736811
15344,169898.60950000002,0.8141821912495854
19139,169835.25999999998,0.8142297967683656
5598,169783.829,0.8142773878708258
16398,169749.282,0.8143249692896205
3341,169716.323,0.8143725414698725
1162,169697.093,0.8144201082598768
2695,169620.71749999997,0.8144676536415157
1574,169609.9125,0.8145151959944689
2176,169605.725,0.8145627371736487
14222,169596.95249999998,0.8146102758938607
18636,169579.68099999998,0.8146578097728007
13856,169567.3655,0.8147053401996556
9522,169513.461,0.8147528555168583
10258,169511.93449999997,0.8148003704061769
5500,169499.43699999998,0.8148478817923951
16490,169488.684,0.8148953901645033
9648,169443.4495,0.814942885857196
7617,169416.8885,0.8149903741047317
19908,169283.09999999998,0.8150378248508029
14345,169257.98500000002,0.8150852685570369
11080,169256.47449999998,0.8151327118398716
18006,169247.381,0.8151801525737609
11400,169240.6165,0.8152275914115331
8097,169181.4605,0.8152750136676362
5101,169004.6215,0.8153223863550437
2967,168979.559,0.8153697520173299
14172,168876.64299999998,0.8154170888318397
7710,168860.6215,0.8154644211554576
2395,168839.672,0.8155117476068448
8317,168824.516,0.8155590698099431
10449,168809.544,0.8156063878163285
6453,168746.01,0.8156536880138737
13441,168724.338,0.8157009821366685
4060,168658.3205,0.8157482577544877
18177,168592.601,0.8157955149508619
16884,168556.468,0.8158427620190083
16493,168535.591,0.8158900032352462
3130,168533.465,0.8159372438555575
7495,168501.68050000002,0.8159844755665434
15241,168498.187,0.8160317062982868
13835,168489.74800000002,0.8160789346645441
19410,168410.633,0.8161261408545428
795,168408.10450000002,0.8161733463357926
14058,168324.83,0.8162205284748592
2941,168309.055,0.8162677061921286
12195,168296.683,0.8163148804414758
6895,168270.08000000002,0.8163620472338932
10466,168258.32749999998,0.8164092107320366
24,168159.467,0.8164563465191772
17333,168113.972,0.8165034695538831
8723,168080.8315,0.816550583299171
15822,168067.846,0.8165976934045702
19881,168040.6485,0.8166447958863987
19864,168015.15649999998,0.8166918912227151
9997,167962.923,0.8167389719177678
1728,167948.705,0.8167860486274567
15726,167933.0,0.8168331209349698
3733,167870.4985,0.8168801757230567
860,167807.8545,0.8169272129517737
17421,167766.996,0.8169742387276859
17313,167763.9145,0.8170212636398412
5895,167723.75400000002,0.8170682772948439
10638,167620.232,0.817115261932206
2430,167551.526,0.817162227310995
4809,167550.98700000002,0.8172091925387001
8676,167443.15850000002,0.8172561275416352
6532,167432.679,0.8173030596071235
8608,167394.88,0.8173499810773973
12318,167358.66449999998,0.8173968923963183
5541,167353.259,0.8174438022000553
1302,167245.43,0.8174906817788822
11605,167126.177,0.8175375279306049
3148,167097.5635,0.8175843660618463
4497,167080.07050000003,0.8176311992897283
10514,166950.392,0.8176779961681957
7903,166895.929,0.8177247777804612
10520,166862.207,0.817771549940312
2860,166861.88100000002,0.8178183220087837
14294,166795.935,0.8178650755923216
11167,166781.48200000002,0.8179118251246243
10585,166773.491,0.8179585724170172
4012,166759.1245,0.8180053156824212
12758,166745.8785,0.8180520552349172
18647,166691.5605,0.8180987795618554
16572,166647.8505,0.8181454916367016
16462,166611.13,0.8181921934186414
19875,166596.474,0.8182388910924442
11184,166586.1195,0.8182855858638384
15698,166551.044,0.8183322708034263
555,166532.23249999998,0.8183789504700737
16918,166492.393,0.8184256189695462
2705,166491.1705,0.8184722871263468
19850,166474.259,0.8185189505427847
15683,166452.839,0.818565607955109
1949,166451.759,0.8186122650647049
8558,166439.45100000003,0.818658918724318
11521,166402.11000000002,0.8187055619170959
11932,166355.776,0.8187521921222638
19770,166293.2025,0.8187988047878234
381,166244.55099999998,0.8188454038161684
12314,166156.44199999998,0.8188919781471999
17012,166146.61099999998,0.818938549722562
8677,166085.017,0.8189851040328736
2003,166049.7745,0.8190316484645681
16598,166043.826,0.8190781912288738
12771,166036.50400000002,0.8191247319407929
11257,166026.1095,0.819171269739091
5055,166002.722,0.8192178009817772
5897,165997.61100000003,0.8192643307918291
18685,165974.81,0.8193108542106674
16312,165925.98849999998,0.8193573639446393
14057,165894.092,0.8194038647378916
934,165866.2075,0.8194503577150044
16613,165846.908,0.8194968452823883
18656,165842.107,0.8195433315040322
10444,165818.335,0.8195898110622873
478,165800.617,0.8196362856541145
8560,165725.169,0.8196827390975583
1234,165639.239,0.8197291684544712
15238,165600.0385,0.8197755868233234
1275,165553.103,0.8198219920359628
15805,165510.345,0.8198683852633597
10026,165494.72849999997,0.8199147741133878
788,165490.28900000002,0.8199611617190058
7863,165484.42049999998,0.8200075476796592
17516,165431.63799999998,0.8200539188451619
4811,165415.014,0.8201002853508891
18530,165410.641,0.8201466506308466
17285,165382.70500000002,0.8201930080802289
7028,165335.752,0.820239352368493
5894,165332.84,0.8202856958405117
12940,165302.178,0.8203320307178462
9099,165281.8005,0.820378359883284
9517,165215.58550000002,0.8204246704883861
15792,165207.89500000002,0.8204709789378096
5558,165207.1335,0.8205172871737817
8863,165205.30599999998,0.820563594897498
3712,165197.717,0.8206099004939865
5256,165181.00149999998,0.8206562014050519
388,165173.19150000002,0.8207025001269423
2155,165156.448,0.8207487941555611
11602,165137.6225,0.8207950829073152
17259,165002.9375,0.8208413339063123
8909,164992.58399999997,0.820887582003181
558,164954.0175,0.8209338192897018
11289,164928.82249999998,0.820980049513961
14209,164925.847,0.8210262789041752
18887,164812.46,0.8210724765115492
3159,164756.05599999998,0.821118658308651
5626,164731.91,0.8211648333375301
19863,164688.99,0.8212109963357573
4044,164656.13350000003,0.8212571501241733
7242,164646.701,0.8213033012686208
9786,164615.381,0.8213494436339441
11900,164599.2375,0.8213955814741783
10688,164576.32799999998,0.8214417128927858
5434,164541.736,0.821487834615114
802,164524.7555,0.8215339515777386
3930,164490.669,0.8215800589857776
8756,164460.5875,0.821626157961849
12426,164364.531,0.8216722300128902
18571,164352.273,0.8217182986279636
2607,164333.837,0.821764362075351
5327,164257.916,0.821810404241771
6396,164216.3935,0.8218564347692643
19361,164213.8155,0.8219024645741336
12000,164177.02850000001,0.8219484840674562
17586,164114.93,0.821994486154315
12470,164025.985,0.8220404633095263
17179,163980.951,0.8220864278415229
10766,163958.468,0.8221323860714425
6556,163956.9095,0.8221783438645082
6152,163941.05399999997,0.8222242972132122
1634,163875.22999999998,0.8222702321111796
19297,163863.5455,0.8223161637339337
10708,163849.91700000002,0.8223620915365635
352,163848.859,0.8224080190426316
9160,163845.5275,0.8224539456148666
19383,163830.2365,0.8224998679009716
17167,163800.31,0.8225457817985562
13937,163706.4515,0.822591669387219
3847,163686.608,0.8226375514136673
5288,163675.02399999998,0.8226834301930732
6269,163637.167,0.8227292983610068
9624,163627.771,0.8227751638952032
18862,163610.4765,0.8228210245816805
4461,163552.16700000002,0.8228668689237661
4257,163491.7295,0.822912696324973
988,163459.0785,0.822958514573971
6019,163434.7385,0.8230043260003672
15208,163369.791,0.8230501192217133
2452,163324.218,0.823095899668761
8382,163323.63450000001,0.8231416799522511
5973,163251.7845,0.8231874400958922
10668,163225.59149999998,0.8232331928975279
18054,163199.2125,0.8232789383050221
11525,163159.934,0.8233246727025918
14324,163131.592,0.8233703991557829
10595,163082.8155,0.8234161119367213
11244,163051.0595,0.8234618158163229
13809,163025.8895,0.8235075126406705
19029,163008.18399999998,0.8235532045020939
14738,163002.2195,0.8235988946916435
3838,162997.141,0.8236445834576687
18900,162986.887,0.8236902693494558
19485,162977.184,0.8237359525214523
12707,162952.819,0.8237816288638394
17611,162935.32749999998,0.8238273003032874
11803,162867.26299999998,0.8238729526639775
6544,162859.671,0.8239186028965989
16487,162814.6875,0.8239642405201612
938,162813.5795,0.8240098778331464
11195,162807.859,0.824055513542652
17836,162741.604,0.82410113068061
18573,162687.20500000002,0.8241467325703054
11476,162686.9265,0.8241923343819361
2483,162675.134,0.8242379328880807
8446,162658.298,0.8242835266750256
7636,162639.801,0.8243291152771858
2624,162633.0095,0.8243747019756607
9590,162620.533,0.8244202851769215
16104,162606.2985,0.8244658643881936
9653,162570.32700000002,0.8245114335165071
1900,162569.72149999999,0.8245570024750964
16200,162532.953,0.8246025611273247
18409,162527.51,0.8246481182538578
3870,162502.95849999998,0.8246936684985048
19129,162499.78350000002,0.8247392178531864
9172,162484.016,0.8247847627881731
8649,162482.5315,0.8248303073070484
4278,162447.6445,0.8248758420469546
11730,162443.561,0.8249213756422392
14351,162350.8395,0.8249668832473077
18174,162333.3095,0.8250123859386455
6748,162333.133,0.8250578885805095
511,162320.94150000002,0.8251033878050462
16957,162303.512,0.8251488821440227
10032,162300.3565,0.8251943755984996
12202,162245.228,0.8252398536002323
5129,162199.86500000002,0.8252853188865302
19504,162191.55599999998,0.8253307818437815
13792,162132.30800000002,0.8253762281935758
4110,162043.317,0.8254216495988284
5297,162039.612,0.8254670699655543
12046,162007.407,0.8255124813050868
9583,161985.04849999998,0.8255578863774403
19878,161959.222,0.8256032842105201
17063,161936.732,0.8256486757395607
4692,161928.791,0.8256940650427065
6004,161916.2635,0.8257394508343429
5726,161903.937,0.8257848331708106
19712,161887.1365,0.8258302107980295
19023,161849.577,0.8258755778971669
4825,161829.115,0.8259209392607217
9470,161791.2795,0.825966290018831
11749,161699.263,0.8260116149843387
15457,161626.191,0.8260569194674655
7269,161605.158,0.8261022180549563
11315,161589.84350000002,0.82614751234973
10657,161508.696,0.8261927838985273
5367,161507.3775,0.8262380550777436
219,161490.5,0.8262833215261276
17570,161486.20249999998,0.8263285867699046
1601,161483.878,0.8263738513621147
95,161422.84,0.8264190988451237
327,161421.0795,0.8264643458346572
7823,161388.46,0.8265095836808114
19322,161385.0575,0.8265548205732308
12996,161371.5355,0.8266000536753783
7919,161362.93099999998,0.8266452843656492
2750,161310.75,0.8266905004293722
8394,161263.98799999998,0.8267357033855149
14097,161189.956,0.826780885590185
4901,161170.7995,0.8268260624252098
18480,161116.75,0.8268712241099384
1443,161056.4625,0.8269163688958339
6528,160956.803,0.8269614857467634
17395,160913.002,0.8270065903200934
1248,160891.7135,0.8270516889261695
7444,160887.51750000002,0.8270967863560897
16377,160878.34399999998,0.8271418812146404
7778,160864.411,0.827186972167714
10901,160864.352,0.8272320631042497
4029,160814.758,0.8272771401393841
19263,160811.62099999998,0.8273222162952046
11956,160809.362,0.8273672918178182
7936,160800.1755,0.8274123647654181
6741,160792.377,0.8274574355270666
1077,160717.8665,0.8275024854031169
1907,160704.75399999996,0.8275475316036798
18954,160686.88450000004,0.8275925727953486
5431,160623.443,0.8276375962041052
18072,160608.314,0.827682615372141
11326,160590.816,0.827727629635416
3018,160556.9735,0.8277726344124995
10656,160513.8435,0.8278176271000676
7789,160391.965,0.827862585624593
707,160360.583,0.8279075353526154
14970,160352.44650000002,0.8279524827999434
5853,160346.94900000002,0.8279974287062996
4820,160305.831,0.8280423630871121
18359,160305.63199999998,0.828087297412144
12723,160298.3695,0.8281322297014676
8707,160283.6665,0.8281771578694801
8737,160274.5095,0.8282220834707479
5657,160265.71250000002,0.8282670066061806
10582,160256.60700000002,0.8283119271893044
14798,160242.604,0.8283568438473299
11611,160173.589,0.8284017411601684
12891,160167.012,0.8284466366294468
18893,160164.635,0.8284915314324425
4961,160121.777,0.8285364142221652
975,160109.332,0.8285812935235034
11245,160101.85600000003,0.8286261707292881
6021,160080.2775,0.8286710418865312
13725,160078.4835,0.8287159125409085
17211,160049.734,0.8287607751366833
2332,160015.5365,0.828805628146759
12184,159965.2545,0.8288504670625839
11210,159931.0095,0.8288952963793953
8517,159909.5525,0.8289401196817215
1767,159881.046,0.8289849349935593
14527,159871.0785,0.8290297475114659
144,159810.28,0.8290745429873041
15844,159764.51750000002,0.8291193256357261
13363,159756.127,0.8291641059322565
17190,159735.97999999998,0.8292088805815006
8449,159705.174,0.8292536465956964
16646,159683.4325,0.8292984065156609
7556,159681.436,0.8293431658759982
8683,159674.93399999998,0.8293879234137984
14360,159653.992,0.8294326750814702
15870,159632.5795,0.8294774207471307
10107,159619.044,0.8295221626187351
4634,159605.633,0.8295669007311812
7167,159603.24,0.8296116381728595
3952,159602.62900000002,0.8296563754432722
1819,159584.12800000003,0.8297011075277787
11626,159565.199,0.829745834306409
11278,159554.2375,0.829790558012486
3617,159514.083,0.8298352704630924
10271,159484.04100000003,0.8298799744928029
5917,159480.69900000002,0.8299246775857373
17776,159439.7935,0.8299693692126925
11727,159369.77099999998,0.8300140412120542
7311,159311.414,0.8300586968537099
11416,159293.6375,0.8301033475125399
11756,159259.3565,0.8301479885622652
9376,159242.2715,0.830192624822995
1284,159209.038,0.8302372517682388
8882,159195.76,0.8302818749916049
17704,159184.83899999998,0.8303264951537699
10738,159161.82950000002,0.8303711088662779
14967,159157.446,0.8304157213500727
10163,159088.33200000002,0.8304603144609304
8830,159053.03749999998,0.8305048976785951
4528,159032.669,0.830549475186886
1073,158981.4115,0.8305940383274898
16623,158974.713,0.8306385995904765
9524,158973.55,0.8306831605274696
10849,158967.8335,0.8307277198621044
14135,158939.508,0.8307722712569854
263,158912.4375,0.8308168150638946
4513,158857.57749999998,0.830861343493321
564,158847.3245,0.8309058690487896
11828,158790.7205,0.8309503787379253
7304,158774.05800000002,0.830994883756494
13573,158769.04799999998,0.8310393873707391
4515,158734.0025,0.8310838811615872
15785,158716.3915,0.8311283700159997
17844,158704.27250000002,0.831172855473407
15367,158696.7305,0.8312173388167609
2063,158688.2635,0.8312618197867799
15497,158657.59850000002,0.8313062921612738
14954,158649.07799999998,0.8313507621474368
12128,158598.4115,0.8313952179315723
8526,158545.6535,0.8314396589274244
5882,158479.242,0.8314840813078612
16389,158457.0215,0.8315284974598008
17148,158398.75699999998,0.8315728972799625
17191,158394.94,0.8316172960302034
6169,158354.1295,0.8316616833410941
7025,158349.1415,0.831706069253828
5242,158334.59999999998,0.8317504510905198
726,158317.166,0.8317948280403901
17021,158309.224,0.8318392027640853
62,158281.06,0.8318835695932959
10261,158261.1735,0.8319279308482392
14374,158260.392,0.8319722918841249
13424,158240.516,0.8320166473486863
16296,158225.4875,0.8320609986006977
10428,158157.21600000001,0.8321053307159281
5714,158142.73349999997,0.8321496587716544
2402,158142.49300000002,0.8321939867599676
17446,158103.905,0.8322383039319065
14784,158099.0615,0.8322826197461923
11766,158077.2945,0.8323269294590989
17830,158029.722,0.8323712258372391
17394,158020.61999999997,0.8324155196640514
17027,158019.8505,0.8324598132751696
2802,158013.7275,0.832504105169986
3987,157998.3985,0.8325483927680207
9993,157984.87099999998,0.8325926765742419
12939,157936.21850000002,0.8326369467429682
13700,157882.71250000002,0.8326812019137435
1361,157849.51700000002,0.8327254477796844
12198,157833.38,0.8327696891223579
11490,157802.1565,0.8328139217129567
19836,157795.2405,0.8328581523649722
6785,157769.084,0.8329023756852137
6850,157765.03949999998,0.8329465978717655
8334,157732.464,0.8329908109272711
10564,157719.313,0.8330350202964976
7562,157638.3985,0.8330792069850584
2638,157603.005,0.8331233837526762
16750,157595.3375,0.8331675583710624
19095,157570.70750000002,0.8332117260855587
154,157544.455,0.8332558864413718
10498,157473.0095,0.8333000267707187
16588,157465.691,0.83334416504866
14625,157399.28149999998,0.8333882847117466
2622,157391.316,0.8334324021420709
16570,157374.323,0.8334765148091878
650,157362.951,0.8335206242886866
2092,157343.38999999998,0.8335647282851568
6062,157327.695,0.8336088278822544
5591,157295.3985,0.8336529184265107
4426,157216.758,0.8336969869275129
13853,157215.0625,0.8337410549532595
16947,157205.9575,0.8337851204268373
2767,157188.4045,0.8338291809802374
12365,157161.694,0.8338732340465749
12853,157159.0235,0.8339172863643602
2790,157157.12600000002,0.8339613381502686
13833,157154.8895,0.834005389309277
7048,157121.1495,0.8340494310108252
8591,157090.358,0.8340934640813897
5662,157082.2145,0.834137494869298
34,157020.09199999998,0.8341815082440152
12796,157016.9375,0.8342255207345131
963,156988.2145,0.8342695251738363
18839,156982.875,0.834313528116476
2308,156981.81300000002,0.8343575307614327
14165,156965.527,0.834401528841357
17716,156953.672,0.8344455235982761
7932,156942.956,0.8344895153514565
13550,156927.6235,0.8345335028068744
2125,156881.433,0.8345774773149062
17108,156849.4685,0.8346214428631576
7013,156823.816,0.8346654012209084
9081,156806.761,0.8347093547980727
6519,156786.988,0.8347533028327841
18537,156749.784,0.8347972404390621
5166,156711.87350000002,0.8348411674188716
13203,156686.1825,0.8348850871973886
3409,156669.76249999998,0.8349290023733125
10197,156652.386,0.8349729126785322
2169,156638.642,0.8350168191312526
3525,156630.3415,0.8350607232573086
12577,156628.39500000002,0.8351046268377528
10308,156615.85600000003,0.835148526903464
7017,156607.16,0.8351924245316507
13477,156579.79049999997,0.8352363144880546
15389,156553.54099999997,0.835280197086616
17699,156531.4235,0.8353240734855517
1202,156522.41700000002,0.8353679473599286
7724,156517.873,0.8354118199606037
14313,156482.1205,0.8354556825397066
5774,156432.423,0.8354995311883968
4798,156375.3935,0.8355433638514845
14326,156344.49300000002,0.8355871878530357
13983,156307.6505,0.8356310015274832
5522,156278.07499999998,0.835674806911797
17788,156226.862,0.8357185979408971
4119,156185.131,0.8357623772726271
3029,156184.73249999998,0.835806156492656
1358,156146.9315,0.8358499251169098
19886,156100.7095,0.8358936807849476
3478,156087.6895,0.8359374328034263
3466,156022.859,0.8359811666496503
3655,155963.12199999997,0.8360248837513486
9629,155958.3015,0.836068599501841
19569,155944.34100000001,0.8361123113391481
18103,155872.90099999998,0.8361560031515307
15709,155813.17250000002,0.8361996782217702
7433,155804.796,0.8362433509440425
12690,155781.5025,0.8362870171370512
14906,155778.6445,0.8363306825289508
4207,155731.5595,0.8363743347227324
3680,155704.42200000002,0.8364179793097614
10064,155697.58049999998,0.8364616219790899
5178,155687.77599999998,0.836505261900177
6386,155682.551,0.8365489003566753
10172,155594.85749999998,0.8365925142323263
7804,155585.61399999997,0.8366361255169864
17539,155584.3515,0.8366797364477627
9968,155536.7435,0.8367233340338217
7851,155475.96499999997,0.8367669145834182
3046,155471.87399999998,0.8368104939862907
16933,155394.7285,0.8368540517649636
6774,155367.53999999998,0.8368976019225887
13630,155354.6935,0.8369411484792871
8208,155310.349,0.8369846826060406
16932,155303.595,0.8370282148396203
4322,155174.68050000002,0.8370717109379379
5394,155132.47599999997,0.8371151952061612
5512,155076.989,0.8371586639211512
2785,155076.0105,0.8372021323618637
82,155067.23,0.8372455983413661
8206,155023.716,0.8372890521237162
2123,154969.17,0.8373324906165991
18721,154917.024,0.8373759144927447
3385,154855.9655,0.8374193212539427
4694,154832.4405,0.8374627214209869
10763,154824.7255,0.837506119425485
13682,154818.276,0.8375495156221618
18795,154795.861,0.8375929055358224
1029,154770.193,0.8376362882546374
9584,154742.0435,0.8376796630830324
1720,154718.33,0.8377230312644361
889,154706.84050000002,0.837766396225286
8173,154654.427,0.8378097464944173
9567,154650.477,0.8378530956563475
16239,154610.82,0.8378964337022581
15464,154561.113,0.8379397578150931
9619,154535.696,0.8379830748034389
15531,154441.1905,0.8380263653015061
13772,154429.92299999998,0.8380696526412468
18442,154399.793,0.8381129315354253
16016,154375.02500000002,0.838156203487032
10697,154364.289,0.8381994724292938
2870,154361.787,0.838242740670235
7164,154358.8175,0.8382860080788129
19701,154334.969,0.8383292688025588
7255,154323.769,0.8383725263868987
833,154299.445,0.8384157771531219
8302,154291.68349999998,0.8384590257437647
11933,154276.73750000002,0.8385022701449828
14365,154256.671,0.8385455089214786
9796,154255.08000000002,0.8385887472520106
18057,154254.506,0.8386319854216481
2417,154142.30849999998,0.8386751921418668
5497,154130.252,0.8387183954825992
12861,154103.965,0.838761591454978
18121,154098.6335,0.8388047859329155
6109,154091.12399999998,0.8388479783059094
4962,154090.769,0.8388911705793953
9069,154068.0355,0.8389343564805881
4233,154061.576,0.8389775405711567
25,154047.8165,0.8390207208048811
3377,154028.769,0.8390638956995131
1366,154012.43149999998,0.839107066014677
10066,153994.579,0.8391502313257121
16773,153965.336,0.8391933884398145
19803,153889.94900000002,0.8392365244226321
18507,153859.89750000002,0.8392796519818913
5610,153825.5005,0.8393227698995306
3649,153782.485,0.839365875759749
11686,153780.9625,0.8394089811932045
5945,153706.1945,0.8394520656688834
10302,153687.74000000002,0.8394951449716903
14795,153664.054,0.8395382176352145
10020,153608.737,0.8395812747931571
5859,153598.791,0.8396243291631952
16240,153543.0655,0.8396673679131473
15914,153523.99800000002,0.8397104013184014
17225,153521.685,0.8397534340753119
7436,153502.77399999998,0.8397964615313918
1845,153501.0265,0.8398394884976402
6380,153472.627,0.8398825075033926
12880,153443.166,0.8399255182511058
8308,153404.31299999997,0.8399685181081643
8404,153330.707,0.8400114973331594
16812,153254.6735,0.8400544552456533
5794,153183.80850000004,0.8400973932943974
9770,153160.834,0.8401403249032952
7075,153147.158,0.840183252678754
1387,153145.3695,0.8402261799528892
2209,153143.55450000003,0.8402691067182724
7232,153135.422,0.8403120312040824
5959,153134.884,0.8403549555390888
568,153099.99649999998,0.8403978700949862
13471,153069.87300000002,0.8404407762071432
1906,153062.424,0.8404836802313149
8303,153040.59100000001,0.8405265781356075
17432,153000.88400000002,0.8405694649098653
8548,152979.451,0.8406123456763654
4516,152946.20049999998,0.8406552171226144
4878,152908.418,0.8406980779782738
10770,152877.1095,0.8407409300580324
19920,152869.961,0.8407837801340372
6743,152860.7385,0.8408266276249377
13408,152845.615,0.8408694708766589
19259,152840.8,0.8409123127787161
16147,152825.072,0.8409551502721504
9683,152807.55700000003,0.8409979828560586
3423,152792.354,0.8410408111785036
13340,152778.1165,0.841083635510119
14896,152742.89349999998,0.8411264499685832
5330,152736.1775,0.8411692625445252
13535,152707.5365,0.8412120670922776
15574,152701.789,0.8412548700289822
10309,152680.43349999998,0.8412976669796528
4156,152670.919,0.84134046126337
3805,152665.5495,0.8413832540419944
4939,152607.91,0.841426030664031
1530,152589.3675,0.8414688020885288
18020,152574.865,0.8415115694479165
12782,152568.42799999999,0.8415543350029868
232,152484.426,0.8415970770119525
18610,152451.89399999997,0.8416398099020655
19546,152442.612,0.8416825401903958
4786,152431.37350000002,0.8417252673285286
15738,152406.12350000002,0.8417679873889828
5735,152352.462,0.8418106924078991
6356,152350.8465,0.841853396973984
18970,152343.549,0.8418960994945497
15967,152323.75149999998,0.8419387964657953
5186,152257.848,0.8419814749640199
12824,152242.48549999998,0.8420241491560728
880,152240.845,0.8420668228882868
16118,152227.46349999998,0.8421094928696117
9656,152202.50400000002,0.8421521558546865
1253,152158.166,0.8421948064116382
9930,152088.59999999998,0.8422374374689555
3819,152062.09850000002,0.8422800610977936
3929,152048.712,0.842322680974341
16126,152018.897,0.8423652924936219
8718,151972.856,0.842407891107422
11367,151961.19,0.8424504864511946
16863,151951.193,0.8424930789927669
15751,151928.7275,0.8425356652371678
2980,151887.2745,0.842578239862123
337,151880.691,0.8426208126416962
7962,151861.96399999998,0.8426633801720147
3212,151860.994,0.8427059474304381
3336,151827.451,0.8427485052866214
12156,151735.3135,0.842791037316286
9207,151726.4585,0.842833566863858
10234,151612.106,0.8428760643579559
5980,151602.69,0.8429185592127105
15453,151480.519,0.8429610198224337
1529,151417.953,0.8430034628946508
8901,151351.709,0.8430458873984035
19979,151322.62399999998,0.8430883037495115
16025,151308.1045,0.8431307160307442
13675,151302.742,0.8431731268088463
9434,151275.63550000003,0.8432155299888854
216,151188.652,0.8432579087870933
11250,151188.27,0.843300287478225
15637,151187.85350000003,0.8433426660526101
2424,151174.071,0.843385040763704
4784,151154.967,0.8434274101198684
19802,151121.378,0.8434697700608986
17366,151082.25,0.8435121190341903
16754,151080.182,0.8435544674278131
17025,151067.968,0.8435968123978016
1514,151065.393,0.8436391566460072
8912,151061.864,0.8436814999050195
2252,151060.5085,0.8437238427840797
15103,151046.347,0.8437661816936135
1296,151041.1785,0.8438085191543955
18338,151014.4225,0.8438508491153612
11307,150992.0535,0.8438931728062046
19789,150980.91700000002,0.8439354933754414
18224,150974.705,0.8439778122034292
12941,150910.57,0.8440201130541138
9178,150899.179,0.8440624107118546
12070,150895.398,0.8441047073097655
3454,150892.34999999998,0.8441470030533095
14622,150822.3455,0.8441892791743056
17835,150815.446,0.8442315533613436
18116,150805.228,0.8442738246842344
13728,150793.9535,0.8443160928468366
11365,150753.354,0.8443583496292327
17559,150667.182,0.8444005822572646
11070,150632.0635,0.8444428050414369
949,150525.344,0.8444849979116964
14476,150497.1585,0.8445271828814449
3145,150481.3555,0.8445693634215479
11441,150479.39,0.844611543410713
12886,150470.9885,0.8446537210449033
5967,150425.31900000002,0.8446958858777458
1337,150420.317,0.8447380493085072
4186,150357.9575,0.8447801952596453
9674,150349.8685,0.8448223389434039
8368,150340.6205,0.84486448003491
17145,150331.4115,0.8449066185450957
18678,150326.099,0.8449487555661659
16903,150305.10400000002,0.8449908867022516
8152,150201.1805,0.8450329887081549
3343,150154.38,0.8450750775956863
16846,150142.7465,0.8451171632223
12753,150142.587,0.8451592488042052
423,150134.423,0.8452013320977078
492,150114.4125,0.8452434097821853
16640,149990.7205,0.8452854527952887
1916,149962.51750000002,0.8453274879029757
9019,149887.6605,0.8453695020279393
14004,149854.3415,0.8454115068134505
12789,149853.80550000002,0.8454535114487188
10241,149831.12,0.8454955097251485
14983,149827.3395,0.8455375069418888
18073,149821.3045,0.8455795024669938
2212,149806.24099999998,0.8456214937697379
705,149782.43449999997,0.8456634783994228
4197,149780.399,0.8457054624585487
19401,149738.954,0.8457474349004713
1934,149720.44999999998,0.8457894021556469
14322,149707.5885,0.8458313658056915
18732,149655.2075,0.8458733147731272
8667,149627.563,0.8459152559916965
6900,149576.642,0.8459571829369009
15086,149567.94999999998,0.8459991074457022
16571,149527.783,0.8460410206955288
5986,149523.4345,0.8460829327264532
4914,149523.0655,0.8461248446539452
6848,149519.79750000002,0.8461667556654036
16124,149518.2425,0.8462086662409889
6494,149510.237,0.8462505745726
7137,149501.395,0.8462924804257622
733,149416.074,0.8463343623630987
12353,149384.84649999999,0.8463762355472392
8900,149362.1765,0.8464181023768858
3170,149354.2305,0.8464599669792361
11238,149353.9815,0.8465018315117907
3407,149313.2175,0.8465436846180292
10350,149271.37,0.846585525994242
5404,149262.1835,0.8466273647954412
11016,149170.03999999998,0.8466691777684402
15384,149166.09399999998,0.8467109896353592
7826,149157.1785,0.8467527990032271
14159,149125.5975,0.8467945995188112
2533,149117.052,0.8468363976390568
15325,149100.933,0.8468781912410808
12479,149077.726,0.8469199783380875
7882,149021.0285,0.8469617495425529
6084,149018.671,0.8470035200862014
2863,148999.832,0.8470452853492009
13612,148970.6105,0.8470870424212944
6111,148938.836,0.8471287905868655
17861,148935.446,0.8471705378022057
5956,148916.2215,0.8472122796288398
7757,148911.822,0.8472540202222761
2173,148901.53600000002,0.8472957579325043
15984,148900.15,0.8473374952542313
10400,148860.874,0.8473792215667345
17996,148853.7185,0.8474209458735219
6648,148796.851,0.847462654240116
4254,148772.63199999998,0.8475043558180254
2145,148747.31,0.8475460502980744
7325,148745.68050000002,0.847587744321368
11998,148709.25199999998,0.8476294281336038
19368,148701.609,0.8476711098034755
16567,148700.293,0.847712791104467
320,148692.738,0.847754470287761
9282,148687.552,0.847796148017398
18918,148687.3855,0.8478378257003643
10538,148653.389,0.8478794938539724
11299,148578.052,0.8479211408903111
7186,148568.903,0.8479627853621475
2213,148544.32,0.8480044229432685
9577,148536.48200000002,0.8480460583273659
4554,148520.709,0.8480876892902268
13531,148452.8075,0.8481293012200193
13385,148404.47600000002,0.8481708996022943
4039,148401.288,0.84821249709096
19120,148378.76200000002,0.8482540882654956
7686,148337.7635,0.8482956679479838
17754,148337.411,0.8483372475316648
1414,148336.628,0.8483788268958676
8265,148332.86349999998,0.8484204052048658
12910,148280.41999999998,0.8484619688137361
9489,148247.5795,0.84850352321728
19715,148095.51,0.8485450349951202
1132,148036.0095,0.8485865300947267
7504,148030.9345,0.8486280237717899
6987,147984.13199999998,0.8486695043299207
3695,147966.843,0.848710980041874
10388,147902.62649999998,0.8487524377536794
16639,147892.3895,0.8487938925960118
5871,147892.18,0.8488353473796204
2777,147841.109,0.8488767878478187
5119,147767.082,0.8489182075659457
6026,147749.153,0.8489596222585006
19538,147714.9685,0.8490010273690003
6451,147688.6675,0.8490424251072219
16971,147685.8425,0.8490838220535846
15150,147663.325,0.8491252126881996
14828,147639.6795,0.8491665966948843
3134,147578.7775,0.849207963630489
9690,147571.57150000002,0.8492493285462223
15521,147489.31749999998,0.8492906704058227
3971,147461.7315,0.8493320045329543
8133,147327.65649999998,0.8493733010783144
14621,147302.2835,0.8494145905115189
4891,147243.362,0.8494558634287855
1840,147176.03350000002,0.849497117473598
3309,147127.4495,0.8495383579001163
15597,147076.112,0.8495795839365231
19667,147040.974,0.8496208001236046
13245,147030.886,0.8496620134829785
5343,147009.52000000002,0.8497032208533751
10080,146936.516,0.8497444077604515
11130,146928.093,0.8497855923065265
3557,146910.723,0.8498267719837195
3957,146863.7935,0.8498679385063813
11789,146838.8265,0.8499090980306909
5629,146814.889,0.8499502508452212
10782,146788.69199999998,0.8499913963166252
11728,146771.829,0.8500325370612613
9161,146759.249,0.8500736742796717
14532,146723.351,0.8501148014357258
19635,146704.491,0.8501559233052448
2107,146701.751,0.8501970444067304
16591,146665.84400000004,0.8502381554433369
11762,146625.84649999999,0.8502792552684805
14369,146529.4135,0.8503203280630592
14259,146522.4905,0.8503613989170927
7002,146499.43850000002,0.8504024633095563
910,146456.126,0.8504435155613487
5937,146451.3205,0.8504845664661398
1872,146449.807,0.8505256169466907
15439,146442.852,0.8505666654777266
13216,146429.99,0.8506077104034913
9256,146319.9295,0.8506487244788471
15088,146274.072,0.8506897257001579
9190,146260.247,0.8507307230462647
18587,146228.1395,0.8507717113925077
5270,146190.59050000002,0.8508126892136122
14025,146182.4125,0.8508536647423899
17460,146159.5185,0.8508946338538855
16079,146145.4665,0.850935599026548
2956,146129.48200000002,0.8509765597186898
17727,146114.833,0.8510175163046569
16851,146093.2665,0.8510584668454458
16553,145998.589,0.8510993908477438
11537,145996.12099999998,0.8511403141582512
5021,145967.0945,0.8511812293325118
10775,145929.19999999998,0.851222133884789
14141,145889.542,0.8512630273207662
6636,145873.06050000002,0.8513039161369116
13773,145845.24,0.8513447971548569
9507,145841.053,0.851385676999169
10423,145828.8675,0.8514265534278355
19024,145807.4815,0.8514674238619188
6717,145793.2125,0.8515082902963428
2715,145705.5615,0.8515491321618327
17665,145612.79549999998,0.8515899480246328
5551,145559.0265,0.8516307488157623
1364,145557.4135,0.8516715491547611
9077,145534.8055,0.851712343156645
9217,145528.542,0.8517531354028441
1623,145516.00699999998,0.8517939241354315
13040,145479.181,0.8518347025455404
8318,145461.87900000002,0.8518754761058277
14515,145359.5035,0.8519162209698432
15981,145345.761,0.8519569619817797
8244,145324.432,0.8519976970151103
12083,145286.416,0.8520384213924003
13810,145235.374,0.8520791314624087
11340,145199.443,0.8521198314608106
11654,145187.731,0.852160528176291
5080,145165.61500000002,0.8522012186925659
4700,145080.963,0.8522418854805388
8715,145074.624,0.852282550491664
7689,145073.65850000002,0.8523232152321556
881,145068.1355,0.8523638784245277
6845,144984.152,0.8524045180759808
1012,144982.348,0.8524451572217654
10440,144979.574,0.8524857955899864
17533,144970.142,0.8525264313143792
4775,144966.7865,0.8525670660982116
15949,144912.954,0.8526076857925738
8282,144902.304,0.8526483025016974
5566,144896.6755,0.8526889176331295
1953,144871.704,0.8527295257649478
19396,144852.8105,0.8527701286008408
1672,144840.27850000001,0.8528107279239627
8257,144820.3855,0.8528513216709954
17057,144630.418,0.85289186216936
2548,144590.13199999998,0.8529323913753938
19503,144580.528,0.8529729178893871
6903,144577.384,0.8530134435221043
3458,144527.704,0.853053955229314
4289,144451.557,0.8530944455922079
12496,144444.85700000002,0.8531349340770644
8177,144437.0215,0.8531754203655982
2517,144406.00900000002,0.8532158979612011
10851,144401.975,0.8532563744260574
19861,144398.6475,0.8532968499582019
2043,144394.169,0.8533373242350044
14590,144393.377,0.8533777982898061
14358,144346.44550000003,0.8534182591895161
784,144332.535,0.853458716190056
12023,144296.0095,0.8534991629523487
17871,144272.84900000002,0.8535396032226585
1314,144153.1635,0.8535800099446326
6154,144137.408,0.8536204122502754
174,144107.1615,0.8536608060777006
4368,144100.007,0.85370119789969
10540,144092.224,0.8537415875400727
7785,144073.544,0.8537819719443749
14959,144042.8075,0.8538223477331103
16287,144040.72999999998,0.8538627229395139
14708,143974.37900000002,0.8539030795474607
2561,143916.87099999998,0.8539434200356795
11557,143867.431,0.8539837466656638
3019,143851.9335,0.8540240689516354
14943,143849.04700000002,0.8540643904285093
13631,143847.34399999998,0.8541047114280252
7406,143846.8265,0.854145032282484
8511,143820.242,0.8541853456851984
8804,143737.71300000002,0.8542256359546961
6775,143725.25699999998,0.8542659227327262
19783,143710.5905,0.8543062053996762
14456,143646.58299999998,0.8543464701250619
7422,143643.5845,0.8543867340099557
10183,143637.803,0.8544269962742714
2902,143625.3045,0.8544672550352065
879,143590.9885,0.8545075041772262
8499,143588.794,0.8545477527041186
19780,143581.4835,0.8545879991818479
152,143572.38,0.8546282431078289
5482,143548.21149999998,0.8546684802592803
3325,143531.406,0.8547087127000814
16041,143524.8475,0.854748943302508
9614,143503.7565,0.8547891679930408
12149,143493.129,0.854829389704642
10460,143464.345,0.85486960334797
2306,143462.576,0.8549098164954403
10586,143434.72449999998,0.854950021836021
6869,143398.897,0.8549902171340066
18542,143305.11,0.8550303861431122
3653,143267.3215,0.8550705445599466
16659,143261.29450000002,0.8551107012873881
3766,143249.895,0.855150854819503
3608,143248.715,0.8551910080208592
9057,143228.7475,0.8552311556252434
12599,143222.981,0.855271301613254
15771,143199.9045,0.8553114411328272
4389,143186.4805,0.8553515768895983
18232,143156.285,0.855391704182447
5275,143132.30800000002,0.8554318247544445
16033,143105.2655,0.8554719377463185
12341,143066.53050000002,0.8555120398806133
3560,142982.2015,0.8555521183771442
10370,142980.46,0.8555921963855255
5203,142931.888,0.8556322607789763
9859,142924.4325,0.8556723230826199
16004,142921.6405,0.8557123846036545
842,142880.999,0.8557524347327103
14819,142843.798,0.8557924744341734
18613,142810.8175,0.8558325048910673
7867,142754.037,0.8558725194321547
17510,142704.63,0.8559125201242577
17643,142625.77,0.8559524987115796
2932,142594.00650000002,0.8559924683954624
2046,142577.974,0.85603243358537
2710,142540.977,0.8560723884048669
5469,142534.25699999998,0.8561123413407202
759,142521.274,0.8561522906373856
14032,142469.012,0.8561922252847984
2363,142418.15,0.8562321456753843
13307,142397.2145,0.8562720601976638
5505,142394.50749999998,0.8563119739611602
14838,142339.56399999998,0.8563518723237685
18374,142337.956,0.8563917702356478
8982,142317.49000000002,0.8564316624108235
14553,142305.559,0.856471551241691
15746,142272.756,0.8565114308777434
8576,142249.794,0.8565513040774532
17029,142233.9235,0.8565911728285968
1155,142136.273,0.8566310142079053
7573,142076.8445,0.8566708389291621
14964,142073.30000000002,0.856710662656881
18638,142069.5825,0.8567504853425694
22,142027.0625,0.8567902961097277
13165,142019.158,0.8568301046612223
6234,142018.62800000003,0.8568699130641556
17121,141989.098,0.8569097131897092
16188,141967.961,0.856949507390475
19278,141933.895,0.8569892920424016
5484,141909.3615,0.8570290698174876
17584,141870.973,0.8570688368321199
11891,141870.691,0.8571086037677065
4220,141857.47,0.8571483669973925
12050,141850.164,0.857188128179177
4205,141791.0835,0.8572278728004553
17556,141729.782,0.8572676002386722
10694,141700.51,0.8573073194718278
14316,141671.01249999998,0.8573470304367131
3111,141656.1585,0.8573867372379615
1561,141655.005,0.8574264437158793
12667,141635.0905,0.857466144611681
14616,141585.8815,0.8575058317139984
7367,141568.2805,0.8575455138826836
1809,141545.51,0.8575851896687045
11923,141523.4675,0.8576248592761223
12890,141511.57350000003,0.8576645255496033
14423,141436.077,0.8577041706611062
6064,141385.3725,0.8577438015599299
2057,141371.586,0.8577834285943414
18824,141367.2175,0.8578230544042444
5243,141342.24,0.8578626732128519
4242,141316.5895,0.8579022848315192
4452,141237.791,0.8579418743626444
4723,141211.76799999998,0.857981456599416
15107,141201.394,0.858021035928313
11707,141185.66549999997,0.8580606108484471
8571,141182.0085,0.8581001847435091
2120,141087.9545,0.8581397322748497
10114,141062.8975,0.8581792727826107
17828,141047.5745,0.8582188089952721
3361,141000.817,0.8582583321016147
509,140985.074,0.8582978507951299
8386,140972.385,0.8583373659318666
3723,140958.06800000003,0.8583768770554894
13867,140881.671,0.8584163667647203
19046,140858.2705,0.8584558499146954
829,140828.895,0.8584953248305974
12818,140826.941,0.8585347991987854
19809,140799.08049999998,0.858574265757561
19616,140794.673,0.8586137310808963
15079,140793.6475,0.8586531961167798
18780,140696.16,0.8586926338265178
996,140693.919,0.8587320709080944
2917,140652.61200000002,0.8587714964111498
1384,140651.4815,0.8588109215973215
19774,140648.948,0.8588503460733427
3251,140625.7955,0.8588897640596231
11827,140574.54750000002,0.8589291676808796
4316,140562.4765,0.8589685679185852
6123,140538.3395,0.859007961390591
11033,140533.72699999998,0.8590473535696941
16839,140516.699,0.8590867409757791
4745,140411.989,0.8591260990312222
15952,140398.37099999998,0.8591654532694842
3916,140362.892,0.8592047975628374
7662,140358.2485,0.8592441405545983
8101,140279.1955,0.8592834613874798
8540,140242.1265,0.8593227718297688
16608,140238.898,0.8593620813670959
13783,140229.874,0.8594013883749589
18690,140221.072,0.8594406929155853
212,140220.72199999998,0.8594799973581053
18233,140160.9305,0.859519285040823
5274,140116.4595,0.8595585602581373
7105,140098.38,0.8595978304076938
1848,140072.626,0.8596370933382985
16849,140017.019,0.8596763406820335
4424,140012.9935,0.8597155868974043
9102,139998.435,0.8597548290319681
13158,139944.7975,0.8597940561317209
13479,139936.43050000002,0.8598332808861694
1540,139899.30849999998,0.8598724952351692
18163,139891.271,0.8599117073312249
17154,139794.528,0.8599508923098216
12596,139748.467,0.8599900643773313
12125,139658.6675,0.8600292112736736
17431,139657.9465,0.8600683579679165
17954,139565.1755,0.8601074786580684
15502,139556.95750000002,0.8601465970446811
11424,139553.8785,0.8601857145682376
12244,139524.6805,0.8602248239074751
15660,139469.74349999998,0.8602639178476467
8799,139465.016,0.8603030104626804
8675,139423.926,0.8603420915600191
6476,139369.626,0.8603811574368454
4335,139336.4615,0.8604202140175266
5228,139321.8835,0.8604592665119346
17348,139266.1305,0.8604983033785485
10536,139260.3365,0.8605373386210805
4268,139244.1345,0.8605763693221254
8938,139209.6025,0.8606153903437095
6517,139194.093,0.8606544070179172
15639,139193.6135,0.860693423557719
12828,139076.6675,0.8607324073170782
15729,139025.47800000003,0.860771376727811
17088,139023.47699999998,0.8608103455776553
3927,138982.348,0.8608493028988725
7148,138966.028,0.8608882556455268
6243,138962.3595,0.8609272073638855
18384,138924.646,0.8609661485109958
1182,138924.002,0.8610050894775902
9461,138916.7865,0.8610440284216505
16284,138907.615,0.8610829647949017
17357,138886.688,0.8611218953022292
1757,138883.98,0.8611608250504932
13068,138761.18300000002,0.8611997203782553
11301,138750.657,0.8612386127555365
9785,138730.5105,0.8612774994856712
1049,138722.875,0.861316384075544
9714,138715.5845,0.8613552666218598
12074,138704.075,0.8613941459420156
15661,138648.07299999997,0.8614330095645816
7876,138620.866,0.861471865560914
14390,138591.90499999997,0.8615107134393596
3505,138575.6275,0.8615495567551553
4371,138552.978,0.8615883937222034
10243,138551.348,0.8616272302323559
16749,138513.1355,0.861666056031388
14352,138509.131,0.8617048807079425
12698,138470.7,0.8617436946121302
10127,138446.338,0.8617825016875496
5383,138431.146,0.8618213045045892
10565,138393.2375,0.8618600966957211
18673,138393.043,0.8618988888323338
12582,138373.31449999998,0.8619376754389672
8006,138372.8245,0.8619764619082515
6749,138357.503,0.8620152440828567
17417,138305.4595,0.8620540116694556
1006,138300.96600000001,0.8620927779965083
414,138297.307,0.8621315432979282
7050,138290.886,0.8621703067995156
14283,138221.342,0.8622090508076349
12151,138220.79,0.8622477946610264
12586,138212.6935,0.8622865362449358
9318,138180.0615,0.862325268681962
19141,138126.4415,0.8623639860890827
3661,138039.16600000003,0.8624026790325233
15525,138017.6025,0.8624413659316266
14136,137996.348,0.8624800468730065
11592,137978.26,0.862518722744246
4994,137966.559,0.8625573953356472
12937,137964.77300000002,0.8625960674264254
16820,137923.11800000002,0.8626347278411364
11389,137918.927,0.862673387081093
19145,137898.12900000002,0.8627120404912851
11088,137873.7045,0.8627506870551899
12502,137817.46000000002,0.862789317853531
4959,137788.4115,0.8628279405094584
18506,137782.1655,0.8628665614146067
7765,137778.0615,0.8629051811693869
10959,137758.1645,0.8629437953469565
5017,137752.51349999997,0.8629824079405277
13591,137751.112,0.8630210201412527
4465,137744.8795,0.8630596305949825
2494,137722.326,0.8630982347268737
10612,137691.007,0.8631368300799211
1965,137675.36099999998,0.8631754210473307
6411,137620.21,0.8632139965556891
18677,137591.96600000001,0.8632525641471386
14751,137552.6565,0.8632911207199744
3326,137535.9745,0.8633296726167772
3405,137521.852,0.8633682205549855
9301,137484.7725,0.8634067580996582
14470,137455.4365,0.8634452874213298
5635,137402.628,0.8634838019405626
945,137345.717,0.8635223005074092
9698,137325.78,0.863560793485833
19354,137309.655,0.8635992819443534
14715,137274.13599999997,0.8636377604467527
11914,137267.61800000002,0.8636762371221297
6352,137246.221,0.8637147077998402
15570,137237.50850000003,0.8637531760354011
17824,137206.421,0.8637916355570084
19808,137178.2075,0.8638300871702563
14161,137149.6435,0.863868530776898
1471,137123.08049999998,0.863906966937822
17271,137091.45,0.8639453942325873
16053,137086.778,0.8639838202177719
16999,137070.854,0.8640222417393941
10199,137041.7475,0.8640606551023452
1312,137030.3755,0.8640990652776781
7822,137003.011,0.8641374677826297
12348,136987.332,0.8641758658926932
16596,136915.9755,0.8642142440012378
15054,136909.212,0.8642526202139456
19008,136840.40899999999,0.8642909771408906
5770,136823.43099999998,0.8643293293088329
18440,136822.78,0.8643676812942972
4628,136791.994,0.8644060246503196
5372,136772.45,0.8644443625280788
10352,136703.4735,0.8644826810714424
10828,136703.27149999997,0.8645209995581848
14190,136693.08049999998,0.8645593151883483
2709,136676.473,0.8645976261633613
4328,136657.33899999998,0.864635931775036
17011,136596.986,0.8646742204695175
11999,136589.356,0.8647125070252788
330,136580.772,0.8647507911749097
3247,136540.49800000002,0.8647890640355735
2742,136502.6415,0.8648273262849054
13072,136499.747,0.8648655877228971
2460,136494.616,0.8649038477226486
10583,136489.64,0.8649421063276067
10921,136478.23249999998,0.8649803617349959
16821,136476.57049999997,0.8650186166765198
2720,136451.763,0.8650568646643998
15127,136402.1275,0.865095098739246
18041,136257.36349999998,0.8651332922361501
6419,136227.825,0.8651714774532917
10876,136184.294,0.865209650468516
5454,136150.6155,0.8652478140435186
15058,136134.36,0.865285973062038
5641,136129.0565,0.8653241305939647
18733,136115.878,0.8653622844319039
7824,136099.65000000002,0.8654004337210682
11325,135981.3425,0.865438549848156
9183,135978.37800000003,0.8654766651442821
5371,135907.554,0.8655147605881511
11019,135905.048,0.865552855329578
7211,135882.646,0.8655909437916326
14760,135833.93600000002,0.8656290186000747
14581,135796.492,0.8656670829128105
1259,135597.5285,0.8657050914552624
17283,135539.922,0.8657430838503765
6810,135522.87099999998,0.8657810714660253
1347,135497.373,0.8658190519344806
4912,135490.533,0.8658570304856558
10079,135449.3635,0.8658949974968516
11320,135378.3085,0.8659329445910399
8082,135331.67849999998,0.8659708786146483
7559,135310.08000000002,0.8660088065841086
2044,135289.505,0.8660467287863124
15458,135278.02300000002,0.8660846477700643
2806,135267.394,0.8661225637744642
5737,135239.519,0.8661604719653874
15658,135190.8345,0.8661983665098458
11154,135105.656,0.866236237178422
17120,135104.3515,0.8662741074813415
7909,135095.2305,0.8663119752276074
1472,135095.0355,0.8663498429192139
4988,135042.59949999998,0.8663876959127951
19902,135041.371,0.8664255485620225
11419,135034.82200000001,0.8664633993755384
6930,135015.666,0.866501244819549
3345,135014.6555,0.8665390899803125
4353,135004.06900000002,0.8665769321736365
14128,134990.345,0.8666147705200672
4358,134971.71,0.8666526036430311
12760,134950.55,0.8666904308347605
9216,134945.8915,0.8667282567206931
11495,134942.364,0.8667660816178531
15166,134941.04200000002,0.8668039061444509
2102,134935.331,0.8668417290702322
6734,134911.1565,0.866879545219802
6579,134863.39549999998,0.8669173479817681
18894,134853.058,0.8669551478460906
12521,134848.008,0.8669929462948774
2124,134838.4085,0.8670307420528852
10009,134825.216,0.8670685341129811
11616,134820.064,0.8671063247289503
16795,134759.9145,0.8671440984847685
9729,134751.67299999998,0.8671818699304603
11732,134732.922,0.8672196361201701
3849,134716.5025,0.8672573977074267
6972,134715.4515,0.8672951590000838
10431,134709.49099999998,0.8673329186219885
2922,134699.981,0.867370675578201
8713,134681.062,0.8674084272313404
19144,134657.83,0.8674461723724551
1262,134655.7545,0.8674839169317987
2602,134634.45100000003,0.8675216555196841
8754,134634.3775,0.867559394086967
19276,134603.311,0.8675971239461827
11527,134553.0845,0.8676348397267049
14922,134512.1335,0.8676725440284941
9596,134499.059,0.8677102446654474
3109,134494.026,0.8677479438916302
17257,134457.18949999998,0.8677856327923912
283,134418.883,0.8678233109556834
11849,134413.799,0.8678609876939096
3895,134323.3145,0.8678986390689599
7929,134291.01799999998,0.8679362813911692
1930,134261.16150000002,0.8679739153444791
4570,134246.03600000002,0.8680115450580494
14639,134186.9215,0.8680491582015835
4010,134162.48200000002,0.8680867644946255
13413,134155.509,0.8681243688331072
14260,134047.00900000002,0.8681619427585945
760,134034.4975,0.8681995131770571
2774,133989.317,0.8682370709312407
3727,133987.8485,0.8682746282737975
7672,133936.8795,0.8683121713295352
1527,133927.275,0.868349711693092
19386,133907.195,0.8683872464281428
335,133887.794,0.8684247757250139
7092,133831.899,0.8684622893542875
7264,133818.74099999998,0.8684997992953198
4535,133809.50950000001,0.8685373066487249
4309,133780.84850000002,0.8685748059683343
19339,133772.0365,0.8686123028179039
9588,133770.24049999999,0.8686497991640475
17903,133763.5795,0.8686872936430856
16911,133758.974,0.868724786831183
13227,133753.4925,0.8687622784827936
1222,133745.6355,0.8687997679320549
3747,133735.9775,0.8688372546741393
700,133705.9095,0.8688747329880402
12029,133688.5735,0.8689122064425893
704,133665.811,0.8689496735167164
6035,133634.5495,0.868987131828117
7072,133550.66,0.8690245666249473
15204,133530.356,0.8690619957304834
18250,133516.2705,0.8690994208877961
8272,133506.77899999998,0.8691368433846024
16459,133442.6415,0.8691742479034049
9275,133420.355,0.8692116461752102
15837,133419.43149999998,0.8692490441881546
6145,133384.745,0.869286432478331
3025,133341.114,0.8693238085385596
18761,133317.2165,0.8693611779002209
11571,133311.54,0.8693985456707362
373,133291.69199999998,0.8694359078777757
18092,133254.364,0.869473259621624
17495,133251.084,0.8695106104460749
1023,133240.07400000002,0.8695479581843777
13997,133238.1,0.8695853053693603
3033,133222.3775,0.8696226481472616
19128,133219.6055,0.8696599901481602
6852,133208.0,0.8696973288959895
5679,133167.95450000002,0.8697346564189012
12474,133139.34,0.8697719759210514
13301,133139.228,0.8698092953918075
17555,133120.651,0.8698466096553545
7252,133098.856,0.8698839178096737
17989,133078.071,0.8699212201378723
15132,133065.9115,0.8699585190577133
15256,133023.20349999997,0.8699958060063269
10360,133008.0155,0.8700330886976819
13132,132995.55550000002,0.8700703678964481
2084,132970.408,0.8701076400462668
3643,132936.344,0.8701449026478071
6042,132929.81,0.8701821634178403
7951,132901.541,0.8702194162639569
8293,132879.839,0.8702566630269144
5237,132835.739,0.8702938974284611
18545,132815.699,0.8703311262127137
12954,132808.047,0.8703683528520795
19075,132768.455,0.8704055683936455
18794,132757.9975,0.8704427810039315
19394,132748.57200000001,0.8704799909722112
5501,132714.7485,0.8705171914596254
12877,132709.083,0.8705543903589767
15935,132704.7875,0.8705915880542818
18602,132689.556,0.8706287814801351
4632,132676.81,0.8706659713332324
16445,132665.09100000001,0.870703157901446
13033,132644.25199999998,0.8707403386284026
4174,132640.7575,0.8707775183758366
11296,132566.04,0.8708146771796493
4251,132548.805,0.8708518311524209
8936,132525.3995,0.8708889785645351
9012,132485.3435,0.8709261147487884
8305,132470.03749999998,0.8709632466427074
17056,132417.115,0.8710003637022328
5118,132399.62900000002,0.8710374758603608
8220,132351.02049999998,0.8710745743933274
17655,132308.789,0.8711116610886315
816,132307.0845,0.8711487473061572
4357,132296.066,0.8711858304351524
19515,132246.42599999998,0.8712228996498522
3307,132244.579,0.8712599683468305
10575,132236.79299999998,0.871297034861361
6325,132231.2135,0.8713340998119349
17329,132215.914,0.8713711604739962
14122,132210.597,0.8714082196456807
5850,132209.62050000002,0.8714452785436482
2327,132207.858,0.8714823369475797
5225,132111.925,0.8715193684610986
10285,132082.04700000002,0.8715563915996917
15273,132081.2105,0.8715934145038103
5749,132076.855,0.8716304361870646
4318,132031.668,0.8716674452042178
17840,131929.468,0.8717044255742924
2861,131914.9205,0.8717414018666432
17405,131897.79249999998,0.8717783733579455
10558,131897.4775,0.871815344760952
8437,131895.1705,0.8718523155172969
11076,131887.1105,0.8718892840143908
672,131886.4195,0.8719262523177946
4941,131866.8725,0.8719632151420943
9084,131851.7995,0.8720001737413704
13098,131827.0775,0.8720371254109687
2702,131826.40199999997,0.8720740768912214
14501,131803.22,0.8721110218734647
15662,131801.448,0.8721479663590092
17390,131784.1965,0.8721849060088875
5321,131738.74399999998,0.872221832918244
104,131733.364,0.8722587583195645
9023,131720.236,0.8722956800410528
16774,131647.4545,0.8723325813615888
18301,131638.335,0.8723694801258914
13598,131624.072,0.8724063748922168
18332,131606.472,0.8724432647251902
5530,131567.681,0.8724801436848875
11716,131537.465,0.8725170141749161
8348,131484.0595,0.8725538696951646
19589,131474.58299999998,0.8725907225591112
14479,131468.389,0.8726275736868543
7650,131444.3075,0.8726644180644542
3755,131397.942,0.8727012494456147
9549,131387.101,0.8727380777879984
6918,131344.756,0.8727748942609053
1874,131313.80899999998,0.8728117020592414
6800,131307.04849999998,0.8728485079625817
10375,131273.0275,0.8728853043296964
3621,131269.315,0.8729220996561822
12293,131162.9645,0.8729588651721872
18234,131156.03499999997,0.872995628745825
16178,131151.14,0.8730323909473744
13027,131119.36299999998,0.8730691442417005
4255,131119.107,0.8731058974642687
350,131117.77850000001,0.873142650314453
9390,131047.882,0.8731793835723621
1650,131039.60949999999,0.8732161145114556
4804,131035.5365,0.8732528443088705
6409,131020.1175,0.8732895697842766
18071,131011.51000000001,0.8733262928469653
2198,130966.919,0.873363003410614
14333,130924.1145,0.8733997019759862
2282,130901.024,0.8734363940689966
4614,130894.12700000001,0.8734730842287497
10870,130856.2605,0.8735097637743677
12148,130854.315,0.8735464427746542
14591,130842.7165,0.8735831185238336
18070,130821.52549999999,0.873619788333089
17904,130787.92799999999,0.8736564487248275
2604,130728.2115,0.8736930923777866
2939,130713.616,0.8737297319395673
6686,130704.21800000001,0.8737663688670501
11358,130695.52900000001,0.8738030033589705
9289,130677.992,0.8738396329351982
6681,130657.1285,0.8738762566633013
4434,130638.323,0.8739128751201457
6857,130633.2215,0.8739494921470188
12368,130623.84199999999,0.8739861065447797
17254,130592.68250000001,0.8740227122084051
19162,130588.84749999999,0.8740593167970643
12852,130541.7245,0.8740959081769537
2887,130533.45599999999,0.8741324972391487
2979,130522.1275,0.8741690831259188
9794,130513.665,0.8742056666406154
4836,130479.6425,0.874242240618666
1175,130476.23799999998,0.8742788136424212
1604,130436.8515,0.8743153756259794
14847,130416.63249999999,0.874351931942069
9797,130409.5325,0.8743884862679995
2389,130379.5545,0.8744250321909739
4408,130351.77100000001,0.8744615703261194
7117,130320.443,0.8744980996798982
13739,130316.68350000001,0.8745346279798738
10506,130313.039,0.8745711552582812
5220,130303.68000000001,0.8746076799133226
4370,130288.6845,0.8746442003650639
4938,130278.26999999999,0.8746807178975782
6718,130269.17499999999,0.8747172328807268
4581,130218.01800000001,0.8747537335243588
17346,130213.321,0.8747902328514026
14043,130210.76549999998,0.8748267314621292
15767,130200.55149999999,0.8748632272098297
13677,130173.0165,0.874899715239357
18800,130162.072,0.8749362002010961
17962,130157.749,0.8749726839510806
19814,130150.4795,0.8750091656633945
5911,130150.10699999999,0.8750456472712951
10450,130110.01849999999,0.875082117642225
3584,130100.114,0.875118585236883
359,130083.5675,0.8751550481934893
6899,130044.54000000001,0.8751915002105276
15856,130008.073,0.8752279420057165
685,129997.4485,0.8752643808228145
18967,129976.814,0.8753008138559778
8594,129960.44900000001,0.8753372423019644
15832,129935.829,0.8753736638468642
1769,129889.869,0.875410072508988
4951,129826.148,0.8754464633098543
3821,129824.38549999999,0.8754828536166848
13116,129799.0845,0.8755192368315413
4282,129791.227,0.8755556178439086
5024,129776.73400000001,0.8755919947938285
12944,129769.9045,0.8756283698294117
4438,129747.544,0.8756647385972551
6777,129697.81499999999,0.8757010934258563
72,129632.31499999999,0.8757374298945392
1839,129606.55750000001,0.8757737591432894
19575,129606.3745,0.8758100883407438
18273,129605.2615,0.8758464172262199
10796,129562.62700000001,0.875882734161071
8787,129559.65000000001,0.8759190502614569
2352,129547.85699999999,0.8759553630562166
17595,129506.5485,0.8759916642720346
5720,129486.1875,0.8760279597805809
11669,129456.65599999999,0.8760642470113269
5197,129444.249,0.8761005307643399
8339,129426.07500000001,0.8761368094231063
10034,129405.179,0.8761730822246384
13767,129389.074,0.876209350511873
5168,129373.676,0.8762456144829852
170,129361.70749999999,0.8762818750992778
11044,129338.525,0.8763181292174208
1348,129321.621,0.8763543785973034
2554,129314.915,0.8763906260974667
5680,129305.643,0.8764268709986504
16458,129294.60799999998,0.8764631128066783
8187,129232.228,0.876499337129337
9885,129211.13799999998,0.8765355555403823
18099,129151.38450000001,0.8765717572022769
6282,129133.9845,0.8766079539868801
4856,129116.995,0.876644146009257
2795,129102.15699999999,0.8766803338724817
7177,129041.0795,0.8767165046154332
4874,129019.23300000001,0.8767526692347212
12788,128953.2475,0.8767888153580032
2668,128917.67300000001,0.8768249515096074
11880,128895.732,0.8768610815110593
19446,128877.912,0.8768972065174925
3998,128864.29750000002,0.8769333277077255
4699,128860.66100000001,0.8769694478786325
16636,128773.38849999999,0.8770055435867006
576,128755.08,0.8770416341628211
14752,128639.09950000001,0.8770776922291326
6645,128626.83499999999,0.8771137468576545
4893,128567.73249999998,0.8771497849195037
2734,128562.62399999998,0.8771858215494194
5347,128546.60449999999,0.8772218536890035
17587,128527.6275,0.877257880509257
260,128496.82750000001,0.8772938986961443
10553,128464.097,0.8773299077085385
4158,128404.44,0.8773658999988313
19218,128404.342,0.8774018922616542
16818,128372.99599999998,0.877437875738065
5181,128354.78349999999,0.8774738541094376
2013,128307.5245,0.8775098192339189
16970,128276.0095,0.8775457755246167
1944,128239.336,0.8775817215355822
17009,128230.46500000001,0.8776176650599702
17198,128211.89299999998,0.8776536033785505
4917,128155.75,0.877689525960018
15681,128146.2995,0.8777254458924717
16842,128085.707,0.8777613488405994
12829,128043.18849999999,0.8777972398706175
13236,128025.83,0.8778331260349771
2816,128014.324,0.8778690089741576
9911,127997.33350000001,0.8779048871508316
3604,127895.13,0.8779407366794459
18483,127848.44750000001,0.8779765731227646
5067,127846.40250000001,0.8780124089928611
9002,127843.21600000001,0.8780482439697688
6137,127810.252,0.8780840697067323
16451,127804.113,0.8781198937229088
2983,127792.05,0.8781557143577772
16339,127791.24799999999,0.8781915347678416
3107,127769.663,0.8782273491275422
1889,127758.48300000001,0.8782631603534429
8933,127675.879,0.8782989484251043
190,127662.65599999999,0.8783347327903046
5076,127656.75250000002,0.8783705155007298
16338,127621.173,0.8784062882380752
719,127618.274,0.8784420601628192
7769,127600.452,0.8784778270919837
2630,127583.472,0.8785135892615846
7517,127570.60549999999,0.8785493478246529
11353,127552.39300000001,0.8785851012826829
10371,127544.11450000001,0.8786208524202154
4152,127537.844,0.878656601800101
15833,127516.444,0.8786923451814789
16074,127513.55850000001,0.8787280877540394
12649,127500.53650000002,0.87876382667648
3873,127452.6555,0.8787995521776804
4830,127366.51000000001,0.8788352535319442
16987,127356.45199999999,0.8788709520669097
15748,127352.6365,0.8789066495323746
9550,127350.925,0.8789423465180993
13470,127301.17850000002,0.8789780295596763
15513,127289.763,0.8790137094014419
6440,127247.4145,0.8790493773727496
10101,127235.5835,0.8790850420277794
7401,127228.831,0.8791207047900559
14185,127222.68,0.8791563658281818
8184,127185.146,0.8791920163453739
5752,127163.0285,0.8792276606629402
15971,127147.66,0.8792633006726529
2054,127112.194,0.8792989307411007
16707,127003.6655,0.8793345303885656
10120,126989.86799999999,0.8793701261685347
18158,126947.151,0.8794057099747539
2792,126887.04950000001,0.8794412769342764
7619,126836.19699999999,0.879476829639635
4087,126807.1985,0.8795123742165954
12566,126774.5545,0.8795479096433089
6205,126761.58899999999,0.8795834414357396
2474,126737.88299999999,0.8796189665832815
4390,126720.503,0.8796544868591382
18791,126696.146,0.879690000307628
15228,126646.31750000002,0.8797254997889853
3069,126637.5875,0.8797609968232878
3186,126544.50950000001,0.8797964677674459
19087,126532.85299999999,0.8798319354442392
16669,126493.11699999998,0.8798673919828691
6954,126481.30049999998,0.8799028452092856
18687,126456.7785,0.8799382915620851
14561,126450.8545,0.8799737362543631
19810,126432.45599999999,0.8800091757894662
17623,126431.1695,0.8800446149639581
1274,126409.5585,0.8800800480807982
14980,126381.0025,0.8801154731932747
9931,126339.8405,0.8801508867678739
15882,126336.65650000001,0.8801862994499849
3054,126287.8805,0.8802216984599834
3841,126275.202,0.8802570939161466
17400,126262.81950000001,0.8802924859014442
12653,126219.048,0.880327865617411
2678,126113.341,0.8803632157032731
9079,126100.3255,0.8803985621408372
10976,126056.6405,0.8804338963333169
14079,126014.608,0.8804692187439147
1988,126008.99949999998,0.880504539582427
13046,125994.44,0.8805398563398519
1390,125961.4455,0.8805751638487833
14061,125955.739,0.8806104697581594
1987,125930.2965,0.8806457685358986
7091,125910.725,0.8806810618276661
13174,125847.179,0.8807163373072298
18260,125818.66500000001,0.8807516047942024
18684,125786.834,0.8807868633588155
11111,125783.933,0.8808221211102664
2396,125762.688,0.8808573729066568
17064,125759.428,0.8808926237892557
15318,125688.28649999999,0.880927854730601
16249,125668.791,0.8809630802072778
17440,125577.741,0.8809982801622668
15712,125576.454,0.8810334797565044
5848,125552.128,0.8810686725320644
2211,125546.88500000001,0.8811038638379903
16700,125523.81450000001,0.8811390486771605
13552,125473.8505,0.881174219511217
7868,125472.93599999999,0.8812093900889353
10998,125448.88500000001,0.88124455392506
4342,125413.8555,0.8812797079422723
9199,125385.23000000001,0.8813148539356397
19015,125349.14850000001,0.881349989815215
1367,125342.71399999999,0.8813851238911735
17247,125341.97450000001,0.8814202577598472
3592,125318.304,0.8814553849935828
10494,125294.04000000001,0.8814905054260198
13522,125280.29149999999,0.8815256220046961
1941,125277.36,0.8815607377616609
10435,125270.38399999999,0.8815958515632242
16566,125244.105,0.8816309579986763
12992,125240.163,0.8816660633291696
937,125154.89199999999,0.8817011447578526
6713,125112.8845,0.8817362144116612
6711,125110.584,0.8817712834206303
15260,125107.1605,0.8818063514699783
11655,125016.0435,0.8818413939788581
4875,124994.131,0.8818764303455745
14196,124983.932,0.8819114638534694
7165,124970.17050000001,0.8819464935039594
1031,124964.564,0.8819815215829246
398,124945.3185,0.8820165442672974
367,124838.07949999999,0.8820515368921393
14425,124817.775,0.8820865238255468
19118,124800.728,0.8821215059806103
4975,124800.29000000001,0.8821564880129007
1961,124796.614,0.8821914690147932
4480,124764.693,0.8822264410690986
9918,124762.05500000001,0.8822614123839618
529,124711.2405,0.8822963694553128
15463,124690.639,0.8823313207519788
4462,124677.15299999999,0.8823662682684638
13781,124670.22,0.8824012138416005
3360,124669.48999999999,0.8824361592101152
4623,124649.168,0.8824710988822903
17139,124643.90699999999,0.8825060370797854
4131,124637.5425,0.8825409734932851
14569,124637.067,0.8825759097735002
4343,124592.168,0.8826108334683418
1544,124501.5215,0.8826457317545984
16043,124498.13500000001,0.882680629091605
12501,124460.22099999999,0.8827155158011624
852,124436.079,0.8827503957436181
15232,124418.64300000001,0.8827852707986916
13709,124392.892,0.8828201386356546
19906,124375.509,0.8828550016000912
8562,124374.5865,0.8828898643059475
710,124374.40599999999,0.8829247269612089
8360,124351.8065,0.8829595832817378
15536,124349.02799999999,0.8829944388234419
13796,124343.947,0.8830292929409208
14431,124323.60599999999,0.8830641413567341
2105,124320.5685,0.8830989889211237
9302,124318.208,0.8831338358238556
6233,124281.59,0.8831686724624122
12533,124277.91200000001,0.8832035080700102
17430,124219.30649999998,0.8832383272502466
13228,124157.0315,0.8832731289745455
17425,124066.94,0.8833079054458282
3006,124060.7245,0.8833426801748807
10683,124051.7915,0.8833774523999767
4944,124030.15849999999,0.8834122185612543
6589,124009.881,0.8834469790386655
11744,123992.6225,0.8834817346784486
14945,123992.3525,0.8835164902425495
17790,123987.35849999999,0.8835512444068119
16725,123932.95999999999,0.8835859833229518
302,123932.3015,0.8836207220545116
3915,123903.35,0.8836554526708473
17955,123885.37999999999,0.8836901782501185
18478,123882.3185,0.8837249029712387
1687,123869.55900000001,0.8837596241158189
2257,123863.12550000001,0.8837943434570626
4018,123833.97350000001,0.8838290546268813
1479,123748.6295,0.8838637418744274
13481,123697.4485,0.8838984147757296
18065,123654.202,0.8839330755548609
16727,123628.03099999999,0.8839677289981537
8478,123526.9095,0.8840023540966759
593,123516.7935,0.884036976359642
18089,123504.5975,0.8840715952040192
742,123501.43849999999,0.8841062131629158
18314,123493.33,0.8841408288489667
17381,123480.427,0.884175440918254
9895,123446.7235,0.884210043540312
452,123440.77849999999,0.8842446444959623
10803,123373.357,0.88427922655309
7978,123368.048,0.8843138071220833
9485,123307.663,0.8843483707649139
12424,123258.886,0.8843829207353517
18001,123255.41950000002,0.8844174697341153
2504,123255.06449999998,0.884452018633371
3157,123246.93400000001,0.8844865652536141
16635,123232.21500000001,0.8845211077480615
16253,123225.13100000001,0.8845556482568345
2818,123224.573,0.8845901886091979
2358,123218.1385,0.8846247271579446
10842,123197.35850000002,0.8846592598819722
9292,123141.129,0.8846937768446408
13934,123141.08000000002,0.8847282937935743
14411,123114.512,0.8847628032953887
12947,123086.0385,0.8847973048159645
4491,123085.21600000001,0.8848318061059902
6614,123081.3755,0.884866306319508
11174,123079.84700000001,0.884900806104581
2411,123075.584,0.8849353046947177
19675,123069.96,0.8849698017084241
13548,122988.2075,0.8850042758065699
7500,122942.356,0.8850387370523527
5403,122853.2395,0.8850731733184155
6582,122826.5435,0.8851076021014802
16843,122783.371,0.8851420187831165
6329,122770.32100000001,0.8851764318067843
15841,122738.754,0.8852108359820927
807,122689.22,0.8852452262728181
11729,122688.73,0.8852796164261946
3866,122660.25200000001,0.8853139985970709
11862,122653.743,0.885348378943448
19349,122614.10800000001,0.8853827481799722
12188,122607.8515,0.8854171156627739
439,122597.62400000001,0.8854514802787655
2302,122583.84400000001,0.8854858410321667
7451,122566.49500000001,0.885520196922572
15328,122565.18899999998,0.8855545524469003
13951,122551.1235,0.8855889040286113
11946,122530.63799999999,0.8856232498681529
10649,122509.1455,0.8856575896832586
19663,122499.487,0.8856919267910472
1977,122491.413,0.8857262616356607
2809,122395.43400000001,0.8857605695769674
209,122333.784,0.8857948602375266
7301,122227.4005,0.8858291210783552
1878,122198.97050000001,0.8858633739501385
4575,122191.454,0.8858976247150159
3596,122160.38449999999,0.8859318667709853
10182,122105.51199999999,0.8859660934459683
6163,122074.5345,0.8860003114378313
10573,122060.544,0.8860345255080998
16836,122052.75200000001,0.8860687373942387
13597,122028.388,0.8861029424510487
5102,122013.40850000002,0.8861371433090436
2691,122010.12150000001,0.8861713432456788
18747,121990.59400000001,0.8862055377086758
14813,121973.76499999998,0.8862397274544352
12026,121951.0495,0.886273910832947
8586,121929.93349999998,0.8863080882925576
11830,121910.91199999998,0.8863422604203638
18206,121909.6365,0.8863764321906421
6339,121906.685,0.8864106031336029
5320,121904.5485,0.8864447734776939
6580,121876.06399999998,0.8864789358374631
668,121871.3475,0.8865130968751779
571,121868.9045,0.8865472572281098
2877,121862.42599999999,0.8865814157650916
9064,121819.844,0.8866155623661646
1474,121737.46500000001,0.8866496858760665
18755,121732.698,0.8866838080497588
5696,121670.659,0.8867179128336653
9136,121655.234,0.8867520132938812
7956,121645.4235,0.8867861110041738
18907,121629.8655,0.8868202043534953
6484,121617.30899999998,0.8868542941831784
10319,121598.81049999999,0.8868883788276563
19513,121542.8015,0.886922447772582
11124,121538.64,0.8869565155510223
18863,121508.531,0.8869905748897866
19796,121500.4895,0.8870246319744856
10608,121495.2185,0.8870586875817017
8618,121461.2,0.8870927336533928
16984,121457.0005,0.8871267785479471
6348,121451.85999999999,0.8871608220015981
12972,121442.238,0.8871948627581631
15937,121432.8685,0.8872289008884189
7920,121421.02399999998,0.8872629356986128
8472,121408.9765,0.8872969671318431
390,121408.68650000001,0.8873309984837853
8118,121343.66799999998,0.8873650116107757
689,121330.551,0.8873990210610173
9808,121330.41999999998,0.887433030474539
7413,121257.66100000001,0.8874670194934151
3446,121234.73849999999,0.8875010020870207
3506,121187.45300000001,0.8875349714263069
2584,121186.60449999999,0.887568940527755
17150,121146.357,0.8876028983476641
16871,121116.7355,0.8876368478645456
12923,121076.1545,0.8876707860064066
7340,121057.314,0.8877047188671983
2612,121022.86799999999,0.8877386420726351
18165,120988.3075,0.8877725555906223
7683,120972.8305,0.887806464770343
7930,120933.463,0.8878403629151922
17388,120896.23400000003,0.8878742506246003
513,120843.701,0.8879081236087936
19510,120841.02799999999,0.8879419958437338
16247,120831.64,0.8879758654471792
12775,120813.266,0.8880097299003171
5994,120785.17199999998,0.8880435864785918
3530,120742.119,0.8880774309889344
15731,120729.21149999999,0.8881112718812519
5169,120679.4575,0.8881450988273195
6430,120659.467,0.8881789201699681
12238,120653.80549999999,0.8882127399256751
19395,120628.058,0.8882465524642523
4841,120557.7625,0.888280345298713
1396,120553.93650000001,0.8883141370607304
7355,120537.10450000002,0.8883479241046691
11504,120534.68749999997,0.8883817104711129
10579,120532.47099999999,0.8884154962162627
4436,120492.28099999999,0.888449270695991
12048,120475.33249999999,0.8884830404249853
5476,120449.736,0.8885168029791758
12153,120353.606,0.8885505385877336
4532,120348.76299999999,0.8885842728387788
18533,120312.50349999999,0.8886179969261376
6328,120287.7065,0.8886517140627959
12233,120287.44399999999,0.8886854311258742
15617,120286.871,0.8887191480283383
13959,120275.25150000001,0.8887528616738091
14540,120261.038,0.8887865713351776
17863,120229.455,0.8888202721437017
7793,120213.23300000001,0.8888539684051329
19255,120202.82400000001,0.8888876617488788
8365,120202.7905,0.8889213550832346
12330,120191.2335,0.8889550451781159
11217,120191.10100000001,0.8889887352358569
13586,120182.06,0.8890224227593685
12021,120125.79699999999,0.8890560945121309
2156,120101.43599999999,0.8890897594364052
13704,120097.465,0.8891234232475921
8354,120085.05,0.8891570835788036
19828,119998.3565,0.889190719609472
6345,119980.172,0.8892243505429507
18956,119979.358,0.8892579812482617
16735,119971.65400000001,0.88929160979411
10742,119951.864,0.8893252327927403
443,119948.9095,0.8893588549632122
5252,119944.49599999998,0.889392475896562
15214,119942.9425,0.8894260963944594
17859,119938.232,0.8894597155719842
7835,119901.942,0.8894933245772736
19134,119900.6545,0.8895269332216713
4857,119894.5495,0.8895605401548127
932,119892.365,0.8895941464756296
17453,119880.9305,0.8896277495913094
9913,119860.463,0.8896613469698652
9446,119857.873,0.8896949436224334
1779,119824.78850000001,0.8897285310012807
9298,119797.90299999999,0.8897621108440124
14082,119787.46600000001,0.8897956877612101
8296,119774.93400000001,0.889829261165637
18135,119762.57949999999,0.889862831107047
16696,119759.9235,0.8898964003039693
14960,119728.3175,0.8899299606416003
7957,119708.09599999999,0.8899635153110622
953,119698.1465,0.8899970671916385
6153,119668.68849999999,0.8900306108150167
13262,119648.376,0.890064148744718
1288,119629.2825,0.8900976813224329
14156,119596.76199999999,0.8901312047845187
16491,119555.1635,0.8901647165863745
2772,119519.29000000001,0.8901982183327414
11237,119472.769,0.8902317070390816
18011,119359.177,0.890265163905119
1244,119341.031,0.8902986156847584
6552,119323.569,0.8903320625697275
14139,119321.1275,0.8903655087703344
15366,119309.4325,0.8903989516927847
9586,119250.917,0.8904323782131008
12163,119228.167,0.8904657983564989
8504,119212.668,0.8904992141554637
8037,119202.682,0.8905326271553119
6896,119159.3635,0.8905660280128072
8299,119117.91049999998,0.8905994172508568
16298,119092.19,0.8906327992793449
9134,119069.599,0.8906661749754833
15352,119055.025,0.8906995465864698
17637,118969.462,0.890732894213797
407,118967.76,0.8907662413640467
11099,118955.675,0.8907995851268214
9328,118919.007,0.8908329186114056
5806,118908.39749999999,0.8908662491221033
4444,118908.20749999999,0.8908995795795435
13622,118883.855,0.890932903210878
15012,118875.502,0.8909662245008325
2571,118873.324,0.8909995451802847
133,118837.74500000001,0.8910328558867974
655,118818.234,0.891066161124297
9021,118793.71399999999,0.8910994594887404
2004,118786.207,0.8911327557489407
17485,118776.0575,0.8911660491641946
9730,118722.06,0.8911993274437282
213,118654.08,0.8912325866681894
4140,118639.215,0.8912658417259304
4736,118597.88200000001,0.891299085197862
13237,118591.4365,0.8913323268630938
4367,118589.1535,0.8913655678883914
9319,118562.551,0.8913988014568992
8922,118531.0055,0.8914320261830742
6009,118474.41949999999,0.8914652350479616
4635,118456.0835,0.8914984387731931
16906,118454.408,0.8915316420287752
12441,118430.10800000001,0.8915648384729677
19533,118422.057,0.8915980326604321
16784,118421.831,0.8916312267845478
19287,118363.88200000001,0.8916644046653214
4526,118362.041,0.8916975820300551
9502,118334.35199999998,0.8917307516334488
1368,118282.60100000001,0.8917639067308254
8241,118277.44,0.8917970603815525
18078,118261.75800000002,0.8918302096365507
17992,118258.842,0.8918633580741823
10486,118242.6245,0.891896501965982
15701,118241.869,0.8919296456460122
1298,118240.25349999999,0.8919627888732111
35,118219.148,0.8919959261844518
6608,118190.256,0.8920290553971467
402,118185.545,0.8920621832893291
3877,118130.371,0.8920952957160132
3640,118101.65599999999,0.8921284000937654
17817,118075.03399999999,0.892161497009262
9385,118064.4895,0.8921945909690919
8751,118064.139,0.8922276848306753
9030,118037.621,0.8922607712591547
8744,118008.497,0.8922938495240578
2249,117892.9145,0.8923268953907127
6297,117664.20300000001,0.8923598771485979
17184,117642.7045,0.8923928528803654
8385,117638.0455,0.892425827306196
17866,117618.1695,0.8924587961607024
19610,117603.39600000001,0.8924917608741364
533,117571.753,0.8925247167179079
15406,117543.61949999999,0.8925576646757442
9917,117542.1555,0.8925906122232152
18208,117492.29149999999,0.8926235457936029
19472,117492.202,0.8926564793389035
18785,117481.592,0.8926894099101775
11637,117459.74250000001,0.8927223343569471
1578,117443.509,0.8927552542534003
3674,117441.11500000002,0.8927881734788055
7941,117423.91850000001,0.8928210878839613
19167,117422.9535,0.8928540020186236
8137,117417.56150000001,0.8928869146418863
7969,117345.74849999999,0.8929198071356711
9075,117313.473,0.892952690582501
19107,117308.86,0.8929855727362882
19471,117304.8445,0.8930184537645144
1405,117294.90000000001,0.8930513320052563
13632,117288.921,0.8930842085700602
1344,117277.1465,0.8931170818344235
886,117228.189,0.8931499413757991
18709,117185.856,0.8931827890510614
1103,117155.43800000001,0.8932156282000339
7521,117141.02100000001,0.893248463307862
2999,117140.256,0.8932812982012577
15024,117097.10699999999,0.8933141209998119
14182,117053.288,0.893346931515721
9849,117042.664,0.8933797390536794
9397,116982.90900000001,0.8934125298420666
11186,116970.1365,0.8934453170502699
18653,116959.1395,0.8934781011759689
489,116932.27949999999,0.8935108777727
2718,116928.9525,0.8935436534368594
18112,116928.17199999999,0.8935764288822413
19280,116865.76299999999,0.8936091868341252
17233,116854.76749999999,0.8936419417039252
10491,116853.4445,0.893674696202883
3382,116839.98,0.8937074469276863
14265,116836.48199999999,0.8937401966719859
8520,116835.612,0.8937729461724209
10841,116831.33400000002,0.893805694473715
11672,116828.63849999999,0.8938384420194495
1092,116824.058,0.893871188281251
11113,116806.186,0.8939039295334578
11487,116803.67300000001,0.8939366700812602
3603,116782.70749999999,0.8939694047523473
4763,116758.306,0.8940021325835941
17654,116721.657,0.894034850141976
16514,116715.088,0.8940675658590402
1722,116687.79449999999,0.8941002739256247
12111,116686.05,0.8941329815032188
80,116658.4715,0.8941656813504464
11926,116579.0615,0.8941983589387258
17362,116539.24750000001,0.894231025366978
9506,116508.543,0.8942636831886331
8083,116499.32800000001,0.8942963384272861
13794,116442.90400000001,0.8943289778500607
7856,116402.81700000001,0.8943616060362851
4633,116345.07449999999,0.8943942180370503
13167,116335.59049999999,0.8944268273794115
17589,116286.68350000001,0.8944594230129403
11508,116280.772,0.8944920169894515
1225,116280.415,0.8945246108658941
17383,116193.99000000002,0.8945571805170552
17341,116192.266,0.8945897496849722
7270,116191.44,0.8946223186213581
14846,116165.825,0.8946548803777544
18294,116145.1,0.8946874363248485
19988,116144.15800000001,0.8947199920078961
14704,116140.7745,0.8947525467425348
1230,116129.523,0.894785098323332
10541,116112.844,0.894817645228937
18251,116085.747,0.8948501845391423
6551,116072.542,0.8948827201479318
13707,116033.114,0.8949152447048915
14215,116022.8945,0.8949477663972835
9800,115920.24100000001,0.8949802593154792
11962,115912.64300000001,0.8950127501039244
15055,115911.5635,0.8950452405897813
7006,115898.5945,0.8950777274403744
13538,115869.11050000001,0.8951102060264815
7858,115865.1655,0.8951426835067892
11125,115850.516,0.8951751568807818
16430,115823.082,0.8952076225649118
9801,115789.298,0.8952400787792484
5668,115778.8905,0.8952725320763202
9108,115744.42799999999,0.895304975713412
8840,115733.5195,0.8953374162928067
17872,115705.97,0.8953698491499636
7103,115687.931,0.8954022769507152
9342,115683.8105,0.8954347035964737
19969,115678.35,0.8954671287116316
17593,115667.70800000001,0.8954995508437934
10419,115650.38699999999,0.8955319681208079
2118,115644.866,0.8955643838502636
15226,115607.326,0.8955967890571036
12315,115600.4405,0.8956291923339097
11544,115585.20800000001,0.8956615913409837
13061,115572.93499999998,0.8956939869078855
5736,115505.608,0.8957263636027535
12306,115492.16,0.8957587365280919
16790,115438.80850000001,0.8957910944987866
19164,115401.283,0.8958234419509299
16119,115383.321,0.8958557843682512
1018,115373.054,0.8958881239076902
13992,115326.66,0.8959204504427011
7993,115266.39050000001,0.8959527600839244
18272,115225.976,0.8959850583967979
17572,115207.0575,0.8960173514067382
2019,115188.44499999999,0.8960496391995187
11050,115187.063,0.896081926604919
14840,115170.743,0.8961142094357565
13902,115102.18949999998,0.8961464730507671
1548,115078.2745,0.8961787299623053
15599,115070.99149999999,0.8962109848323888
615,115053.7385,0.8962432348663858
15083,115023.64899999999,0.8962754764661728
4136,115005.3915,0.8963077129483077
12635,114995.4245,0.8963399466366516
14336,114965.9575,0.8963721720652749
14432,114948.902,0.8964043927131716
14295,114937.35599999999,0.8964366101246773
4709,114936.6525,0.8964688273389891
14368,114932.7185,0.8965010434505846
2761,114923.833,0.8965332570715381
112,114923.5675,0.8965654706180708
14628,114904.03,0.8965976786881623
9676,114845.75849999998,0.8966298704245137
18223,114775.433,0.8966620424483395
18734,114739.62999999999,0.8966942044364378
16541,114730.8875,0.8967263639739775
16559,114722.4675,0.8967585211513568
4885,114708.36600000001,0.8967906743760279
3667,114701.45800000001,0.8968228256643583
16140,114648.85200000001,0.8968549622070117
10952,114625.0465,0.8968870920768858
17103,114611.3345,0.89691921810323
14887,114559.72200000001,0.8969513296623793
3729,114535.02100000001,0.8969834342977371
2842,114503.981,0.8970155302324557
999,114477.548,0.8970476187578963
8814,114443.436,0.8970796977216036
7649,114435.018,0.897111774325711
1653,114423.77350000001,0.897143847777939
18569,114388.453,0.8971759113296863
12942,114373.5845,0.8972079707137322
2522,114350.424,0.8972400236057949
12251,114316.49050000001,0.8972720669861587
17784,114309.753,0.8973041084779737
9563,114303.14799999999,0.8973361481183801
1308,114187.38050000001,0.8973681553086823
16712,114155.1,0.8974001534506282
15297,114139.916,0.8974321473364366
16314,114129.2895,0.8974641382435937
2361,114125.85,0.8974961281866448
14451,114118.141,0.8975281159688316
5540,113994.136,0.8975600689919093
17775,113982.395,0.8975920187239365
8238,113972.99350000001,0.8976239658206848
3077,113935.42,0.8976559023854273
8680,113929.21900000001,0.897687837212004
4929,113900.661,0.8977197640336563
2369,113891.34400000001,0.8977516882437153
10184,113870.6235,0.8977836066457334
9736,113869.304,0.8978155246778903
17941,113831.87299999999,0.8978474322179846
11228,113804.1015,0.8978793319736138
18680,113786.25400000002,0.8979112267265156
18008,113771.64199999999,0.8979431173836141
5674,113751.168,0.8979750023017665
6236,113741.57,0.8980068845295602
5474,113724.0995,0.8980387618603012
6230,113660.156,0.8980706212674173
7123,113657.966,0.8981024800606675
4062,113627.97,0.898134330445916
12212,113613.857,0.8981661768752328
6820,113603.5085,0.8981980204038227
16076,113586.21900000001,0.8982298590860949
4415,113570.4795,0.8982616933565208
14524,113569.082,0.8982935272352218
5517,113553.064,0.8983253566240118
14780,113538.284,0.8983571818699073
18891,113505.3195,0.8983889978757185
9167,113473.75850000001,0.8984208050348521
1114,113461.796,0.898452608840848
434,113434.427,0.8984844049752012
19348,113430.88100000001,0.898516200115596
16986,113404.7915,0.8985479879429972
38,113402.59150000001,0.8985797751537292
10735,113385.649,0.8986115576154093
9922,113368.50099999999,0.8986433352704347
17162,113336.92700000001,0.8986751040751386
15349,113328.784,0.8987068705973262
12308,113276.1025,0.8987386223526738
3244,113274.542,0.8987703736706067
7450,113267.91500000001,0.8988021231309644
11006,113223.044,0.8988338600137972
3862,113214.525,0.8988655945087194
1362,113197.7575,0.8988973243036427
7743,113116.83499999999,0.8989290314156578
13452,113099.6795,0.898960733718916
10395,113084.6835,0.898992431818734
12945,113043.05449999998,0.899024118249773
5564,112993.932,0.8990557909115741
4898,112991.8535,0.8990874629907629
1939,112982.0795,0.8991191323302598
1206,112961.539,0.8991507959121702
15932,112951.81,0.8991824567670021
2365,112949.83,0.8992141170668319
8401,112940.993,0.8992457748896144
12317,112925.216,0.8992774282900393
16856,112919.72350000001,0.8993090801508938
14886,112916.7085,0.8993407311666316
7998,112898.5155,0.8993723770827969
9765,112807.2595,0.8994039974195319
17325,112770.99149999999,0.8994356075901979
14116,112761.51550000001,0.8994672151047023
19986,112745.6185,0.8994988181632125
10436,112707.7735,0.8995304106136143
12498,112640.649,0.8995619842487439
14045,112629.62400000001,0.8995935547935209
3975,112611.4305,0.8996251202385852
10191,112568.2805,0.899656673588528
15201,112516.42,0.8996882124017601
4069,112493.18,0.8997197447007251
16983,112490.6785,0.8997512762985095
18575,112482.622,0.899782805638024
19732,112472.7095,0.8998143321990241
2448,112466.10949999999,0.8998458569100171
17274,112442.44600000001,0.8998773749880342
17409,112441.302,0.8999088927453834
15200,112403.72,0.8999403999683441
5414,112378.913,0.8999719002378012
90,112365.77750000001,0.9000033968253238
9886,112365.245,0.9000348932635845
4481,112354.815,0.9000663867782736
7331,112340.6255,0.9000978763155877
8024,112334.977,0.9001293642696041
2563,112300.16199999998,0.9001608424648334
10390,112282.1385,0.900192315608002
7744,112264.0205,0.9002237836726209
4815,112248.5715,0.9002552474068218
15035,112233.33,0.9002867068687678
8029,112206.662,0.9003181588555643
17649,112171.0555,0.9003496008617131
6421,112169.75999999998,0.900381042504728
418,112166.69099999999,0.9004124832874895
1871,112157.728,0.9004439215578853
6485,112154.42150000001,0.9004753589014559
13352,112139.301,0.9005067920066883
16926,112110.513,0.9005382170425263
9324,112083.79800000001,0.9005696345900405
2530,112034.29849999999,0.9006010382626422
16840,112034.2935,0.9006324419338423
14885,112025.97,0.9006638432719313
7457,112020.076,0.900695242957908
5323,112011.8365,0.9007266403343192
15700,111991.37700000001,0.9007580319758486
723,111981.731,0.9007894209135647
6941,111964.97200000001,0.9008208051536646
15592,111957.82,0.9008521873890296
10095,111950.76250000001,0.9008835676461484
4439,111919.80900000001,0.9009149392268745
7300,111915.23200000002,0.9009463095246486
7695,111836.077,0.9009776576349522
457,111828.23000000001,0.9010090035457096
5195,111749.705,0.9010403274455879
13936,111746.19699999999,0.9010716503621595
7937,111736.56,0.9011029705774405
12993,111736.41450000001,0.9011342907519373
9231,111665.41699999999,0.901165591025544
10622,111663.34199999999,0.9011968907175198
17964,111633.4135,0.9012281820204145
8782,111567.13149999999,0.9012594547441932
19462,111557.133,0.9012907246653514
16809,111556.277,0.9013219943465693
11971,111521.196,0.9013532541944393
13200,111504.6865,0.9013845094146289
11246,111491.7225,0.9014157610009561
2020,111435.444,0.9014469968121893
17833,111418.459,0.9014782278624576
18147,111390.0045,0.9015094509368129
9734,111368.70799999998,0.9015406680416721
17549,111363.97499999999,0.9015718838198521
2315,111360.36,0.9016030985847328
13356,111282.89450000001,0.9016342916357164
9724,111268.14850000001,0.9016654805533361
12449,111261.72200000001,0.9016966676695815
10529,111261.408,0.9017278546978112
17317,111249.28450000001,0.9017590383277745
14101,111225.25200000001,0.9017902152213295
9491,111217.85450000002,0.9018213900413349
10838,111172.553,0.9018525521631444
14944,111161.231,0.901883711111351
16604,111155.8175,0.9019148685421314
1142,111129.90400000001,0.9019460187092516
19852,111118.8795,0.9019771657861593
16090,111088.00150000001,0.9020083042078372
16910,111080.1295,0.9020394404229612
5478,111052.3125,0.9020705688408663
19534,111042.59,0.9021016945335149
1075,111039.19949999999,0.9021328192757924
10890,111026.477,0.902163940451901
18252,111023.265,0.9021950607276729
18139,111023.0145,0.9022261809332286
4582,110995.35500000001,0.9022572933857131
11185,110991.878,0.9022884048635804
12337,110986.88500000001,0.9023195149418893
16563,110972.91149999999,0.9023506211033689
16665,110955.67649999999,0.9023817224338075
8573,110893.87700000001,0.9024128064415932
10185,110888.193,0.9024438888561304
5142,110882.80299999999,0.9024749697598284
12510,110833.90699999999,0.9025060369577776
5775,110830.906,0.9025371033145342
18697,110773.78649999999,0.9025681536604611
12715,110772.14749999999,0.9025992035469694
1280,110763.0975,0.9026302508967258
19948,110752.45099999999,0.9026612952622246
14607,110746.97,0.9026923380913766
419,110694.94750000001,0.902723366338409
19977,110683.2795,0.9027543913148531
4106,110616.849,0.9027853976705561
18461,110613.3465,0.902816403044494
777,110594.286,0.9028474030756956
2578,110574.689,0.902878397613778
13403,110535.08350000001,0.9029093810502764
4911,110528.8865,0.9029403627497304
4184,110504.7515,0.9029713376840452
15357,110502.375,0.9030023119522173
7400,110483.854,0.9030332810288773
14359,110470.718,0.9030642464234625
10503,110458.588,0.9030952084179591
2527,110451.054,0.9031261683006447
7754,110440.59049999999,0.9031571252503684
604,110409.8985,0.9031880735969988
343,110392.48000000001,0.9032190170611525
9010,110390.612,0.903249960001698
5335,110384.59899999999,0.903280901256775
162,110378.1,0.9033118406901557
2492,110368.05799999999,0.9033427773087227
14754,110306.26800000001,0.9033736966072997
8246,110286.55699999999,0.9034046103808027
18491,110281.474,0.9034355227295199
1829,110275.1595,0.903466433308257
5295,110232.13249999999,0.9034973318263498
15498,110214.313,0.9035282253495639
15730,110211.9085,0.9035591181987866
7485,110209.598,0.9035900104003668
4863,110191.686,0.9036208975811401
18857,110190.374,0.9036517843941543
19537,110181.34,0.9036826686749014
14293,110152.831,0.903713544964459
1117,110130.53899999999,0.9037444150054778
17606,110129.364,0.9037752847171391
16355,110115.82849999999,0.9038061506347445
5298,110090.13350000001,0.903837009349936
2661,110089.87000000001,0.9038678679912676
17915,110063.01,0.9038987191036312
13426,110037.9225,0.9039295631838657
18845,110014.03099999999,0.9039604005672152
3826,110001.26250000001,0.9039912343715015
2700,109998.946,0.9040220675264636
9651,109991.344,0.9040528985505538
10232,109979.10149999999,0.9040837261430212
5952,109971.53949999998,0.9041145516158292
3779,109956.598,0.9041453729004735
18627,109913.7525,0.9041761821753486
2496,109908.09,0.9042069898630019
19373,109899.85,0.9042377952409493
6938,109861.82200000001,0.9042685899594927
19426,109850.586,0.9042993815285393
15177,109812.739,0.9043301624889166
16600,109801.867,0.9043609404018281
17498,109801.284,0.9043917181513221
16246,109772.987,0.9044224879690512
15717,109733.023,0.9044532465847075
13419,109701.728,0.9044839964282472
10658,109649.96799999998,0.9045147317632468
10072,109647.7215,0.9045454664685434
17203,109610.40400000001,0.9045761907135919
14602,109573.3665,0.9046069045768774
6174,109567.92,0.9046376169134869
13564,109552.23649999998,0.9046683248539469
18710,109549.7435,0.904699032095609
3181,109544.7635,0.9047297379413566
3762,109426.584,0.9047604106609065
4965,109366.182,0.9047910664495284
17239,109351.434,0.9048217181042256
10226,109345.941,0.9048523682192123
1800,109326.7685,0.9048830129600688
17067,109325.6355,0.9049136573833407
2975,109263.622,0.9049442844239748
14969,109251.306,0.9049749080123837
10351,109236.93500000001,0.9050055275725423
13820,109224.46600000001,0.9050361436375891
3685,109188.22649999999,0.9050667495445558
4280,109185.913,0.9050973548030389
16942,109140.13650000001,0.9051279472301816
18905,109137.737,0.9051585389847346
48,109094.4265,0.9051891185991772
9663,109044.68650000001,0.9052196842712941
3447,108991.2005,0.9052502349510662
7533,108921.30500000001,0.9052807660388433
2866,108903.931,0.9053112922566173
17636,108874.5095,0.9053418102274243
8162,108872.52,0.9053723276405663
69,108813.61349999999,0.9054028285419752
13431,108772.49999999999,0.9054333179191016
18269,108721.766,0.9054637930752801
19324,108670.63500000001,0.9054942538992301
448,108635.38699999999,0.9055247048430213
2598,108610.7595,0.9055551488836233
16444,108607.3205,0.9055855919602596
14660,108596.6045,0.9056160320331571
18185,108589.17000000001,0.9056464700221339
3871,108532.574,0.9056768921470202
9824,108456.59999999999,0.9057072929760831
11143,108449.56150000001,0.9057376918322257
18934,108433.95000000001,0.9057680863124009
767,108423.0135,0.9057984777270305
9162,108407.742,0.9058288648609961
2482,108395.28400000001,0.9058592485029332
9561,108352.0685,0.9058896200313887
6288,108334.589,0.9059199866602689
13331,108271.38399999999,0.9059503355725287
1500,108254.81,0.9059806798390284
11818,108235.7345,0.9060110187585874
13513,108191.0635,0.9060413451566821
19299,108100.83300000001,0.9060716462627983
2109,108099.215,0.9061019469153825
12569,108094.66649999999,0.9061322462930035
15930,108073.99900000001,0.9061625398774397
17672,108060.4515,0.906192829664456
19251,108058.695,0.9062231189591182
6733,108055.754,0.9062534074294062
425,108051.20400000001,0.9062836946243105
1926,108008.57750000001,0.9063139698708322
7801,107984.846,0.9063442384653174
779,107896.318,0.9063744822450417
11402,107893.902,0.9064047253475512
4332,107882.772,0.9064349653302762
19445,107876.363,0.9064652035165323
10790,107864.45850000001,0.9064954383659082
14910,107834.56450000001,0.9065256648358735
11895,107830.97500000002,0.9065558902996873
14589,107827.751,0.9065861148598007
16478,107815.461,0.9066163359749768
6034,107723.354,0.9066465312721836
17107,107713.97700000001,0.9066767239409791
7817,107667.0435,0.9067069034541222
15868,107633.15249999998,0.9067370734674793
11991,107601.98349999999,0.9067672347440381
4082,107589.72300000001,0.9067973925839286
9817,107583.5225,0.9068275486857934
1700,107517.60500000001,0.9068576863107131
15578,107516.10650000001,0.9068878235155972
3185,107508.62000000001,0.9069179586219845
17551,107508.16,0.9069480935994321
17535,107496.209,0.9069782252269654
3128,107486.78749999999,0.9070083542136136
9646,107478.58099999999,0.9070384808999463
3864,107468.04400000001,0.9070686046327148
5592,107430.0325,0.9070987177107042
17740,107412.606,0.9071288259039741
17153,107412.17,0.9071589339750317
16248,107400.4615,0.9071890387641488
12985,107395.189,0.9072191420753625
18703,107380.8225,0.9072492413595874
10889,107372.8185,0.9072793384002583
16255,107348.492,0.9073094286221117
2174,107310.413,0.9073395081702655
2412,107307.44700000001,0.9073695868870373
11338,107291.35299999999,0.9073996610925951
18549,107285.332,0.9074297336104418
16193,107279.3645,0.9074598044555738
10023,107239.463,0.9074898641161521
14084,107237.9665,0.9075199233572552
6076,107233.598,0.9075499813738499
8503,107231.3025,0.9075800387470064
4036,107092.1865,0.9076100571253788
6939,107091.3825,0.9076400752783865
3408,107086.1255,0.9076700919578358
13006,107083.0805,0.907700107783759
2636,107064.06000000001,0.9077301182781581
10705,107063.161,0.9077601285205638
15433,107035.166,0.9077901309158564
14620,107030.898,0.907820132114811
6723,107017.6675,0.9078501296052025
931,106979.746,0.9078801164660422
11092,106958.37199999999,0.9079100973356622
2226,106945.59400000001,0.9079400746235564
18854,106937.49199999998,0.9079700496404269
699,106929.8805,0.9080000225237628
16145,106915.34449999999,0.9080299913325983
5289,106880.83249999999,0.9080599504675789
15375,106862.705,0.9080899045213471
11443,106850.38,0.9081198551203674
7852,106850.38,0.9081498057193876
13137,106846.171,0.9081797551386078
4471,106812.6845,0.9082096951714251
18635,106717.02799999999,0.9082396083913337
1575,106708.47200000001,0.9082695192129605
15307,106669.4445,0.9082994190950192
4326,106666.80549999999,0.9083293182373554
7772,106644.772,0.9083592112036113
3147,106639.18750000001,0.908389102604509
1024,106638.31000000001,0.9084189937594399
1101,106629.25899999999,0.9084488823773383
12897,106627.78950000001,0.90847877058333
19269,106612.7295,0.9085086545679419
9644,106597.739,0.9085385343506553
2206,106579.9775,0.9085684091547477
16603,106577.88699999999,0.9085982833728642
13909,106555.4485,0.9086281513013774
6029,106515.8695,0.9086580081357348
19404,106504.0345,0.9086878616526933
9684,106466.604,0.9087177046777293
13324,106441.7515,0.9087475407365079
8642,106420.76699999999,0.9087773709132452
17276,106420.694,0.9088072010695201
12466,106417.93200000002,0.9088370304515953
17698,106417.69150000002,0.9088668597662574
2374,106355.45000000001,0.9088966716343719
6428,106329.29550000001,0.9089264761712731
458,106319.56,0.9089562779792738
19338,106319.56,0.9089860797872745
9545,106316.09000000001,0.9090158806226201
10166,106309.27300000002,0.9090456795471326
7589,106266.674,0.9090754665309709
2376,106255.2715,0.9091052503186419
12292,106246.4045,0.9091350316208564
2264,106241.56,0.9091648115651377
2037,106230.64300000001,0.9091945884493393
12322,106221.5425,0.9092243627826335
19272,106215.13449999999,0.909254135319739
745,106202.027,0.9092839041827585
14229,106155.564,0.909313660022009
11906,106112.99749999997,0.9093434039296951
7106,106065.742,0.9093731345914713
7171,106053.7585,0.9094028618942233
9694,106023.3075,0.9094325806614352
18097,105975.32750000001,0.9094622859796566
18698,105945.733,0.9094919830024185
17526,105943.19399999999,0.9095216793134884
16281,105929.38,0.9095513717524375
9936,105923.674,0.9095810625919714
8093,105880.654,0.9096107413728232
13476,105851.7345,0.9096404120474206
4704,105825.185,0.9096700752800846
6985,105815.9045,0.9096997359113864
6182,105802.92349999999,0.9097293929040609
8090,105798.8395,0.9097590487519732
8929,105784.9625,0.9097887007101059
19947,105750.0765,0.9098183428895497
13125,105720.475,0.9098479767715719
915,105684.30500000001,0.909877600514995
8833,105681.8845,0.909907223579942
44,105663.87649999998,0.909936841597173
15109,105647.21350000001,0.9099664549436969
12090,105617.7675,0.9099960600363862
6955,105553.34950000001,0.9100256470724466
16909,105550.893,0.9100552334199399
7873,105542.24799999999,0.9100848173442043
4510,105539.8505,0.9101144005964397
16467,105530.954,0.9101439813549496
18053,105519.5465,0.9101735589158906
5381,105515.6295,0.9102031353788804
5358,105506.286,0.9102327092228488
16265,105458.70999999999,0.9102622697310698
18881,105448.0955,0.9102918272640029
9419,105385.8925,0.9103213673611804
3990,105340.25600000001,0.9103508946662601
18701,105297.2625,0.9103804099200856
835,105236.675,0.910409908190987
9641,105212.63,0.9104393997219764
8115,105188.21900000001,0.9104688844104624
7246,105174.72899999999,0.9104983653176463
1407,105141.383,0.9105278368778097
4168,105127.86600000001,0.9105573046491029
12647,105110.5465,0.9105867675656691
4404,105072.56800000001,0.9106162198367064
14269,105016.55,0.9106456564056689
1124,104966.625,0.9106750789804494
8884,104954.77799999999,0.9107044982344673
11556,104949.49350000001,0.9107339160072183
12811,104920.46149999999,0.9107633256421809
17327,104915.72200000001,0.9107927339486421
18357,104914.494,0.91082214191089
19717,104906.15650000001,0.9108515475361023
17528,104896.17300000001,0.9108809503628987
10177,104843.41850000001,0.9109103384023928
4989,104816.20850000001,0.9109397188148125
13136,104813.7885,0.9109690985488962
8717,104778.074,0.9109984682720594
11255,104775.73650000001,0.9110278373400117
1724,104768.272,0.9110572043156342
15534,104766.05999999998,0.911086570671224
8905,104730.131,0.911115926955768
6839,104723.90599999999,0.9111452814954191
8035,104718.34700000001,0.9111746344768596
1655,104708.59949999998,0.911203984726036
19178,104705.027,0.9112333339738261
3924,104691.6685,0.9112626794771738
8176,104657.1845,0.9112920153145152
10986,104652.573,0.9113213498592343
18896,104639.07599999999,0.911350680620689
6531,104629.73199999999,0.9113800087629822
14464,104590.48,0.9114093259027791
12332,104584.51699999999,0.9114386413711227
9991,104573.56150000001,0.9114679537685948
11133,104510.79800000001,0.9114972485732008
15976,104425.23700000002,0.9115265193947082
7083,104416.6995,0.9115557878231194
11286,104412.21650000001,0.9115850549949273
19860,104399.16,0.9116143185069447
9813,104376.4705,0.9116435756590024
18133,104339.862,0.9116728225495478
18004,104331.7415,0.9117020671638837
5744,104299.96600000001,0.9117313028714169
4615,104299.9225,0.9117605385667569
6471,104281.928,0.9117897692181648
6897,104266.9835,0.9118189956805681
7329,104261.254,0.9118482205369692
14785,104249.4815,0.9118774420934904
12003,104235.49050000001,0.9119066597282769
15970,104195.788,0.9119358662342901
11330,104189.658,0.9119650710220392
7917,104168.024,0.9119942697456895
14331,104128.563,0.9120234574082601
14835,104067.54699999999,0.9120526279677958
5352,104065.11850000001,0.9120817978466133
6185,104014.9705,0.9121109536687408
13554,103943.59000000001,0.912140089482622
11061,103942.944,0.9121692251154266
6609,103928.449,0.9121983566852235
9617,103891.042,0.912227477769685
6365,103875.633,0.9122565945349408
4787,103860.615,0.9122857070905896
18108,103857.99599999998,0.9123148189121221
11785,103778.57349999998,0.9123439084712026
19938,103726.54849999999,0.9123729834474626
2924,103722.3085,0.9124020572352333
18801,103696.633,0.9124311238260562
14175,103696.04000000001,0.9124601902506587
844,103680.97450000001,0.9124892524523399
17037,103679.33600000001,0.9125183141947428
19261,103640.544,0.9125473650635895
6675,103610.279,0.9125764074490325
10572,103602.06900000002,0.9126054475331788
4381,103595.896,0.9126344858870081
12517,103588.73450000002,0.9126635222334397
17136,103544.755,0.9126925462522373
5072,103519.558,0.9127215632082126
923,103515.93950000001,0.9127505791499075
10747,103445.4615,0.9127795753363306
7988,103428.223,0.9128085666907315
15613,103421.25899999999,0.9128375560930946
2934,103410.21250000001,0.9128665423990785
10684,103406.7895,0.9128955277455817
4163,103359.16750000001,0.9129244997434431
15007,103351.422,0.9129534695702092
17152,103320.6605,0.9129824307744009
15696,103311.37400000001,0.9130113893755486
17831,103296.7365,0.913040343873745
18888,103225.4625,0.9130692783935476
3118,103223.1765,0.9130982122725748
5835,103195.09300000001,0.9131271382796821
11997,103188.0975,0.9131560623259221
9702,103172.4,0.9131849819720885
17026,103167.10900000001,0.9132139001351661
4640,103120.644,0.9132428052739139
11337,103063.268,0.9132716943299339
16938,103027.9235,0.9133005734787459
14207,103012.83799999999,0.9133294483990304
2472,102965.4965,0.9133583100492986
4968,102955.774,0.9133871689743104
8970,102935.63900000001,0.9134160222553991
1725,102905.475,0.913444867081395
6413,102901.4845,0.9134737107888375
5705,102896.16500000001,0.9135025530052024
13148,102816.9805,0.9135313730258279
18494,102816.4565,0.9135601928995738
13935,102810.36899999999,0.9135890110669687
14357,102777.37700000001,0.9136178199865708
1463,102722.13399999999,0.9136466134213337
13439,102718.69099999999,0.9136754058910097
3761,102713.32,0.9137041968551725
12444,102699.99050000001,0.9137329840830217
17583,102689.5925,0.9137617683962692
14281,102678.456,0.91379054958791
17443,102668.6205,0.9138193280226198
17155,102664.97099999999,0.9138481054343599
10916,102662.2925,0.9138768820953055
18671,102656.65900000001,0.9139056571771579
9380,102637.99,0.9139344270260131
3149,102610.4945,0.9139631891677672
11087,102575.69150000002,0.9139919415540979
5304,102546.644,0.9140206857982954
16469,102536.86600000001,0.9140494273016795
6140,102511.20549999998,0.9140781616123203
13711,102497.541,0.9141068920927458
18975,102480.011,0.9141356176594405
12259,102468.57650000001,0.9141643400209981
12666,102453.311,0.9141930581035734
1503,102444.94999999998,0.9142217738425263
8794,102443.76,0.9142504892479174
16977,102431.022,0.9142792010827947
9640,102365.784,0.9143078946311937
15818,102365.72,0.9143365881616531
14384,102350.505,0.9143652774272858
16764,102341.5965,0.9143939641958294
1890,102318.727,0.9144226445539586
326,102307.0815,0.9144513216478064
9204,102285.25000000001,0.9144799926221954
17454,102243.66399999999,0.9145086519398583
12480,102159.6875,0.9145372877185644
18682,102104.66100000001,0.9145659080731171
19594,102083.7,0.9145945225522157
16816,102079.665,0.9146231359002874
1702,102076.484,0.9146517483567119
19711,102063.6465,0.9146803572147325
19282,102050.92250000002,0.9147089625061637
553,102022.28950000001,0.914737559771648
16278,102007.655,0.9147661529350218
13259,101939.88399999999,0.9147947271019068
14997,101913.228,0.914823293797006
15434,101892.6215,0.9148518547160187
6543,101848.954,0.9148804033948524
6092,101845.12800000001,0.9149089510012427
13570,101837.916,0.9149374965860798
13130,101829.855,0.9149660399113856
14276,101809.52849999999,0.9149945775390903
15741,101754.071,0.9150230996218306
3724,101726.9685,0.9150516141076293
12010,101719.0655,0.9150801263781846
14940,101706.5815,0.9151086351494235
14291,101684.353,0.9151371376899231
2614,101681.921,0.915165639548723
15836,101676.91699999999,0.9151941400048811
4023,101646.157,0.9152226318388854
18783,101640.988,0.9152511222239977
3133,101631.30799999999,0.9152796098957666
13749,101595.41050000001,0.9153080875053191
2491,101574.588,0.9153365592782395
18238,101563.462,0.9153650279324967
16388,101547.45,0.9153934920985246
8854,101540.1625,0.9154219542218365
6196,101524.993,0.9154504120930754
8333,101524.4595,0.9154788698147721
6535,101507.861,0.9155073228838414
4294,101485.22399999999,0.9155357696076668
10042,101464.0615,0.9155642103995568
16827,101461.049,0.9155926503470306
17514,101452.592,0.9156210879239729
15472,101403.56700000001,0.9156495117590068
5350,101386.304,0.9156779307551511
5695,101382.966,0.9157063488156405
19234,101364.06899999999,0.9157347615792232
11689,101353.278,0.9157631713180445
2248,101339.5705,0.9157915772145975
11677,101328.984,0.9158199801437112
4823,101324.274,0.9158483817525926
19983,101297.73800000001,0.9158767759233245
7981,101261.88949999999,0.9159051600455752
2221,101242.684,0.9159335387844455
616,101171.91949999999,0.9159618976877367
1594,101137.408,0.9159902469173131
5881,101136.1955,0.9160185958070208
10292,101091.20550000001,0.9160469320858474
1266,101085.7095,0.9160752668241225
4617,101046.948,0.9161035906973907
17002,101002.46350000001,0.9161319021014712
3428,101000.075,0.9161602128360454
9402,100979.91549999999,0.9161885179198292
17757,100972.079,0.9162168208070101
15707,100958.801,0.9162451199723132
7889,100945.386,0.9162734153773368
6621,100932.94249999999,0.9163017072943964
13272,100907.699,0.9163299921355996
6102,100895.054,0.9163582734323574
5180,100864.3805,0.9163865461312077
19197,100810.80600000001,0.9164148038129063
11839,100803.72899999999,0.9164430595108928
7007,100745.1145,0.9164712987789949
12543,100721.608,0.9164995314581288
1332,100709.424,0.9165277607220376
9752,100679.50950000001,0.9165559816007897
19417,100668.02750000001,0.91658419926109
1614,100664.9755,0.9166124160659024
4556,100655.94200000001,0.9166406303385877
3061,100640.0185,0.9166688401478505
5342,100621.65200000002,0.9166970448089085
17880,100597.323,0.916725242650448
12548,100578.2255,0.9167534351388801
13041,100529.6795,0.9167816140196696
19561,100523.2675,0.9168097911031493
11140,100503.6725,0.9168379626940703
8523,100499.557,0.9168661331313998
12442,100476.258,0.916894297037924
1552,100470.474,0.9169224593231694
19838,100441.894,0.9169506135973239
14613,100432.5295,0.9169787652465706
18271,100410.025,0.9170069105877139
8028,100376.207,0.9170350464495332
3081,100345.465,0.9170631736942441
8802,100298.94799999999,0.9170912879000495
8372,100280.1115,0.9171193968259066
1543,100268.0525,0.9171475023715767
3262,100263.034,0.9171756065105408
3547,100256.02,0.9172037086834519
6842,100246.446,0.9172318081727316
15037,100245.1595,0.9172599073014002
5308,100236.481,0.9172880039974497
8742,100198.777,0.9173160901249134
2089,100180.097,0.917344171016297
14599,100152.8775,0.917372244277943
3143,100099.335,0.9174003025314071
6047,100065.4705,0.9174283512925132
3412,100027.1115,0.9174563893014345
796,99976.045,0.9174844129962068
3886,99958.707,0.9175124318310666
19137,99954.832,0.917540449579748
11844,99939.54999999999,0.9175684630448224
3450,99933.95,0.9175964749401937
6262,99909.991,0.9176244801197594
19081,99907.1805,0.9176524845115304
9101,99885.6975,0.9176804828815285
10682,99772.269,0.9177084494570537
11189,99767.20599999999,0.917736414613399
1567,99712.16749999998,0.9177643643422276
18100,99708.731,0.9177923131077912
19640,99705.18849999999,0.9178202608803774
13271,99664.7115,0.9178481973070949
11885,99662.8835,0.9178761332214165
19612,99660.484,0.9179040684631484
5475,99653.5645,0.9179320017653161
7384,99646.625,0.9179599331223135
13824,99635.5865,0.9179878613851743
17320,99589.25649999999,0.9180157766615462
13919,99571.832,0.9180436870537594
11248,99464.8325,0.9180715674535748
6885,99451.3315,0.9180994440690045
13497,99449.724,0.9181273202338454
19403,99415.49100000001,0.9181551868030363
16991,99411.406,0.918183052227185
6160,99394.07699999999,0.918210912793944
5348,99385.078,0.9182387708382465
9620,99382.93750000001,0.9182666282825579
17256,99379.04550000001,0.9182944846359258
867,99375.6735,0.9183223400441084
16405,99364.933,0.9183501924416848
9889,99353.671,0.9183780416824766
309,99314.3775,0.9184058799091394
1851,99311.8315,0.918433717422148
14158,99305.4015,0.9184615531328012
16443,99293.22,0.9184893854289301
3388,99281.496,0.9185172144387737
4626,99254.87950000001,0.9185450359879035
19369,99248.91,0.9185728558637578
282,99233.064,0.9186006712979137
14054,99225.23749999999,0.9186284845382695
678,99217.4485,0.9186562955953368
5755,99188.424,0.9186840985167177
16426,99177.7435,0.9187118984443109
13357,99135.35700000002,0.9187396864907945
10935,99077.9295,0.9187674584401148
1438,99062.0365,0.918795225934562
17093,99047.4135,0.9188229893301224
17035,99020.65,0.9188507452237643
3765,99015.8675,0.9188784997768518
8527,99010.8865,0.9189062529337445
3791,98955.57949999999,0.9189339905878589
10364,98953.0,0.9189617275189287
629,98944.364,0.9189894620292923
1688,98911.765,0.9190171874020228
7335,98894.787,0.9190449080157505
9477,98883.6305,0.9190726255022653
14559,98862.313,0.9191003370133978
984,98848.86200000001,0.9191280447541599
16859,98831.237,0.9191557475545622
15161,98752.43350000001,0.9191834282660208
18802,98731.2065,0.9192111030274644
1676,98717.269,0.9192387738821698
18132,98697.31300000001,0.9192664391431267
18137,98684.428,0.9192941007923653
14550,98665.93100000001,0.9193217572568191
6473,98661.4865,0.9193494124754612
15029,98600.18549999999,0.919377050511182
19550,98497.936,0.9194046598859493
620,98478.271,0.9194322637485367
19596,98441.9545,0.9194598574314604
2552,98363.09,0.9194874290083419
10477,98362.535,0.9195150004296545
10731,98360.807,0.9195425713666017
4373,98360.62849999999,0.9195701422535146
13260,98351.7375,0.9195977106482438
7578,98343.51699999999,0.9196252767387333
15627,98331.77,0.9196528395364905
5216,98282.04,0.919680388394725
1620,98180.826,0.919707908882261
2203,98170.81300000001,0.919735426563112
9834,98168.8845,0.9197629437033966
612,98161.73999999999,0.9197904588410485
3784,98134.81150000001,0.9198179664305317
13845,98120.5255,0.9198454700155906
18235,98067.588,0.9198729587620513
790,98062.4925,0.9199004460802227
14765,98046.939,0.9199279290386843
2968,98017.27249999999,0.9199554036815045
1512,98005.832,0.9199828751175056
6353,97975.10749999998,0.9200103379413037
16321,97944.7125,0.9200377922452588
4194,97939.1275,0.9200652449837156
8038,97903.7445,0.9200926878041725
6448,97875.596,0.9201201227344897
13901,97831.15,0.9201475452064112
16798,97736.756,0.9201749412193078
18191,97729.4745,0.9202023351911702
279,97717.56,0.9202297258233495
16956,97707.29199999999,0.9202571135773662
15304,97703.412,0.9202845002438031
10948,97685.35500000001,0.9203118818487891
375,97630.825,0.9203392481687926
15561,97612.697,0.9203666094074436
13720,97589.8395,0.9203939642390437
197,97539.915,0.9204213050766021
19508,97484.4055,0.9204486303546203
13651,97470.59049999999,0.9204759517602374
4685,97470.252,0.9205032730709717
9501,97455.645,0.920530590287304
4932,97454.84,0.9205579072779915
13015,97450.885,0.9205852231600764
17795,97441.842,0.9206125365073713
9157,97439.417,0.9206398491749288
6015,97418.6445,0.9206671560198694
17039,97416.97600000001,0.9206944623971226
8989,97414.8355,0.9207217681743849
5734,97390.92400000001,0.9207490672491558
10749,97359.26699999999,0.9207763574503403
6267,97320.0685,0.9208036366640244
4000,97314.728,0.9208309143807447
16814,97287.217,0.9208581843860191
13799,97283.07,0.9208854532288723
14919,97278.5925,0.920912720816664
7685,97268.753,0.9209399856464033
7047,97264.7515,0.920967249354506
3988,97242.45199999999,0.9209945068119676
6051,97229.90950000001,0.921021760753715
8983,97224.735,0.9210490132450289
15842,97224.6925,0.9210762657244298
4897,97223.349,0.9211035178272422
16945,97217.7585,0.9211307683630146
1327,97210.63,0.9211580169006391
18502,97202.334,0.921185263112861
4797,97175.03,0.9212125016716599
6628,97107.168,0.9212397212084623
16554,97067.773,0.9212669297026849
3760,97007.15049999999,0.9212941212041723
10039,97001.263,0.9213213110553695
13430,96995.8045,0.921348499376527
16021,96901.65400000001,0.9213756613069135
5194,96899.266,0.9214028225679339
17598,96895.53899999999,0.9214299827842611
7463,96833.542,0.9214571256225752
8595,96771.231,0.921484250994861
14547,96762.1535,0.9215113738226863
7620,96755.507,0.9215384947874704
9762,96737.984,0.921565610840486
13273,96657.1255,0.9215927042285329
2969,96650.46800000001,0.9216197957504553
7528,96639.908,0.9216468843123664
11904,96605.63149999999,0.9216739632664342
973,96587.3485,0.9217010370957022
18030,96568.8945,0.9217281057522384
7692,96553.0525,0.9217551699681973
7906,96552.46899999998,0.9217822340205986
12544,96523.49299999999,0.9218092899509086
8835,96521.43399999998,0.9218363453040724
15066,96507.079,0.9218633966334709
6292,96464.8905,0.9218904361372602
10343,96429.869,0.9219174658243796
1626,96413.70300000001,0.9219444909801031
6245,96412.29,0.9219715157397568
17266,96405.0835,0.921998538479399
13387,96388.552,0.9220255565851941
9379,96381.43,0.9220525726946636
10783,96378.48,0.9220795879772358
5596,96370.07699999999,0.9221066009044129
13927,96360.69,0.9221336112003753
18236,96343.569,0.9221606166972512
8654,96323.678,0.9221876166185986
12685,96306.245,0.9222146116534046
13157,96294.63149999999,0.922241603432899
9188,96268.3535,0.9222685878465623
12164,96260.3355,0.9222955700127474
9604,96252.5065,0.9223225499844319
14533,96246.7745,0.9223495283494132
8546,96232.555,0.9223765027286104
3833,96215.8585,0.9224034724277104
16619,96204.236,0.922430438868976
9823,96201.389,0.9224574045122159
10021,96193.427,0.9224843679236746
10882,96182.823,0.9225113283627887
17978,96180.988,0.9225382882875447
3904,96179.822,0.9225652478854662
5888,96178.211,0.9225922070318178
14700,96174.314,0.9226191650858243
11821,96173.673,0.9226461229601559
653,96166.12,0.9226730787173506
993,96147.23,0.922700029179601
15312,96087.042,0.9227269627709086
11738,96085.015,0.9227538957940398
9241,96044.951,0.9227808175870678
8773,96036.894,0.9228077371216856
9460,96032.99900000001,0.922834655564519
7308,96019.461,0.9228615702125955
1836,96007.0625,0.9228884813853219
18543,95992.216,0.9229153883965133
7602,95989.71,0.9229422947052628
12103,95970.18,0.9229691955396733
5807,95949.3355,0.922996090531285
10295,95937.25050000001,0.9230229821354218
169,95920.457,0.9230498690322717
1351,95918.8725,0.9230767554849799
10402,95905.39300000001,0.923103638159329
16670,95880.118,0.9231305137489921
985,95876.78700000001,0.9231573884049624
4683,95834.2315,0.9231842511324517
6727,95815.2625,0.9232111085428526
17479,95795.53899999999,0.9232379604246757
7629,95786.7535,0.9232648098438871
16744,95785.191,0.9232916588251234
16449,95777.011,0.9233185055134724
10339,95768.5845,0.9233453498398387
11128,95751.00649999999,0.9233721892390196
1465,95749.5745,0.9233990282368052
10732,95744.9715,0.923425865944351
15443,95726.329,0.9234526984263277
2250,95711.65900000001,0.9234795267962433
12673,95707.236,0.923506353926374
927,95675.458,0.9235331721490012
6999,95647.7245,0.9235599825978148
5313,95645.1265,0.9235867923183982
13129,95628.177,0.9236135972879675
1683,95626.039,0.9236404016582466
4967,95614.665,0.9236672028403469
13432,95581.7815,0.9236939948050674
15429,95550.317,0.9237207779501598
7705,95522.6715,0.9237475533461055
19981,95501.17349999999,0.9237743227160736
17905,95494.6215,0.9238010902494894
8569,95494.159,0.9238278576532645
15846,95485.964,0.9238546227599476
5281,95451.52100000001,0.9238813782121166
15484,95388.652,0.9239081160418475
1167,95354.731,0.9239348443633834
13009,95334.422,0.9239615669922232
9225,95333.692,0.9239882894164412
11769,95306.419,0.9240150041959255
3305,95304.53700000001,0.9240417184478776
12085,95287.7065,0.9240684279821717
15149,95267.61850000001,0.9240951318857171
6405,95265.0755,0.9241218350764492
7151,95264.147,0.9241485380069188
8380,95222.7505,0.92417522933378
2135,95154.15699999999,0.9242019014336024
17780,95140.13949999999,0.9242285696042621
5231,95123.1175,0.9242552330035855
9349,95119.12950000001,0.9242818952850561
14668,95115.856,0.9243085566489513
13776,95094.4815,0.9243352120214866
10126,95089.79699999999,0.9243618660809374
16083,95086.05949999999,0.9243885190927517
16568,95078.1085,0.9244151698758681
5355,95068.393,0.9244418179356901
12450,95035.28899999999,0.9244684567163253
2733,95011.94099999999,0.9244950889524205
12419,94983.2865,0.9245217131565421
12962,94923.882,0.924548320709339
1129,94920.94499999999,0.9245749274388828
14866,94919.902,0.9246015338760695
14698,94911.7925,0.9246281380401301
13088,94902.99650000001,0.9246547397386359
4774,94896.27799999999,0.9246813395539185
1954,94893.468,0.9247079385815468
10590,94859.64799999999,0.9247345281292904
8525,94847.48199999999,0.9247611142668545
10397,94801.902,0.924787687628158
6638,94787.232,0.9248142568774004
15126,94775.308,0.9248408227842968
8531,94748.154,0.9248673810798157
11363,94714.8285,0.9248939300340605
4866,94704.90950000001,0.9249204762079692
13587,94690.0215,0.9249470182087105
15145,94688.168,0.9249735596899081
13176,94652.531,0.9250000911819087
15739,94631.894,0.9250266168892737
16629,94622.532,0.9250531399724318
15393,94589.392,0.9250796537663122
10834,94489.567,0.9251061395788363
12671,94478.17200000002,0.9251326221972952
10480,94465.018,0.9251591011286342
7440,94445.2475,0.9251855745182209
1535,94444.256,0.9252120476298862
1461,94443.738,0.9252385205963539
93,94423.45000000001,0.9252649878760122
13249,94389.965,0.9252914457696879
12779,94382.421,0.9253179015487495
6391,94373.67199999999,0.9253443548754305
505,94353.415,0.9253708025239916
6933,94334.93650000001,0.9253972449929534
10214,94329.055,0.9254236858133067
2931,94321.17850000001,0.9254501244258448
12160,94316.658,0.9254765617712682
4557,94310.52799999999,0.9255029973984275
14006,94304.01,0.9255294311985648
5005,94239.1155,0.925555846808508
7893,94198.61499999999,0.9255822510659951
14485,94136.88549999999,0.9256086380204507
18936,94133.13600000001,0.9256350239239061
16916,94123.3915,0.9256614070959382
14630,94081.6385,0.9256877785644335
9920,94073.48300000001,0.9257141477469087
5154,94070.78950000001,0.9257405161743849
139,93994.46599999999,0.9257668632080716
19669,93959.8205,0.9257932005304826
18983,93945.28,0.925819533777132
8271,93935.551,0.9258458642967029
15500,93929.86,0.9258721932210632
13195,93920.07200000001,0.925898519401807
9061,93899.7535,0.925924839887192
1884,93897.102,0.9259511596293508
9344,93858.53749999999,0.9259774685617223
8515,93841.965,0.9260037728487541
2255,93839.993,0.9260300765830264
11832,93833.01199999999,0.9260563783604957
16599,93829.1795,0.9260826790636996
4588,93826.34749999999,0.9261089789730822
3089,93782.3885,0.9261352665605772
13485,93774.644,0.9261615519772571
10003,93695.48,0.9261878152039437
9904,93651.23300000001,0.9262140660280149
19151,93639.2265,0.9262403134866152
11431,93611.59,0.9262665531985913
5058,93590.4845,0.9262927869946093
10561,93586.72,0.9263190197354224
12,93582.6275,0.9263452513290912
6782,93575.84599999999,0.9263714810218777
18498,93548.802,0.9263977031341204
5765,93526.79800000001,0.9264239190785516
17279,93519.282,0.9264501329162174
1220,93494.792,0.9264763398892357
5796,93488.022,0.9265025449645954
14929,93487.11799999999,0.9265287497865602
10476,93420.651,0.9265549359775528
12105,93392.64899999999,0.9265811143194701
3774,93375.007,0.9266072877162626
3222,93368.8295,0.9266334593814766
11459,93360.636,0.926659628750019
16746,93335.8195,0.9266857911623947
13173,93329.95150000001,0.926711951929946
3376,93323.6985,0.9267381109447559
18128,93315.651,0.9267642677038186
1495,93276.2475,0.9267904134179188
9891,93267.027,0.9268165565474751
744,93258.473,0.9268426972793102
11062,93256.015,0.9268688373221579
17244,93146.4645,0.9268949466575518
17785,93137.9575,0.9269210536083987
8179,93113.5825,0.9269471537268335
2058,93084.37000000001,0.9269732456568848
5386,93061.00899999999,0.9269993310387521
1971,93015.9605,0.9270254037933404
4021,93001.28150000001,0.927051472433345
10930,92999.17250000002,0.9270775404821882
18173,92997.55900000001,0.9271036080787608
137,92987.33,0.9271296728081028
7439,92956.64550000001,0.9271557289364538
18829,92941.5395,0.9271817808305313
11990,92931.23,0.9272078298348135
4369,92905.454,0.9272338716139775
10361,92898.8845,0.9272599115516837
18145,92884.7265,0.9272859475208446
7281,92847.482,0.9273119730502195
15209,92824.67199999999,0.9273379921858581
3267,92819.125,0.9273640097666498
10910,92783.4855,0.9273900173575438
14718,92761.71549999999,0.9274160188462176
19367,92757.53499999999,0.9274420191630801
19868,92754.6305,0.9274680186657994
8506,92607.101,0.9274939768153958
5307,92596.59,0.927519932018716
6627,92566.147,0.9275458786887385
11012,92547.4965,0.9275718201309495
5943,92536.75149999998,0.927597758561293
8041,92522.487,0.9276236929932388
3614,92476.83200000001,0.9276496146279011
14454,92439.25499999999,0.9276755257295765
6098,92437.77,0.9277014364150002
2067,92415.694,0.9277273409124308
13234,92397.95999999999,0.9277532404389486
9072,92391.0845,0.9277791380382355
3340,92374.191,0.9278050309022052
16815,92374.191,0.927830923766175
17373,92359.32999999999,0.9278568124645457
13342,92351.507,0.9278826989700972
12864,92276.542,0.9279085644626525
14466,92247.31450000001,0.9279344217626198
12416,92235.4375,0.9279602757334153
1868,92192.371,0.9279861176324945
4853,92138.02249999999,0.9280119442974667
1096,92057.89799999999,0.9280377485032134
11631,92022.224,0.928063542709392
3745,92020.492,0.9280893364300838
2288,92006.97,0.9281151263605036
9496,91992.8915,0.9281409123446622
8530,91987.15599999999,0.9281666967211368
14953,91981.534,0.9281924795217417
5318,91972.57400000001,0.9282182598108218
3577,91959.2185,0.9282440363563008
18750,91908.306,0.9282697986307975
6191,91883.26999999999,0.9282955538876009
10230,91873.446,0.9283213063906968
13487,91869.35399999999,0.9283470577467884
9719,91815.8545,0.928372794106751
9229,91799.495,0.9283985258810787
10495,91790.714,0.9284242551940565
6195,91773.5565,0.9284499796977165
4972,91735.84999999999,0.9284756936320901
2218,91731.398,0.92850140631855
4792,91727.50399999999,0.9285271179135058
10288,91723.24350000001,0.928552828314226
19703,91698.894,0.9285785318896816
5376,91698.7345,0.9286042354204288
3372,91691.3415,0.9286299368788876
15510,91674.62000000001,0.9286556336502416
12621,91618.848,0.9286813147884757
16653,91617.27399999999,0.9287069954855112
19682,91590.926,0.9287326687970943
4766,91583.969,0.9287583401586018
14588,91577.348,0.9287840096642159
10685,91574.086,0.9288096782554781
17949,91552.70999999999,0.92883534085496
8373,91549.631,0.9288610025913855
775,91532.134,0.9288866594233303
11767,91519.14450000001,0.928912312614265
3317,91473.163,0.928937952916397
8228,91459.4285,0.9289635893686926
16038,91442.431,0.9289892210565193
17837,91436.91649999999,0.9290148511986089
13672,91402.76650000001,0.9290404717683137
193,91399.851,0.929066091520792
6950,91383.1215,0.9290917065839229
12055,91372.035,0.9291173185394624
15939,91371.843,0.9291429304411836
8826,91352.86,0.9291685370218922
19921,91327.77849999999,0.9291941365721536
280,91327.6555,0.9292197360879376
1469,91324.45,0.9292453347052068
18397,91244.6955,0.929270910966963
15147,91206.215,0.9292964764424777
12350,91167.02299999999,0.9293220309323141
5065,91164.88200000001,0.9293475848220196
12913,91159.26849999999,0.929373137138238
7100,91155.5835,0.9293986884215357
8790,91136.2935,0.9294242342977677
877,91061.73399999998,0.9294497592746663
8369,91031.595,0.9294752758034799
13398,91008.19099999999,0.9295007857720565
17877,90950.029,0.9295262794375863
6150,90949.1515,0.9295517728571493
7887,90930.88,0.9295772611551361
10946,90901.087,0.9296027411020229
2457,90876.0255,0.9296282140240686
11853,90859.508,0.9296536823161915
13871,90854.24799999999,0.9296791491339148
6669,90840.136,0.9297046119959869
10031,90819.426,0.9297300690529611
18408,90813.228,0.9297555243726106
16236,90809.95049999999,0.9297809787735632
9809,90769.83799999999,0.9298064219308179
12805,90694.16699999999,0.9298318438771814
10953,90691.62150000001,0.929857265110031
3193,90681.01800000001,0.929882683370676
11680,90665.66149999999,0.9299080973268312
2929,90659.85399999999,0.9299335096551204
3313,90646.272,0.9299589181763194
11115,90637.73849999999,0.9299843243055435
11945,90617.3875,0.9300097247302987
14170,90590.893,0.9300351177285373
14445,90588.7365,0.9300605101223
9726,90571.274,0.9300858976212525
11894,90544.398,0.930111277586752
15061,90539.8205,0.9301366562691596
4055,90527.54800000001,0.9301620315115353
10621,90508.36,0.930187401375436
5773,90500.361,0.9302127689971843
11582,90466.084,0.9302381270109491
16655,90457.47,0.9302634826101743
1849,90443.1475,0.9302888341947443
1482,90440.84599999999,0.9303141851341944
11053,90408.368,0.930339526969928
18812,90369.9,0.9303648580229238
10046,90358.424,0.9303901858591498
17451,90338.839,0.93041550820562
1133,90331.43800000001,0.9304408284775598
6966,90321.802,0.9304661460484892
19433,90310.0025,0.9304914603119705
13932,90293.64000000001,0.9305167699889759
9569,90283.2935,0.9305420767658151
7024,90223.216,0.9305673667026851
1994,90196.27799999999,0.9305926490887233
13312,90172.27000000002,0.9306179247452209
14439,90161.112,0.9306431972740853
8522,90159.0005,0.9306684692110877
18980,90153.7895,0.9306937396874255
4113,90109.099,0.9307189976368331
12177,90083.2025,0.9307442483273456
16300,90071.24100000001,0.9307694956650009
14735,90055.048,0.9307947384636918
15416,90033.0115,0.9308199750854615
18130,90028.74,0.9308452105099123
4236,90028.382,0.9308704458340143
18064,90023.36399999999,0.9308956797515503
15723,90019.7795,0.9309209126643363
10588,90012.69,0.9309461435899065
6995,90002.0265,0.9309713715264539
3260,89999.40600000002,0.9309965987284645
19419,89998.641,0.9310218257160424
6826,89948.0065,0.9310470385105626
1356,89929.657,0.9310722461616427
15612,89899.158,0.9310974452637285
7768,89896.134,0.9311226435181745
3731,89875.51299999999,0.9311478359924699
18038,89848.30649999999,0.9311730208406719
4181,89838.541,0.9311982029515642
11249,89805.424,0.9312233757796258
16394,89803.36599999998,0.9312485480308217
18529,89775.693,0.9312737125251622
4545,89771.69449999998,0.931298875898707
18600,89759.38200000001,0.9313240358210075
16994,89717.31700000001,0.9313491839523163
4048,89651.006,0.9313743134963803
7966,89639.90350000001,0.931399439928368
19876,89638.31,0.9314245659136913
9686,89637.72750000001,0.9314496917357373
12530,89617.939,0.9314748120109859
15255,89608.67,0.9314999296880957
6420,89605.45950000001,0.9315250464652892
1834,89587.18,0.931550158118664
7373,89586.2045,0.9315752694986023
12520,89567.52,0.9316003756411987
19336,89554.9095,0.9316254782490202
19384,89524.252,0.931650572263419
8767,89511.15350000001,0.9316756626062547
5069,89506.20799999998,0.9317007515628464
2503,89496.2675,0.9317258377330753
15619,89484.929,0.931750920725076
8275,89484.2415,0.9317760035243678
12166,89461.0,0.9318010798089721
9180,89405.9345,0.9318261406584912
909,89362.54299999999,0.9318511893451952
16546,89335.092,0.9318762303372715
1398,89328.218,0.9319012694025374
8138,89327.65049999999,0.9319263083087307
12631,89233.6755,0.9319513208733466
11108,89217.84400000001,0.9319763290003285
2987,89216.5385,0.9320013367613732
2002,89200.653,0.9320263400696472
1652,89181.756,0.9320513380810148
5573,89152.4535,0.9320763278787717
11753,89131.29400000001,0.9321013117454341
5550,89099.07800000001,0.9321262865818198
18488,89080.99299999999,0.9321512563489059
11201,89035.59400000001,0.9321762133904665
9082,88991.4265,0.9322011580516959
17729,88969.786,0.9322260966470045
272,88952.342,0.9322510303526885
11500,88946.2395,0.932275962347817
14703,88946.00400000002,0.9323008942769336
17715,88931.0105,0.9323258220033109
9707,88867.215,0.9323507318475484
12439,88848.5635,0.9323756364636939
3476,88844.28700000001,0.9324005398811192
2589,88789.263,0.9324254278750918
12497,88776.30249999999,0.9324503122361831
13814,88750.69499999999,0.9324751894193875
3972,88729.903,0.932500060774509
13653,88664.1235,0.9325249136913674
4099,88656.819,0.9325497645607443
15608,88645.42100000002,0.9325746122352154
8757,88622.12000000001,0.9325994533783207
12694,88619.81,0.9326242938739236
13931,88619.01000000001,0.9326491341452833
1373,88609.863,0.9326739718527014
78,88591.169,0.9326988043201148
13765,88565.73799999998,0.9327236296591146
8456,88552.6295,0.9327484513237482
10970,88506.24,0.932773259985215
11288,88503.29249999998,0.9327980678204856
7563,88480.8075,0.9328228693531185
15905,88479.804,0.9328476706044663
6973,88476.796,0.9328724710126595
16506,88466.3095,0.9328972684814437
16206,88462.068,0.9329220647613181
7096,88453.13799999999,0.9329468585380769
1426,88411.58799999999,0.9329716406682006
6652,88404.462,0.9329964208008773
2542,88400.057,0.9330211996988145
2129,88398.01699999999,0.9330459780249314
17074,88388.035,0.9330707535530527
13246,88350.578,0.9330955185818237
12902,88343.2635,0.9331202815603103
3693,88341.48999999999,0.9331450440416775
19345,88329.52900000001,0.9331698031703275
13780,88288.5005,0.933194550798521
9479,88272.363,0.9332192939033072
5751,88259.186,0.9332440333145262
1478,88259.0345,0.9332687726832792
16110,88245.363,0.9332935082198548
17270,88229.86300000001,0.9333182394117169
5417,88222.06,0.9333429684163662
10702,88215.09850000001,0.9333676954696785
9633,88199.0995,0.9333924180384056
19577,88194.10849999999,0.933417139208135
16120,88157.272,0.9334418500524425
11292,88138.70399999998,0.9334665556920637
17547,88093.867,0.9334912487636902
3481,88077.764,0.9335159373215798
13108,88044.308,0.9335406165016157
7374,88041.39,0.9335652948637242
3781,88023.80199999998,0.9335899682958443
7101,88003.74750000001,0.9336146361066059
3985,88002.0755,0.933639303448699
4842,87999.6435,0.9336639701090926
11925,87996.03399999999,0.9336886357577286
7954,87985.19200000001,0.9337132983673077
16968,87966.90950000001,0.9337379558522271
11752,87951.4075,0.9337626089918724
8007,87943.40900000001,0.9337872598895053
2982,87931.595,0.9338119074756257
11068,87919.5615,0.9338365516887068
1648,87912.70599999999,0.9338611939801632
10441,87901.8185,0.9338858332198088
7897,87822.19,0.9339104501392598
19730,87787.78399999999,0.9339350574145681
10660,87784.4025,0.9339596637420281
17912,87767.09349999999,0.9339842652177046
4075,87765.40049999999,0.9340088662188262
7965,87745.32499999998,0.9340334615927028
6211,87724.01800000001,0.9340580509941403
19068,87712.20999999999,0.9340826370857469
17673,87612.40400000001,0.9341071952013231
8330,87611.08,0.9341317529457767
12199,87606.7505,0.9341563094766536
4489,87603.46100000001,0.9341808650854704
18475,87596.994,0.9342054188815604
10566,87587.8485,0.9342299701141293
12810,87542.08499999999,0.9342545085190019
11473,87527.08099999999,0.9342790427181918
14121,87458.76799999998,0.9343035577689682
7155,87445.264,0.934328069034518
10947,87436.992,0.9343525779813924
14753,87422.435,0.93437708284788
14635,87419.685,0.9344015869435314
1446,87400.97499999999,0.9344260857946932
6497,87387.74100000001,0.9344505809363106
15376,87375.0685,0.9344750725257744
2114,87313.368,0.9344995468203354
2606,87308.2315,0.9345240196751144
4076,87286.1395,0.9345484863374154
2656,87255.173,0.9345729443196795
19458,87242.25,0.9345973986795739
19241,87213.709,0.9346218450393091
5966,87213.5665,0.934646291359101
3551,87213.05,0.934670737534116
3402,87204.236,0.9346951812385305
9788,87201.32500000001,0.9347196241269797
6100,87166.3845,0.9347440572214638
15414,87130.525,0.9347684802643833
18424,87064.457,0.9347928847881717
1962,87056.4135,0.9348172870573341
3298,87050.158,0.9348416875730544
7615,87042.5575,0.9348660859583233
6147,87038.91050000001,0.9348904833213233
12970,87018.747,0.9349148750324117
1484,86981.80350000001,0.9349392563880857
17783,86980.4445,0.9349636373628265
714,86970.3745,0.934988015514905
19264,86950.60250000001,0.9350123881248109
18668,86940.51999999999,0.9350367579085508
1211,86910.60449999999,0.9350611193068535
4312,86880.038,0.9350854721372412
1731,86878.1985,0.9351098244520095
10810,86867.0935,0.9351341736540009
3650,86832.46800000001,0.9351585131503228
14498,86787.829,0.9351828401341502
12429,86778.9155,0.9352071646194872
9337,86725.6245,0.9352314741671385
5034,86680.7415,0.9352557711339011
11261,86663.16199999998,0.935280063173058
6865,86527.424,0.9353043171642976
5445,86510.113,0.935328566303193
7039,86487.58599999998,0.9353528091276783
12532,86487.222,0.9353770518501328
395,86476.85699999999,0.9354012916672352
13979,86469.04950000001,0.9354255292958635
9884,86458.969,0.9354497640988864
6724,86400.81749999999,0.9354739826018057
3057,86361.1255,0.935498189978895
15928,86352.24799999999,0.9355223948675846
8226,86299.0965,0.935546584857691
713,86212.09650000001,0.9355707504613413
14113,86175.904,0.9355949059200857
476,86159.27149999999,0.9356190567166722
1086,86130.1625,0.9356431993538867
7900,86129.8075,0.9356673418915934
19765,86074.98400000001,0.9356914690620486
12529,86047.253,0.9357155884593907
9804,86036.43950000001,0.9357397048256647
2036,85938.725,0.9357637938021641
3259,85925.224,0.9357878789942781
17711,85900.803,0.9358119573410857
6199,85892.814,0.9358360334485439
12925,85854.3385,0.9358600987711619
7380,85847.609,0.9358841622074736
5429,85838.016,0.935908222954828
7299,85824.36349999999,0.9359322798753309
11820,85812.8305,0.9359563335630866
19568,85796.4925,0.935980382671234
15618,85792.0095,0.936004430522778
428,85791.95300000001,0.936028478358485
9948,85753.04449999999,0.9360525152879801
12140,85741.306,0.9360765489271256
18106,85736.766,0.9361005812936903
9625,85716.03349999999,0.9361246078488507
19570,85701.40950000001,0.9361486303048439
18971,85700.336,0.9361726524599305
13175,85676.131,0.9361966678302566
10029,85671.366,0.9362206818649338
4074,85668.34,0.9362446950514107
2468,85643.561,0.9362687012922324
3453,85627.87150000001,0.9362927031352231
8274,85621.499,0.9363167031919758
17215,85618.7855,0.9363407024881235
10358,85613.1755,0.9363647002117651
6825,85613.01250000001,0.9363886978897172
7899,85578.958,0.9364126860220535
14193,85560.78,0.9364366690590221
18,85560.78,0.9364606520959906
3812,85560.78,0.9364846351329592
8761,85510.68149999999,0.9365086041271129
5526,85508.7965,0.9365325725928936
13553,85491.96399999999,0.9365565363404555
9442,85484.631,0.9365804980325475
7291,85467.147,0.9366044548238027
12455,85449.9155,0.9366284067849979
6347,85421.568,0.9366523508002728
10746,85415.24350000001,0.9366762930427645
19304,85393.65849999999,0.9367002292348923
14526,85375.218,0.9367241602580723
13463,85368.35,0.9367480893561239
19636,85364.9495,0.9367720175010014
13619,85355.827,0.9367959430888048
18739,85355.7145,0.9368198686450739
13390,85344.332,0.9368437910107817
16480,85324.15,0.9368677077193923
11280,85283.081,0.936891612916194
10252,85267.94150000002,0.9369155138693319
9147,85260.95500000002,0.9369394128641252
13343,85258.351,0.9369633111290067
14200,85256.24599999998,0.936987208803848
15377,85205.9925,0.9370110923924274
5060,85170.42050000001,0.9370349660100297
5601,85118.114,0.9370588249659058
3622,85105.569,0.937082680405367
18766,85085.128,0.9371065301151322
19885,85046.0175,0.9371303688620642
13846,85036.949,0.9371542050670585
16831,85018.31149999998,0.9371780360478853
4538,85015.4975,0.9372018662399363
13669,85008.013,0.9372256943340513
16888,85006.3855,0.9372495219719714
1902,84960.1595,0.9372733366525545
9487,84956.165,0.9372971502134628
14059,84944.86600000001,0.9373209606072153
6728,84941.40250000001,0.9373447700301345
12549,84904.9915,0.9373685692469012
14455,84889.49849999999,0.9373923641209165
11706,84863.704,0.937416151764628
12591,84807.759,0.9374399237267269
12846,84797.79000000002,0.9374636928944742
15212,84783.76849999999,0.9374874581319377
7076,84773.638,0.9375112205297805
4423,84764.59550000001,0.9375349803929737
10994,84760.8955,0.9375587392190416
19843,84747.83899999999,0.9375824943853193
14634,84705.96399999999,0.9376062378138629
18884,84686.75,0.9376299758566436
2620,84674.3545,0.9376537104249149
942,84670.7395,0.9376774439798868
1942,84659.513,0.9377011743880249
504,84653.86050000001,0.9377249032117441
7111,84644.57,0.9377486294312981
3275,84587.225,0.9377723395768138
10007,84561.807,0.9377960425975601
8843,84559.17,0.9378197448791444
15758,84557.91450000001,0.937843446808807
1043,84522.2725,0.937867138747871
1880,84521.1505,0.9378908303724337
10568,84472.68599999999,0.9379145084121987
13962,84425.8895,0.9379381733347132
10592,84416.35949999999,0.9379618355859296
7994,84405.4025,0.9379854947658541
11754,84351.024,0.9380091387032624
12856,84321.107,0.938032774254813
16531,84319.24799999999,0.9380564092852784
4537,84309.7075,0.9380800416415025
16513,84285.954,0.9381036673395233
6083,84285.39199999999,0.9381272928800133
2599,84276.39599999998,0.9381509158988875
16585,84265.061,0.9381745357405149
9226,84245.707,0.9381981501571368
16161,84234.805,0.9382217615178834
1352,84223.7535,0.9382453697808494
18939,84222.22600000001,0.9382689776156509
14275,84204.152,0.9382925803842361
8150,84185.878,0.9383161780305442
7997,84136.8605,0.9383397619370465
19014,84131.92349999999,0.9383633444596875
10944,84119.788,0.9383869235806982
10030,84118.54199999999,0.9384105023524499
5000,84114.018,0.9384340798561059
1233,84107.9375,0.9384576556553729
1221,84088.95999999999,0.9384812261351689
12662,84075.4595,0.9385047928307195
10862,84038.9515,0.9385283492929282
17248,84028.255,0.9385519027568642
1564,84004.42000000001,0.938575449539752
16576,83986.383,0.9385989912667949
4433,83965.10800000001,0.9386225270303681
3390,83957.64,0.9386460607006304
9411,83936.187,0.9386695883575289
3516,83915.523,0.9386931102222236
1047,83878.65199999999,0.9387166217518261
16861,83874.363,0.9387401320792043
19719,83869.45850000001,0.9387636410318311
15552,83864.942,0.9387871487184644
8890,83860.45249999998,0.9388106551466725
10807,83816.29000000001,0.938834149195951
2335,83780.11050000001,0.9388576331039675
18926,83747.12999999999,0.938881107767415
14422,83744.6685,0.9389045817408938
5314,83730.353,0.9389280517016794
4724,83680.111,0.9389515075794267
15426,83661.1145,0.9389749581323772
16622,83649.451,0.938998405416001
11852,83642.32250000001,0.939021850701477
15327,83639.70049999998,0.9390452952519956
4508,83631.8925,0.9390687376138999
7646,83613.2605,0.9390921747531783
7557,83576.026,0.9391156014554738
1526,83571.3645,0.9391390268511319
1602,83547.999,0.9391624456973446
6659,83538.828,0.9391858619728884
8868,83533.39799999999,0.9392092767263811
11530,83498.138,0.9392326815963513
17645,83491.87999999999,0.9392560847121786
13761,83459.943,0.9392794788759339
8207,83458.5115,0.9393028726384339
5867,83429.43199999999,0.9393262582498311
5562,83402.204,0.9393496362291083
6248,83373.6185,0.9393730061957529
4095,83333.752,0.9393963649876542
2597,83332.4725,0.9394197234209065
14306,83311.9145,0.9394430760916672
10105,83289.234,0.939466422404991
1609,83279.35850000002,0.9394897659501715
3294,83264.27299999999,0.9395131052668246
3713,83243.67450000001,0.939536438809634
19470,83237.946,0.9395597707467213
16862,83223.697,0.9395830986897555
9457,83208.506,0.9396064223746903
17814,83199.705,0.9396297435926686
18912,83192.8415,0.9396530628867799
10213,83190.32149999999,0.9396763814745247
5997,83178.726,0.9396996968120035
13687,83176.31700000001,0.9397230114742297
4795,83155.8,0.9397463203854568
12720,83093.749,0.9397696119035346
6285,83091.33799999999,0.9397929027457992
12755,83080.06150000001,0.9398161904272146
19758,83073.22350000001,0.9398394761919107
6855,83051.906,0.9398627559812242
15254,83048.47750000001,0.9398860348095152
17473,83045.311,0.939909312750223
19581,83039.5,0.939932589062084
10670,83026.1735,0.9399558616384724
8350,83016.6055,0.9399791315329113
16538,83013.718,0.9400024006179721
14244,82984.0895,0.940025661398043
18255,82975.946,0.9400489198954575
2605,82947.7325,0.9400721704845124
16989,82935.457,0.9400954176326944
17694,82913.915,0.9401186587425656
8278,82906.4105,0.9401418977488948
18867,82831.5525,0.94016511577222
11485,82801.864,0.940188325473737
10736,82772.93000000001,0.9402115270649354
10196,82749.5065,0.9402347220904308
853,82718.0925,0.9402579083104535
17488,82707.2115,0.9402810914804873
13170,82695.804,0.9403042714529521
2611,82687.14,0.9403274489968623
15697,82680.287,0.9403506246198485
8785,82676.7,0.9403737992373838
15777,82669.502,0.9403969718372904
15666,82666.318,0.9404201435447086
1200,82662.288,0.9404433141225015
7902,82656.522,0.9404664830840609
8496,82608.664,0.9404896386308269
6745,82556.54550000001,0.9405127795685639
5693,82549.843,0.9405359186275628
6218,82502.455,0.9405590444035112
7036,82500.647,0.9405821696726698
4359,82491.105,0.9406052922671668
2832,82485.301,0.9406284132347789
3880,82466.396,0.940651528903242
1938,82458.436,0.9406746423404845
17437,82447.101,0.94069775260048
7383,82401.936,0.9407208502005412
9679,82361.542,0.9407439364779987
1406,82277.932,0.940766999319231
18074,82257.32,0.9407900563828353
13397,82244.7105,0.940813109911945
54,82239.90199999999,0.9408361620932124
19195,82220.25499999999,0.9408592087673454
13084,82207.571,0.9408822518861013
3534,82174.3645,0.9409052856969392
16810,82149.867,0.9409283126410276
14301,82146.10949999999,0.9409513385318734
11385,82122.5355,0.9409743578148304
10785,82115.197,0.9409973750407757
6300,82110.392,0.9410203909198601
18350,82110.392,0.9410434067989444
14577,82104.8985,0.9410664211381781
14531,82086.9555,0.9410894304479154
2378,82073.37749999999,0.9411124359516837
4577,82059.33,0.9411354375178803
2278,82052.74599999998,0.9411584372385546
9130,82042.986,0.941181434223461
145,82036.16549999999,0.9412044292965535
16128,82029.09900000002,0.9412274223888769
18902,82001.2525,0.9412504076757124
4997,81989.237,0.9412733895945541
3097,81893.7115,0.941296344737207
16026,81887.92300000001,0.9413192982573195
2266,81886.4565,0.9413422513663663
8218,81878.905,0.9413652023586966
5317,81847.9905,0.941388144685566
487,81825.28,0.9414110806465892
19239,81816.73199999999,0.941434014211573
355,81776.2025,0.941456936415972
13004,81759.2325,0.9414798538636105
1003,81759.1405,0.9415027712854611
13016,81755.685,0.9415256877387209
13691,81745.099,0.9415486012246814
310,81729.9745,0.9415715104711828
14894,81701.64799999999,0.9415944117776502
7221,81690.424,0.9416173099379844
4206,81650.17,0.9416401968149576
15136,81631.87599999999,0.9416630785640477
2890,81629.389,0.9416859596160215
15938,81610.5295,0.9417088353816003
7014,81608.4155,0.9417317105546162
13501,81589.671,0.941754580473472
8976,81589.54199999999,0.9417774503561686
18091,81578.3975,0.9418003171150162
5351,81575.059,0.9418231829380685
2286,81539.3845,0.9418460387614125
3136,81529.8925,0.9418688919241099
15606,81521.452,0.9418917427209008
1064,81501.4785,0.9419145879190377
11559,81489.62999999999,0.9419374297959916
374,81446.048,0.9419602594567323
14817,81426.75899999999,0.9419830837106875
5650,81415.639,0.9420059048476611
16399,81404.1305,0.942028722758755
19350,81396.77900000001,0.9420515386091933
6343,81386.696,0.9420743516333255
7989,81352.47200000001,0.9420971550643304
9986,81307.663,0.9421199459351892
2239,81298.749,0.9421427343074172
16106,81273.386,0.9421655155702925
10273,81272.119,0.9421882964780225
13211,81260.25899999999,0.9422110740613459
17092,81251.8985,0.9422338493011868
608,81233.321,0.9422566193336785
447,81231.488,0.9422793888523728
17810,81220.4445,0.9423021552755289
10648,81218.4645,0.9423249211436828
16631,81213.81049999999,0.9423476857073014
16561,81209.97,0.9423704491944123
1311,81208.702,0.9423932123260974
8487,81185.51000000001,0.9424159689569701
10299,81130.42850000001,0.9424387101482729
7181,81124.77450000001,0.9424614497547361
15250,81124.1735,0.9424841891927367
19398,81115.496,0.9425069261983984
19407,81104.519,0.9425296601271621
11376,81081.85250000001,0.9425523877024131
19452,81077.092,0.9425751139432764
5921,81034.955,0.942597828372966
19544,81033.4955,0.942620542393552
919,81032.58,0.9426432561575193
8273,81029.87,0.9426659691618627
5255,81029.821,0.9426886821524711
2329,81022.436,0.9427113930730339
7866,81021.216,0.9427341036516256
1598,81008.8765,0.9427568107714049
8148,80995.6795,0.9427795141920112
13198,80989.8995,0.9428022159924597
13766,80973.2795,0.9428249131342542
14803,80961.72750000001,0.9428476070379759
6144,80961.20449999999,0.9428703007950985
11386,80956.5875,0.942892993258057
18095,80932.2015,0.9429156788855199
10548,80907.97,0.942938357720794
2,80872.10149999999,0.9429610265019809
14605,80867.81,0.9429836940802426
12705,80858.82199999999,0.9430063591391312
2345,80851.2605,0.9430290220785005
16101,80847.289,0.9430516839046419
6597,80832.22,0.943074341506881
3509,80815.89,0.9430969945317541
5875,80783.247,0.9431196384066608
10451,80783.238,0.9431422822790447
15621,80782.946,0.9431649260695798
2061,80782.946,0.943187569860115
11825,80718.3055,0.9432101955316533
8538,80691.29000000001,0.9432328136306363
2488,80631.643,0.943255415010321
8770,80621.74100000001,0.9432780136144345
15116,80565.342,0.9433005964096774
15138,80557.7095,0.9433231770654994
4832,80557.041,0.943345757533938
13567,80540.78,0.9433683334443518
11452,80522.215,0.9433909041509201
13732,80519.193,0.9434134740104093
12710,80515.13799999999,0.9434360427332654
7607,80497.976,0.9434586066455427
10526,80496.2505,0.9434811700741553
12683,80489.047,0.9435037314835972
17717,80453.357,0.9435262828889861
1277,80423.675,0.9435488259743889
10129,80396.62400000001,0.9435713614772856
13801,80393.87650000001,0.9435938962100469
18360,80357.4615,0.9436164207355345
15315,80357.4615,0.9436389452610221
9925,80350.022,0.9436614677011874
7437,80348.402,0.94368398968726
10623,80326.8395,0.9437065056292756
11506,80324.8385,0.9437290210104027
4272,80315.5055,0.9437515337754516
7247,80308.315,0.943774044524974
4383,80294.52350000001,0.9437965514086826
7536,80287.264,0.9438190562575234
1156,80279.19,0.9438415588431891
3429,80278.79999999999,0.9438640613195362
9306,80234.594,0.9438865514047604
6744,80152.9155,0.9439090185951667
7087,80152.9155,0.9439314857855731
4134,80127.727,0.9439539459155397
207,80102.481,0.943976398968949
2116,80056.157,0.9439988390375516
7881,80029.03150000001,0.9440212715027654
10839,80012.438,0.9440436993167532
16291,79996.351,0.944066122621489
12431,79961.184,0.9440885360687707
12525,79911.147,0.9441109354904765
16224,79910.5795,0.9441333347531098
11188,79893.079,0.9441557291102811
13854,79890.38100000001,0.9441781227111921
4584,79877.177,0.9442005126109678
14557,79876.538,0.9442229023316292
108,79874.973,0.9442452916136147
10559,79840.171,0.9442676711404571
2373,79840.036,0.9442900506294583
18168,79837.7465,0.9443124294767034
16082,79836.269,0.9443348079097992
11493,79830.24350000001,0.9443571846539226
15659,79779.75899999999,0.944379547247034
16031,79762.3485,0.9444019049599108
6462,79754.845,0.944424260569526
10108,79746.44499999999,0.9444466138245868
15324,79730.522,0.9444689626163655
16789,79711.78,0.9444913061546849
3548,79708.9485,0.9445136488993232
13813,79670.16,0.9445359807713861
1470,79655.177,0.9445583084436528
348,79623.10250000001,0.9445806271253058
18657,79592.4915,0.9446029372265702
12907,79569.85149999999,0.9446252409817498
19531,79569.70049999999,0.9446475446946035
17041,79565.223,0.9446698471523958
19520,79486.85,0.9446921276419151
3980,79481.7625,0.9447144067053873
14389,79468.1575,0.9447366819553223
11768,79453.384,0.9447589530641848
16915,79408.31150000001,0.944781211539041
16366,79404.9,0.9448034690576399
9568,79404.693,0.9448257265182157
5075,79382.618,0.9448479777910787
16526,79379.0685,0.9448702280690023
2201,79355.446,0.9448924717254424
3086,79350.90149999999,0.9449147141080406
10130,79319.067,0.9449369475672981
15436,79301.62999999998,0.9449591761388931
17462,79301.5265,0.9449814046814766
13197,79277.71,0.9450036265481977
8947,79254.193,0.9450258418230072
16709,79250.54800000001,0.9450480560761084
3589,79206.526,0.9450702579896627
3055,79201.016,0.9450924583587414
8259,79180.51,0.9451146529799046
14539,79154.6945,0.9451368403648772
370,79124.8395,0.9451590193813711
3296,79123.3365,0.9451811979765681
11674,79109.47099999999,0.9452033726852086
15764,79104.625,0.9452255460354955
17868,79086.61399999999,0.9452477143372251
14955,79078.4385,0.9452698803473287
16155,79065.8435,0.9452920428270024
9504,79058.0655,0.9453142031264706
17569,79057.467,0.9453363632581769
10723,79031.522,0.9453585161173935
15522,79022.067,0.9453806663263349
591,79021.516,0.9454028163808286
9581,79018.727,0.9454249656535544
13444,79008.9825,0.9454471121948568
11466,78996.8095,0.9454692553240176
12741,78921.932,0.9454913774647085
3665,78902.47450000001,0.9455134941513825
13320,78888.5555,0.9455356069365037
11368,78870.866,0.9455577147631857
6214,78869.6735,0.9455798222556051
13121,78851.2775,0.9456019245915503
6691,78845.88,0.9456240254145543
10366,78826.646,0.9456461208461892
6671,78805.945,0.9456682104752491
3035,78799.7625,0.9456902983713288
9664,78780.51000000001,0.9457123808708541
5156,78775.3,0.945734461909995
3654,78748.96299999999,0.9457565355667669
17202,78733.102,0.9457786047776355
7360,78726.7715,0.9458006722140392
18787,78703.08350000001,0.9458227330105994
12226,78696.7605,0.9458447920347969
19572,78681.875,0.9458668468865277
18559,78673.7075,0.9458888994488748
16435,78673.0665,0.945910951831547
14706,78669.74500000001,0.9459330032831892
16852,78648.72,0.9459550488414378
17874,78643.499,0.9459770929362187
18367,78628.64199999999,0.9459991328665217
1762,78613.67700000001,0.9460211686020739
14204,78575.886,0.9460431937446541
17314,78571.18100000001,0.9460652175684036
19420,78560.499,0.9460872383979446
2130,78516.252,0.9461092468248703
4578,78506.023,0.9461312523845654
6883,78491.13799999999,0.9461532537719343
9163,78467.84700000001,0.9461752486307403
1582,78426.243,0.9461972318277748
3518,78415.849,0.9462192121113286
16516,78406.0655,0.9462411896525272
5663,78378.0755,0.9462631593480143
682,78361.18400000001,0.9462851243087448
9837,78337.9395,0.9463070827539466
7022,78303.488,0.946329031542252
7952,78297.611,0.9463509786832103
3550,78290.978,0.9463729239649115
14848,78270.87999999999,0.946394863613061
4149,78256.55299999999,0.9464167992452936
6010,78252.783,0.94643873382078
9623,78250.8845,0.946460667864109
19059,78233.928,0.9464825971544615
2853,78230.47450000001,0.946504525476784
8601,78223.9935,0.9465264519824556
10296,78218.41500000001,0.9465483769244507
9510,78214.1305,0.946570300665483
16271,78198.76099999998,0.9465922200983815
71,78198.59400000001,0.9466141394844692
14477,78193.95000000001,0.9466360575688246
6344,78172.231,0.9466579695652555
5761,78086.87999999999,0.9466798576374515
19382,78085.822,0.9467017454130859
4130,78085.5675,0.946723633117383
4398,78060.8835,0.9467455139026536
11028,78048.92,0.9467673913345063
13500,78036.277,0.9467892652224743
6847,78023.13,0.9468111354252844
14296,78014.496,0.9468330032079488
1068,78010.337,0.9468548698248286
6776,78002.5425,0.9468767342568781
3628,77997.84999999999,0.9468985973736006
6610,77985.0955,0.9469204569151846
9753,77955.526,0.9469423081683166
6251,77950.032,0.946964157881458
6961,77945.2905,0.9469860062655375
9040,77938.026,0.947007852613348
3435,77936.28549999998,0.9470296984732891
14011,77934.731,0.9470515438974975
14382,77915.333,0.947073383884367
16777,77902.41200000001,0.9470952202494275
11110,77884.3615,0.9471170515548587
11574,77872.576,0.9471388795567662
9901,77854.012,0.9471607023551084
19296,77844.862,0.9471825225886681
11722,77844.14,0.9472043426198483
5278,77834.3585,0.947226159909234
19927,77787.04,0.9472479639350503
5639,77772.67850000001,0.9472697639352795
15346,77771.4535,0.947291563592136
12167,77768.393,0.947313362391122
884,77758.02999999998,0.9473351582853166
7470,77749.533,0.9473569517977672
9220,77738.36349999999,0.9473787421793615
12044,77723.602,0.9474005284232467
2721,77720.93100000001,0.9474223139184398
7690,77704.072,0.9474440946879861
9601,77659.531,0.9474658629725077
1881,77647.587,0.947487627909077
18407,77625.878,0.9475093867605249
5892,77617.99650000001,0.947531143402756
14127,77588.27649999999,0.9475528917143495
1386,77581.7255,0.9475746381896709
3953,77557.61200000001,0.9475963779058795
13870,77495.8175,0.9476181003008367
17422,77492.896,0.9476398218768854
12448,77422.572,0.9476615237408291
19557,77412.669,0.9476832228289214
562,77394.037,0.9477049166943877
15589,77370.229,0.9477266038863741
5703,77366.329,0.9477482899851746
8109,77345.3675,0.9477699702083807
19692,77335.79849999999,0.947791647749357
5729,77306.3965,0.9478133170488323
6927,77302.7885,0.9478349853369704
2878,77292.5695,0.9478566507606809
7079,77286.53,0.947878314491495
9532,77270.952,0.9478999738557319
10883,77264.886,0.947921631519644
19651,77245.25349999999,0.9479432836804861
9104,77243.42,0.9479649353273906
2185,77197.337,0.9479865740570415
7074,77167.96600000001,0.9480082045538808
4458,77160.4,0.9480298329299394
6874,77141.79000000001,0.9480514560895387
7397,77139.8715,0.9480730787113747
17059,77133.84,0.9480946996425565
13235,77131.5835,0.9481163199412321
3374,77085.99350000001,0.9481379274608441
15762,77064.7475,0.9481595290251152
10051,77013.65599999999,0.9481811162682298
8087,76992.98550000001,0.9482026977173185
4195,76969.746,0.94822427265228
12324,76966.73,0.9482458467418446
18170,76964.02649999999,0.9482674200736071
10517,76960.949,0.9482889925427337
19824,76960.71699999999,0.9483105649468297
468,76949.56,0.948332134223573
14951,76941.052,0.948353701115489
1345,76900.034,0.9483752565098916
12300,76900.0195,0.9483968119002298
4225,76888.735,0.9484183641274765
7179,76875.80249999999,0.9484399127296905
11660,76858.84,0.9484614565772463
8904,76821.5565,0.9484829899740844
8420,76791.2265,0.9485045148692993
13661,76766.142,0.9485260327332261
11890,76758.378,0.948547548420872
7482,76724.802,0.9485690546970276
52,76706.26800000001,0.948590555778027
15409,76701.99299999999,0.9486120556607265
13083,76684.6985,0.9486335506957069
7490,76676.9125,0.9486550435482395
925,76631.982,0.948676523806569
13285,76614.242,0.9486979990923038
14984,76606.658,0.9487194722522124
5309,76602.91,0.9487409443615412
14990,76571.54800000001,0.9487624076799731
9710,76562.429,0.9487838684423119
19055,76554.60949999999,0.9488053270128128
5279,76531.212,0.9488267790248986
14490,76509.356,0.9488482249106582
19215,76506.22150000001,0.9488696699178046
19248,76461.1025,0.9488911022779106
18796,76430.88900000001,0.9489125261690489
8698,76424.746,0.9489339483382789
10982,76385.725,0.948955359569763
6677,76372.033,0.9489767669633234
1912,76342.65699999999,0.9489981661226707
2872,76338.553,0.9490195641316501
5122,76293.81450000001,0.9490409496002447
5332,76240.98849999999,0.9490623202614952
16267,76190.522,0.9490836767767791
7054,76183.79000000001,0.9491050314050559
7979,76167.385,0.949126381434944
3575,76163.775,0.9491477304529343
5825,76111.73,0.949169064882498
11801,76100.46900000001,0.9491903961555572
18322,76095.304,0.9492117259808459
7350,76077.7315,0.9492330508804908
4325,76036.372,0.9492543641868987
3398,76031.79800000001,0.9492756762111954
13807,76024.78,0.9492969862683182
11760,75982.7815,0.9493182845530893
3946,75960.6955,0.9493395766470641
5170,75950.459,0.9493608658717062
8777,75929.25850000001,0.9493821491537614
952,75909.883,0.9494034270047845
17419,75889.96599999999,0.949424699272991
10262,75869.7105,0.9494459658634978
11284,75843.374,0.9494672250717759
6687,75841.9385,0.9494884838776775
9008,75834.552,0.9495097406131129
8371,75832.135,0.9495309966710532
14107,75817.843,0.9495522487228876
14105,75806.92,0.9495734977129602
12696,75770.4305,0.9495947364748766
2408,75744.33750000001,0.9496159679228182
8766,75739.061,0.9496371978917353
13456,75702.595,0.9496584176390832
5886,75700.494,0.9496796367975122
10379,75700.19,0.9497008558707288
8672,75699.489,0.9497220747474523
5001,75696.816,0.9497432928749229
19722,75677.25549999998,0.9497645055195052
8347,75671.62700000001,0.9497857165863959
14603,75668.312,0.9498069267240785
14401,75630.552,0.9498281262774786
19267,75581.82400000001,0.9498493121722208
11294,75561.1,0.9498704922579408
14337,75559.849,0.9498916719930005
7053,75527.6635,0.9499128427063327
18598,75525.32699999999,0.9499340127647344
8066,75517.7005,0.9499551806853971
4732,75511.66500000001,0.9499763469142842
12526,75507.148,0.9499975118770377
16081,75500.848,0.9500186750738756
9443,75488.912,0.9500398349250038
191,75422.682,0.9500609762115917
13656,75422.569,0.9500821174665053
7150,75407.279,0.9501032544355692
18270,75400.527,0.9501243895120198
19140,75379.815,0.9501455187828122
3676,75363.9965,0.9501666436196142
5035,75322.079,0.9501877567067694
11575,75306.086,0.950208865311021
7609,75295.0565,0.9502299708236588
19551,75279.2255,0.9502510718988024
3773,75263.764,0.9502721686400242
16718,75217.543,0.9502932524253106
7859,75198.853,0.9503143309717134
14777,75156.7725,0.9503353977227798
3311,75119.06,0.9503564539028778
15687,75117.667,0.9503775096925123
19483,75095.68,0.9503985593191007
11603,75093.6005,0.9504196083627967
3091,75087.577,0.9504406557180811
2694,75032.199,0.9504616875506853
4703,75008.51999999999,0.9504827127459688
11516,74996.2975,0.9505037345152356
4071,74971.21399999999,0.9505247492534946
14586,74968.8605,0.9505457633320579
13048,74968.6635,0.9505667773554012
17104,74952.88750000001,0.9505877869566671
4706,74930.41649999999,0.9506087902592198
12247,74915.56,0.9506297893974347
7469,74915.56,0.9506507885356495
2544,74915.56,0.9506717876738645
8762,74915.56,0.9506927868120794
15773,74915.56,0.9507137859502942
3601,74915.56,0.9507347850885092
10146,74915.56,0.950755784226724
18915,74900.185,0.9507767790552635
18978,74889.272,0.9507977708248443
6840,74848.26,0.9508187510985936
16122,74804.0925,0.9508397189920119
14447,74786.962,0.9508606820836808
8181,74782.631,0.9508816439613528
8765,74752.538,0.9509025974038336
11187,74739.408,0.9509235471659216
15044,74734.262,0.9509444954855648
6984,74703.8415,0.9509654352782172
12934,74656.73049999999,0.9509863618654635
6020,74610.7755,0.951007275571335
2196,74608.45599999999,0.9510281886270413
14010,74582.5,0.9510490944071744
5613,74581.943,0.9510700000311781
9327,74538.3555,0.9510908934374273
16107,74534.376,0.9511117857282062
1682,74492.6665,0.9511326663276415
14596,74492.101,0.9511535467685648
3658,74478.398,0.951174423368481
1355,74469.418,0.9511952974512666
3759,74467.293,0.9512161709384059
16094,74464.0755,0.9512370435236669
8534,74443.8045,0.9512579104268836
256,74427.9045,0.951278772873265
8468,74413.5745,0.9512996313028889
14643,74402.87899999999,0.9513204867345203
15615,74369.829,0.9513413329021014
16316,74350.166,0.9513621735580631
10629,74347.656,0.9513830135104614
7756,74318.9515,0.951403845416871
11935,74310.5875,0.951424674978817
8739,74298.091,0.9514455010379429
9125,74280.8155,0.9514663222546754
8729,74219.95999999999,0.9514871264133622
7541,74213.64850000001,0.9515079288029096
8856,74208.091,0.9515287296346671
12472,74178.366,0.9515495221343853
14341,74152.30050000001,0.9515703073278371
14111,74151.14199999999,0.9515910921965567
9830,74124.735,0.951611869663286
14224,74122.5465,0.9516326465165699
10569,74080.7225,0.9516534116464151
5160,74047.549,0.9516741674775926
5377,74040.05500000001,0.9516949212081711
15217,74033.9515,0.9517156732279136
19681,74028.40999999999,0.951736423694351
5645,74022.18100000001,0.9517571724147742
7579,74021.23,0.9517779208686282
1905,74020.14,0.9517986690169508
1808,74019.618,0.9518194170189546
17703,74017.1605,0.951840164332111
11159,73963.9795,0.9518608967384155
13940,73953.312,0.9518816261545759
1590,73951.509,0.951902355065348
12904,73916.10549999999,0.9519230740523743
3420,73899.18900000001,0.9519437882976364
18227,73852.348,0.9519644894131744
4201,73839.24149999999,0.9519851868549065
4501,73819.9495,0.9520058788890123
12123,73802.5315,0.9520265660407812
18060,73789.737,0.9520472496061995
13171,73784.65,0.9520679317457108
8920,73758.06199999999,0.9520886064324968
15449,73738.067,0.9521092755146024
16036,73677.06,0.9521299274961962
12390,73675.997,0.9521505791798268
10912,73675.6935,0.9521712307783851
7740,73657.946,0.9521918774022463
9600,73647.9085,0.9522125212125554
13741,73630.296,0.9522331600860084
8440,73630.2655,0.9522537989509123
3210,73608.926,0.952274431834267
4410,73548.96,0.9522950479089062
16114,73547.578,0.9523156635961653
11548,73521.7945,0.9523362720562035
17010,73483.14499999999,0.9523568696826289
7676,73476.377,0.952377465411956
9520,73395.264,0.952398038404977
2628,73389.014,0.9524186096460976
6786,73383.11,0.9524391792323028
19602,73377.505,0.9524597472474036
17033,73345.65550000002,0.9524803063349591
5494,73287.13049999998,0.9525008490177174
18093,73264.575,0.9525213853780766
9774,73263.018,0.9525419213020024
2787,73243.74799999999,0.9525624518244685
5604,73209.846,0.952582972844065
13399,73192.9595,0.9526034891303065
14852,73178.76,0.9526240014363699
18858,73159.936,0.9526445084659891
3473,73149.75749999999,0.9526650126425331
17117,73123.7965,0.9526855095421025
680,73099.228,0.9527059995550208
7378,73095.04550000001,0.9527264883955671
1301,73092.0045,0.9527469763837085
14936,73089.31599999999,0.9527674636182526
13257,73086.5995,0.9527879500913505
17415,73020.856,0.9528084181362763
18096,72998.8345,0.9528288800084853
3899,72992.03499999999,0.9528493399747666
4456,72956.03899999999,0.9528697898512218
5472,72954.631,0.952890239333009
3958,72922.62,0.9529106798419815
10650,72922.62,0.9529311203509542
13406,72922.62,0.9529515608599268
1716,72922.62,0.9529720013688995
5852,72922.62,0.9529924418778721
8217,72922.62,0.9530128823868448
16528,72922.62,0.9530333228958173
14279,72922.62,0.95305376340479
4964,72922.62,0.9530742039137626
1013,72922.62,0.9530946444227353
8490,72919.863,0.9531150841589096
5353,72891.4805,0.953135515939353
7684,72881.6115,0.9531559449534751
11572,72844.9595,0.9531763636938916
14379,72783.49949999999,0.9531967652068184
7330,72687.456,0.9532171397983589
15899,72680.93999999999,0.953237512563438
9512,72657.7,0.95325787881425
5790,72640.3855,0.9532782402117366
10096,72625.23300000001,0.9532985973619155
5745,72624.05,0.9533189541804946
1410,72528.973,0.9533392843486014
9398,72501.136,0.9533596067138831
6313,72497.779,0.9533799281381838
6170,72469.9575,0.9534002417640043
7618,72459.8355,0.9534205525525867
6336,72452.341,0.95344086124043
10679,72449.745,0.953461169200604
15065,72442.803,0.9534814752149069
3726,72432.669,0.9535017783886082
8852,72401.935,0.9535220729474434
4547,72401.2535,0.9535423673152513
2635,72397.9115,0.9535626607462829
2833,72384.0095,0.9535829502805271
5148,72380.3865,0.9536032387992295
5244,72359.476,0.9536235214566331
5201,72320.6885,0.9536437932417416
2030,72320.536,0.9536640649841037
1625,72304.6465,0.9536843322725741
8727,72301.5345,0.953704598688738
12589,72300.664,0.9537248648608972
17846,72299.11150000003,0.9537451305978843
4203,72285.44,0.953765392502694
5810,72285.44,0.9537856544075037
18696,72273.16900000001,0.9538059128727019
15775,72244.55,0.9538261633158772
4420,72241.17550000001,0.9538464128131663
7508,72231.7205,0.9538666596601802
14251,72228.59700000001,0.9538869056316643
11808,72215.74799999999,0.9539071480015211
10478,72204.8135,0.9539273873063926
11615,72183.1985,0.9539476205524913
13517,72135.83350000001,0.9539678405219865
2675,72068.776,0.9539880416949897
16934,72050.041,0.9540082376164959
614,72032.924,0.9540284287400368
18313,72031.1635,0.9540486193701023
15546,72026.786,0.9540688087731367
9776,72025.213,0.9540889977352527
4754,72017.273,0.9541091844717542
13855,72013.5665,0.9541293701693087
18792,71982.6615,0.9541495472040651
13884,71976.037,0.9541697223819471
12567,71964.0325,0.9541898941949184
16477,71946.3355,0.9542100610473482
4319,71929.469,0.954230223172029
17678,71919.6175,0.954250382535294
347,71914.626,0.9542705404994212
10812,71836.9025,0.954290676677333
12842,71836.817,0.9543108128312789
13382,71802.397,0.9543309393371578
9417,71764.31450000001,0.954351055168356
1553,71748.224,0.9543711664893212
6134,71738.96399999999,0.9543912752146706
1948,71715.7665,0.9544113774376657
5643,71713.82,0.9544314791150489
10591,71703.15800000001,0.9544515778038297
3848,71668.689,0.9544716668308089
19209,71636.95,0.9544917469612162
14856,71619.149,0.9545118221019305
2222,71617.18299999999,0.9545318966915669
524,71547.7985,0.9545519518324438
3337,71522.8675,0.9545719999850593
17418,71498.9715,0.9545920414395281
10367,71497.139,0.9546120823803398
9248,71469.962,0.9546321157033271
6,71458.04599999999,0.9546521456862107
8612,71439.538,0.9546721704812262
9657,71397.106,0.9546921833823784
2674,71385.475,0.9547121930233136
18490,71377.85,0.95473220052693
14770,71377.4385,0.9547522079152013
14435,71349.393,0.9547722074422043
11435,71330.8815,0.9547922017803578
10391,71301.12,0.9548121877762411
3977,71289.5375,0.9548321705255023
11336,71281.656,0.9548521510655468
12551,71235.131,0.9548721185644432
12145,71224.4605,0.9548920830723547
12068,71223.125,0.9549120472059202
864,71214.3725,0.9549320088861241
1485,71210.7605,0.9549519695538695
14717,71207.023,0.9549719291739783
12963,71189.0905,0.9549918837675341
17564,71172.6705,0.9550118337584965
5840,71169.78199999999,0.9550317829398007
3155,71169.78199999999,0.955051732121105
506,71169.78199999999,0.955071681302409
7286,71169.78199999999,0.9550916304837133
6188,71169.78199999999,0.9551115796650175
3016,71169.78199999999,0.9551315288463216
11687,71169.568,0.9551514779676407
2299,71097.757,0.9551714069600423
9174,71097.4905,0.9551913358777431
13425,71085.5405,0.9552112614458099
5420,71081.64799999999,0.9552311859227929
18683,71041.3995,0.9552510991179566
17406,71028.45,0.9552710086833224
19380,71021.73550000001,0.9552909163665864
12060,71015.719,0.9553108223634008
8937,70990.7315,0.9553307213561166
1375,70946.081,0.9553506078331145
9682,70941.33850000001,0.9553704929807703
15181,70923.924,0.9553903732470702
3297,70918.2515,0.9554102519233454
7322,70892.322,0.9554301233314755
13971,70880.1765,0.9554499913351722
9124,70876.57699999999,0.9554698583299143
245,70846.53,0.9554897169023593
8825,70822.0755,0.9555095686201078
2528,70810.064,0.9555294169709837
582,70739.1365,0.9555492454405908
15272,70738.32149999999,0.9555690736817501
1813,70737.934,0.9555889018142917
9112,70736.6225,0.9556087295792144
2641,70721.434,0.9556285530867383
13191,70703.632,0.9556483716042888
11018,70696.4895,0.9556681881197673
5174,70646.9065,0.9556879907369278
7145,70644.708,0.9557077927378399
7933,70627.34799999998,0.9557275898726728
9110,70624.94750000001,0.9557473863346359
9052,70619.8215,0.9557671813597599
12374,70609.8805,0.955786973598381
5232,70602.22350000001,0.9558067636907136
13596,70557.186,0.9558265411588507
7784,70557.1235,0.9558463186094687
8664,70548.64,0.9558660936821268
18572,70540.04999999999,0.9558858663469729
16549,70537.744,0.9559056383654377
13834,70520.03050000001,0.955925405418736
17690,70519.422,0.9559451723014692
16917,70474.6385,0.955964926631204
18328,70472.2705,0.9559846802971788
1911,70455.2675,0.9560044291971429
19092,70441.3435,0.956024174194153
15558,70393.146,0.9560439056812063
19352,70289.35250000001,0.9560636080745166
7918,70256.126,0.956083301154303
15587,70169.86300000001,0.9561029700542171
18965,70153.272,0.956122634303606
3595,70144.1925,0.9561422960079741
10643,70122.5135,0.9561619516356296
897,70114.933,0.9561816051384399
10980,70088.864,0.9562012513340027
6635,70086.334,0.9562208968203962
2828,70038.1065,0.956240528788424
18320,70037.22,0.9562601605079623
4670,70037.22,0.9562797922275004
19343,70036.215,0.9562994236653329
17657,70033.34449999999,0.9563190542985527
1613,70024.35200000001,0.9563386824111378
16229,70017.139,0.9563583085018895
18663,70004.447,0.9563779310350217
7745,69982.59150000001,0.9563975474419676
13427,69982.57300000002,0.9564171638437279
7462,69977.124,0.9564367787181113
14450,69973.193,0.9564563924906191
7853,69956.055,0.9564760014592755
16826,69944.8055,0.9564956072746509
770,69910.937,0.9565152035965471
2342,69836.9245,0.9565347791724365
15075,69819.09,0.9565543497492426
17232,69815.7505,0.9565739193899732
8961,69775.7875,0.9565934778289111
17175,69771.602,0.9566130350946365
4806,69757.985,0.9566325885434608
15535,69719.299,0.9566521311484409
8073,69700.50150000001,0.9566716684844049
7108,69697.435,0.9566912049608163
8225,69675.164,0.9567107351945753
1608,69622.67,0.956730250714051
18938,69617.576,0.9567497648056579
3630,69611.84,0.9567692772894404
10850,69610.45,0.9567887893836
13185,69587.4215,0.956808295022777
8032,69584.1065,0.9568277997327459
6006,69579.824,0.9568473032423125
9196,69544.36600000001,0.9568667968128565
7645,69532.93,0.9568862871778427
16889,69520.9525,0.9569057741854868
16257,69517.921,0.956925260343389
299,69510.89600000001,0.9569447445321548
13353,69489.80900000001,0.9569642228101484
1460,69451.4,0.956983690321942
15486,69450.3535,0.9570031575403972
15287,69418.8765,0.9570226159357205
4459,69396.0535,0.9570420679336635
16742,69354.487,0.9570615082803463
13002,69340.854,0.9570809448056434
8172,69316.234,0.9571003744298537
10687,69287.424,0.9571197959785029
5993,69287.33649999999,0.9571392175026258
4345,69284.108,0.9571586381217866
2713,69277.44,0.9571780568718798
7170,69276.489,0.9571974753554039
18964,69276.489,0.9572168938389278
8657,69271.4205,0.9572363109017306
2245,69253.6295,0.957255722977643
8002,69206.9455,0.9572751219678393
14118,69195.908,0.9572945178641791
86,69184.267,0.9573139104974989
7310,69180.236,0.957333302000913
17470,69159.565,0.9573526877101611
12361,69151.544,0.95737207117109
546,69137.164,0.9573914506012461
5097,69134.2555,0.9574108292161377
1756,69128.17850000001,0.9574302061276213
14857,69107.484,0.957449577238352
13172,69094.064,0.9574689445874016
8306,69093.6185,0.9574883118115758
14486,69093.2025,0.9575076789191433
16612,69090.84,0.9575270453644925
13293,69080.79400000001,0.9575464089939069
7191,69075.16500000001,0.9575657710454893
10847,69005.488,0.9575851135663234
6953,69004.51199999999,0.9576044558135807
15423,68966.504,0.95762378740704
5014,68920.624,0.9576431061401475
7497,68912.302,0.9576624225405642
9988,68878.1245,0.9576817293608878
6891,68868.099,0.9577010333710226
10542,68856.07400000001,0.9577203340105007
18351,68800.968,0.9577396192035413
10378,68781.31,0.9577588988863641
16262,68763.10399999999,0.9577781734659706
455,68745.12700000001,0.9577974430065503
15760,68740.4865,0.9578167112463788
6119,68736.08,0.9578359782510474
12849,68690.264,0.9578552324133036
3430,68681.314,0.9578744840668382
4204,68678.3585,0.957893734891934
15857,68671.168,0.9579129837015032
5152,68609.826,0.9579322153166587
110,68608.94750000001,0.9579514466855671
836,68605.4175,0.9579706770650019
19559,68595.86499999999,0.9579899047668318
9594,68585.0825,0.9580091294462829
18124,68564.715,0.9580283484166403
19424,68553.555,0.958047564258804
19211,68537.1215,0.9580667754945904
12246,68516.0975,0.9580859808372635
12928,68498.8505,0.9581051813455319
14837,68449.7365,0.958124368086945
8502,68447.117,0.9581435540941015
6557,68407.173,0.9581627289047913
8307,68365.418,0.9581818920113836
17943,68363.665,0.9582010546266028
19309,68354.004,0.9582202145338042
4151,68321.925,0.9582393654491306
1203,68321.548,0.9582585162587822
18434,68294.68050000002,0.9582776595373635
1980,68294.68000000001,0.9582968028158048
10052,68291.70999999999,0.9583159452617429
6414,68289.9095,0.9583350872029935
17228,68278.5705,0.9583542259658759
18143,68278.535,0.9583733647188075
17604,68262.542,0.9583924989888357
9408,68251.3175,0.9584116301125907
5430,68209.6075,0.9584307495448618
5898,68188.438,0.9584498630432355
6931,68166.598,0.9584689704197678
13874,68147.97,0.9584880725747953
16660,68145.37950000001,0.958507174003695
7354,68145.1415,0.9585262753658824
13714,68139.4295,0.9585453751269729
8222,68122.243,0.958564470070617
8014,68082.576,0.9585835538954386
5006,68067.9105,0.9586026336094605
11002,68050.9625,0.9586217085728886
9669,68022.305,0.958640775503502
13065,67957.78450000001,0.9586598243487553
19155,67945.49100000001,0.95867886974809
2008,67933.4945,0.9586979117847568
7428,67896.4335,0.9587169434330735
12616,67876.7515,0.958735969564445
10151,67873.04149999999,0.9587549946558882
15576,67864.258,0.9587740172852804
8998,67852.704,0.9587930366760392
9103,67834.7715,0.9588120510402448
5250,67822.0985,0.9588310618521565
1317,67812.993,0.9588500701117594
5456,67799.87400000001,0.9588690746940528
2269,67789.872,0.9588880764727448
8941,67749.84700000001,0.9589070670322652
5192,67747.064,0.9589260568116995
18679,67731.299,0.9589450421721396
2897,67725.678,0.9589640259569905
15009,67697.81,0.9589830019303267
18713,67674.8,0.9590019714538659
14234,67672.56899999999,0.9590209403520465
8899,67669.855,0.9590399084894818
11834,67662.49699999999,0.9590588745644398
14871,67638.622,0.9590778339471374
9792,67617.312,0.9590967873565547
13790,67615.092,0.9591157401436969
444,67588.31,0.9591346854237349
7530,67569.9965,0.9591536255704238
3569,67558.263,0.9591725624281646
10117,67536.16799999999,0.9591914930925866
19359,67513.802,0.9592104174877271
994,67512.1195,0.959229341411256
17116,67480.826,0.9592482565630888
15529,67444.204,0.9592671614496249
13939,67424.004,0.9592860606740183
12491,67424.004,0.9593049598984118
11260,67424.004,0.9593238591228053
11252,67424.004,0.9593427583471987
4646,67414.754,0.9593616549787792
4955,67402.624,0.9593805482102712
15259,67398.518,0.9593994402908345
13423,67382.28199999999,0.9594183278203804
805,67361.357,0.9594372094845632
9269,67360.975,0.9594560910416698
7387,67326.1125,0.959474962826675
9706,67295.29,0.9594938259720072
11884,67282.2595,0.9595126854648368
13735,67250.93500000001,0.9595315361772809
18402,67221.5115,0.9595503786421974
12139,67185.165,0.9595692109190411
13789,67141.656,0.9595880310001341
4295,67140.353,0.9596068507159908
18597,67127.4555,0.9596256668166254
2372,67085.333,0.9596444711101509
1150,67085.333,0.9596632754036764
18726,67047.844,0.9596820691888815
11433,66987.06349999999,0.9597008459370637
10475,66980.0665,0.9597196207239581
1524,66957.1365,0.9597383890834796
5787,66947.7875,0.9597571548224382
18021,66944.6005,0.9597759196680676
17230,66889.56,0.9597946690856195
5535,66871.431,0.9598134134215386
16833,66869.712,0.9598321572756148
413,66845.4455,0.9598508943276916
17609,66807.255,0.9598696206748151
7503,66771.81,0.9598883370865597
18876,66768.4715,0.9599070525625093
3707,66750.567,0.9599257630197541
1245,66743.47149999999,0.9599444714881012
10945,66719.4885,0.9599631732339153
8396,66719.1065,0.9599818748726533
4576,66681.872,0.9600005660744085
5627,66679.312,0.960019256558585
18989,66652.73150000001,0.9600379395921387
12064,66619.1555,0.960056613214202
4979,66617.12,0.9600752862657064
12436,66604.14,0.9600939556788636
5435,66594.609,0.9601126224204425
14554,66580.138,0.9601312851057409
5387,66570.9575,0.9601499452177075
11599,66562.511,0.9601686029620855
11742,66540.35899999998,0.9601872544971674
14064,66535.728,0.9602059047341609
9309,66509.82149999999,0.9602245477094563
10779,66502.552,0.9602431886470812
1958,66495.051,0.9602618274821451
11144,66492.979,0.9602804657364189
518,66485.2455,0.960299101822961
13847,66476.431,0.9603177354387626
15025,66453.164,0.9603363625327289
4015,66417.173,0.9603549795382704
15291,66410.866,0.9603735947759341
6408,66404.381,0.9603922081958257
15252,66393.576,0.9604108185870316
10880,66385.14,0.9604294266135921
972,66327.18099999998,0.9604480183940076
11670,66300.27100000001,0.9604666026314399
3088,66283.02,0.9604851820333463
1812,66274.057,0.9605037589228871
13391,66266.26,0.9605223336268969
4758,66242.104,0.9605409015598809
7149,66240.9555,0.9605594691709358
10543,66239.26199999999,0.9605780363072957
92,66215.49799999999,0.960596596782509
17742,66184.48950000001,0.9606151485659128
17474,66142.488,0.9606336885761241
657,66058.1645,0.9606522049501132
8851,66033.661,0.9606707144556708
3121,66031.042,0.9606892232271119
18804,66026.6955,0.9607077307802114
3578,66007.9225,0.9607262330711621
12465,65998.01,0.9607447325835986
7777,65984.6365,0.9607632283473881
7571,65973.12400000001,0.9607817208841768
8484,65960.981,0.9608002100172329
1928,65958.844,0.960818698551279
10430,65954.195,0.9608371857821916
5866,65953.67599999999,0.9608556728676263
18848,65924.00349999999,0.9608741516357376
4321,65922.209,0.9608926299008433
4422,65916.611,0.9609111065968068
13449,65901.574,0.9609295790778375
17723,65888.45749999999,0.9609480478822595
14258,65885.054,0.9609665157326666
18451,65872.594,0.9609849800904846
3059,65861.842,0.961003441434473
10204,65852.6655,0.961021900206251
17792,65845.06450000001,0.9610403568474374
12385,65812.3035,0.9610588043055814
16897,65737.77500000001,0.9610772308730818
17200,65729.826,0.961095655212445
8720,65723.8285,0.9611140778706841
19785,65696.92450000001,0.9611324929876222
2204,65682.9455,0.9611509041861891
10824,65614.2605,0.9611692961320693
9634,65603.1585,0.9611876849660135
14089,65598.129,0.9612060723901683
8292,65565.3145,0.9612244506162843
13258,65543.16,0.9612428226324032
16014,65539.2755,0.9612611935596809
15505,65536.89,0.9612795638182932
2158,65512.251500000006,0.961297927170633
13310,65465.6355,0.9613162774563172
12627,65445.971000000005,0.9613346222299616
17001,65440.291,0.9613529654114786
866,65432.09299999999,0.9613713062950626
15798,65399.119,0.9613896379358995
1481,65383.220499999996,0.9614079651203218
18195,65377.111999999994,0.9614262905925064
9037,65373.132,0.9614446149490807
7803,65355.322,0.9614629343134392
15010,65333.600999999995,0.9614812475893124
11566,65323.33499999999,0.9614995579875838
14256,65262.17,0.9615178512410553
4622,65241.14399999999,0.9615361386008527
8108,65207.757999999994,0.9615544166024178
12552,65143.2555,0.961572676523668
13252,65124.565,0.9615909312058945
17545,65076.318,0.9616091723642892
12400,65056.896,0.9616274080786179
3352,65056.896,0.9616456437929466
3071,65014.5515,0.9616638676379385
5602,64983.365,0.9616820827412269
2149,64964.97,0.9617002926883214
15269,64958.133,0.9617185007189767
14210,64942.12049999999,0.9617367042612629
17706,64916.605500000005,0.9617549006515901
6877,64898.4675,0.9617730919577616
6887,64897.178,0.961791282902481
13996,64879.364,0.9618094688538631
4739,64864.836,0.9618276507329874
13131,64843.890499999994,0.9618458267410024
15579,64838.702,0.9618640012946594
6816,64795.768000000004,0.9618821638137406
8313,64780.943,0.9619003221773135
5446,64778.858,0.9619184799564523
6238,64778.203,0.961936637551992
1453,64776.566,0.961954794688674
13085,64759.656,0.9619729470854136
17614,64744.591,0.9619910952593721
13099,64719.716,0.9620092364607662
6370,64710.799499999994,0.9620273751628289
18486,64681.9775,0.9620455057859669
314,64680.8415,0.9620636360906795
16099,64647.72349999999,0.9620817571122809
14758,64637.20850000001,0.962099875186485
7332,64598.561499999996,0.9621179824277767
11757,64566.768,0.9621360807572202
8408,64526.2625,0.9621541677328062
17140,64490.8995,0.9621722447959984
3044,64489.628,0.9621903215027838
18798,64445.14599999999,0.9622083857410827
8953,64419.587,0.9622264428150892
9994,64384.98499999999,0.9622444901900135
10338,64381.721999999994,0.9622625366503055
16584,64341.668000000005,0.9622805718832973
16713,64323.4565,0.9622986020115311
15456,64294.003000000004,0.9623166238838281
8975,64235.89099999999,0.9623346294670936
12396,64219.420000000006,0.9623526304334705
5879,64215.4455,0.9623706302857786
9321,64210.2625,0.9623886286852706
6434,64204.54950000001,0.9624066254833854
10410,64201.250499999995,0.9624246213567771
4624,64173.376500000006,0.9624426094169724
12847,64115.982,0.9624605813892542
1870,64102.8205,0.9624785496723137
9279,64078.837,0.9624965112327
18029,64060.766,0.9625144677277109
8747,64055.59,0.962532422771868
17935,64040.28200000001,0.96255037352513
8759,64039.68000000001,0.9625683241096488
17138,64017.21599999999,0.9625862683974165
4768,64009.15299999999,0.9626042104250921
5052,64002.1825,0.9626221504989082
19466,63997.18000000001,0.962640089170503
11621,63984.29,0.9626580242289781
6265,63949.858,0.9626759496360224
5167,63940.163499999995,0.9626938723256588
11457,63912.8,0.9627117873451942
15141,63906.032999999996,0.9627297004679117
7844,63894.57199999999,0.9627476103780641
8200,63873.9975,0.9627655145210998
6401,63844.0675,0.962783410274634
18932,63831.327999999994,0.9628013024572342
18210,63796.927500000005,0.9628191849972333
16256,63788.4735,0.9628370651675415
10814,63784.412000000004,0.9628549441993948
6219,63776.8,0.9628728210975733
12360,63767.716,0.9628906954494695
10290,63711.445999999996,0.9629085540286542
13590,63708.448,0.9629264117674872
3775,63708.448,0.9629442695063202
19271,63702.012,0.962962125441116
15172,63701.895000000004,0.9629799813431164
6173,63686.176499999994,0.9629978328391566
15074,63678.225999999995,0.9630156821066392
8668,63678.225999999995,0.9630335313741218
17424,63651.899,0.9630513732620387
18032,63629.8245,0.9630692089623827
10222,63619.4185,0.9630870417458823
10225,63611.803,0.9631048723947261
12537,63605.419,0.9631227012541086
19157,63566.863,0.9631405193060864
9164,63549.538,0.9631583325017957
13663,63538.537,0.9631761426138797
17181,63466.646,0.963193932574622
5200,63457.398,0.963211719943112
7154,63440.098,0.9632295024623413
10725,63420.828,0.9632472795801107
15532,63411.68350000001,0.9632650541346391
16245,63399.181,0.9632828251846658
11542,63380.988,0.96330059113512
19917,63375.191999999995,0.9633183554609317
5746,63359.528999999995,0.9633361153963402
19486,63329.852,0.9633538670131643
2629,63312.0355,0.9633716136359505
6208,63310.147000000004,0.9633893597293822
4767,63286.104,0.9634070990834628
13740,63282.653000000006,0.9634248374702138
16380,63273.933,0.9634425734127132
1014,63271.2755,0.9634603086103043
3079,63251.813500000004,0.9634780383526172
10556,63230.28999999999,0.963495762061805
344,63208.657499999994,0.9635134797073144
3705,63205.169,0.9635311963749831
18744,63190.159499999994,0.9635489088354273
2942,63155.391,0.9635666115501187
14314,63148.08,0.9635843122155068
9722,63079.396,0.9636019936284885
5202,63077.35,0.963619674467968
14719,63069.037000000004,0.9636373529772796
749,63051.689999999995,0.9636550266241561
16533,63021.632,0.9636726918456521
15207,62990.298500000004,0.9636903482842397
5974,62944.3015,0.9637079918296799
16495,62927.939000000006,0.9637256307886445
2314,62874.981999999996,0.963743254903545
117,62860.6,0.9637608749871119
11770,62847.399000000005,0.9637784913703846
10405,62810.847499999996,0.9637960975081222
9034,62810.222,0.9638137034705296
10025,62778.1965,0.9638313004560581
17267,62756.342,0.9638488913156809
378,62746.151,0.9638664793187246
17806,62652.979,0.9638840412052753
19628,62651.84,0.9639016027725595
369,62631.39000000001,0.963919158607625
17635,62615.297,0.9639367099317567
5299,62613.772,0.9639542608284246
5483,62555.16000000001,0.963971795295909
2119,62536.898499999996,0.9639893246446202
10530,62526.612,0.9640068511099833
849,62514.522,0.9640243741864698
4081,62501.6775,0.9640418936625904
8026,62480.822,0.964059407292829
13885,62454.259,0.9640769134773499
17499,62454.239,0.9640944196562647
17273,62451.897,0.9641119251787074
10493,62384.48700000001,0.964129411805851
17448,62314.994,0.9641468789538222
1739,62302.349,0.9641643425573482
13861,62297.276000000005,0.9641818047388915
3459,62275.866,0.9641992609191241
1271,62268.7965,0.964216715117747
1401,62261.402,0.9642341672436612
9028,62247.68,0.9642516155232425
17825,62237.9745,0.9642690610823326
12176,62219.048,0.964286501336247
4271,62206.261999999995,0.9643039380061935
243,62202.9575,0.964321373749875
10045,62201.6935,0.9643388091392522
19191,62192.127,0.9643562418471001
595,62175.1605,0.9643736697991687
17768,62171.01900000001,0.9643910965903579
4844,62161.941,0.9644085208369466
12550,62143.65700000001,0.9644259399584552
16375,62114.877,0.9644433510128119
5458,62114.785,0.9644607620413805
15295,62110.4335,0.964478171850206
9285,62104.682,0.9644955800468625
17213,62070.405,0.9645129786355356
4175,62070.3615,0.9645303772120154
16186,62024.33,0.9645477628856772
15290,61990.4325,0.964565139057731
15990,61984.227,0.9645825134903578
17024,61984.227,0.9645998879229847
19563,61981.02750000001,0.9646172614587786
4741,61962.613000000005,0.9646346298329126
5159,61954.792499999996,0.9646519960149285
1320,61952.462499999994,0.9646693615438359
17349,61926.626,0.9646867198306665
17550,61925.4035,0.9647040777748254
10905,61906.216,0.9647214303406494
15438,61896.70449999999,0.9647387802403611
3437,61891.2595,0.964756128613817
17956,61829.224,0.9647734595984682
19450,61812.232500000006,0.9647907858203324
19823,61805.916,0.9648081102716557
14570,61796.600999999995,0.9648254321119464
13457,61778.2725,0.9648427488146835
11413,61777.094,0.9648600651870822
19115,61776.96000000001,0.9648773815219203
12203,61736.775,0.9648946865927382
4103,61705.55,0.9649119829110608
13995,61671.902,0.9649292697977113
10278,61656.767499999994,0.9649465524420994
11699,61629.5875,0.9649638274678223
12839,61628.3765,0.9649811021540968
18485,61602.418000000005,0.9649983695640976
19370,61602.101500000004,0.965015636885382
19363,61600.404500000004,0.9650329037309905
12277,61598.71750000001,0.9650501701037261
5398,61566.761,0.9650674275189237
10954,61526.6855,0.9650846737007946
8021,61525.636,0.9651019195884863
18616,61513.2855,0.9651191620142824
15353,61476.94,0.9651363942522859
4493,61476.94,0.9651536264902896
13892,61476.94,0.9651708587282931
2309,61476.94,0.9651880909662967
18164,61476.567500000005,0.9652053230998869
17718,61474.361000000004,0.9652225546149863
5783,61389.199,0.9652397622588282
12987,61359.057,0.9652569614537443
1207,61351.576,0.9652741585517053
12691,61340.264500000005,0.9652913524790067
7722,61323.479999999996,0.9653085417015438
766,61214.67999999999,0.9653257004269955
843,61213.677500000005,0.9653428588714423
336,61191.894,0.9653600112098849
17250,61172.3685,0.9653771580752499
8111,61142.148,0.965394296469685
2938,61133.5155,0.9654114324443951
5333,61123.30499999999,0.96542856555706
5874,61095.145,0.9654456907763619
14508,61054.283,0.9654628045418777
2134,61049.76299999999,0.965479917040419
8018,61030.6055,0.9654970241690347
17309,61028.83,0.9655141307999704
5764,61002.520000000004,0.9655312300561054
3224,60986.42,0.9655483247993445
17018,60978.876000000004,0.9655654174279695
7855,60970.2575,0.9655825076407937
8130,60931.522,0.9655995869958985
8473,60888.44899999999,0.9656166542774651
15039,60847.071,0.9656337099606089
4850,60790.985,0.9656507499226173
6566,60777.74,0.9656677861719979
8251,60766.814999999995,0.9656848193590564
14713,60759.38649999999,0.9657018504638757
15461,60751.813,0.9657188794458121
7035,60710.67599999999,0.965735896896879
965,60674.511,0.9657529042107483
12695,60610.49,0.965769893579269
12381,60580.1745,0.965786874450231
11882,60525.89600000001,0.9658038401067073
3436,60517.14749999999,0.9658208033109431
872,60514.576,0.9658377657943771
5925,60503.687000000005,0.9658547252255796
6522,60501.9715,0.9658716841759205
17577,60495.236,0.9658886412382732
14578,60491.6325,0.9659055972905501
6061,60483.880000000005,0.9659225511697695
5539,60463.566999999995,0.9659394993551719
2689,60430.162,0.965956438177016
7551,60424.671,0.9659733754597103
19816,60423.0235,0.9659903122806035
9335,60419.612,0.9660072481452393
2354,60416.391,0.9660241831070157
3555,60406.836500000005,0.9660411153906265
19693,60394.64,0.9660580442555086
15040,60374.003,0.9660749673357548
2502,60352.544,0.9660918844009557
8233,60322.231,0.9661087929692985
11597,60315.132,0.9661256995477626
2276,60309.99049999999,0.9661426046850431
19290,60304.2385,0.9661595082100145
15335,60282.651000000005,0.9661764056839213
16921,60262.16650000001,0.9661932974159388
11377,60248.708,0.9662101853754838
9181,60239.316000000006,0.9662270707024125
10181,60232.5465,0.9662439541318228
8592,60230.31,0.966260836934333
1587,60218.28,0.9662777163647849
3346,60197.992000000006,0.9662945901084273
1842,60180.862,0.9663114590504606
4788,60158.575,0.9663283217453564
8355,60157.109,0.9663451840293267
13204,60076.51499999999,0.9663620237224685
8501,60035.99,0.9663788520562869
5418,60035.569,0.9663956802720973
3648,60002.97549999999,0.9664124993518163
19552,59991.998999999996,0.9664293153547774
16242,59969.704000000005,0.9664461251083586
6859,59969.6695,0.9664629348522693
19411,59940.55,0.9664797364338651
1502,59936.62099999999,0.9664965369141459
16997,59932.44900000002,0.9665133362249981
18118,59932.448,0.9665301355355701
18394,59930.378,0.9665469342659124
2090,59838.293999999994,0.9665637071847327
11235,59835.748,0.9665804793898987
6936,59830.432,0.9665972501049681
9242,59817.99,0.966614017332494
10236,59777.376000000004,0.9666307731757493
1778,59774.9835,0.9666475283483771
10266,59770.474,0.9666642822569737
10249,59761.4715,0.9666810336421324
14529,59746.288,0.9666977807712942
4752,59739.264,0.9667145259315999
2672,59719.59849999999,0.9667312655795853
3129,59707.25,0.9667480017662358
8903,59693.65149999999,0.966764734141171
10223,59658.8245,0.9667814567539555
8679,59621.52,0.9667981689101359
13899,59612.17600000001,0.966814878447155
4365,59609.8665,0.9668315873368115
1565,59575.22749999999,0.9668482865170146
12047,59569.335,0.9668649840455259
18050,59541.612,0.9668816738031667
4927,59540.592000000004,0.9668983632748973
2110,59533.0275,0.9669150506262677
8824,59511.066,0.9669317318217396
19292,59500.244,0.9669484099837606
12478,59487.097,0.9669650844606238
1546,59482.9795,0.9669817577833347
12490,59445.651,0.9669984206427144
679,59411.8235,0.9670150740201072
1520,59385.858,0.967031720119264
18330,59341.5265,0.96704835379212
15583,59297.249500000005,0.9670649750539514
7153,59295.8555,0.9670815959250391
19914,59294.9105,0.9670982165312393
4671,59260.273,0.9671148274284064
7468,59239.509999999995,0.9671314325056197
15190,59148.94,0.9671480121956911
17855,59136.244000000006,0.9671645883270217
14168,59116.7105,0.9671811589830321
14614,59112.754499999995,0.9671977285301597
3657,59101.794499999996,0.9672142950051544
16167,59101.2555,0.9672308613290651
15362,59092.812999999995,0.9672474252865086
17174,59055.516,0.9672639787894503
8269,59032.141,0.9672805257402837
16832,59007.647,0.9672970658253486
8652,58974.82000000001,0.9673135967088711
8153,58958.2855,0.9673301229577055
8803,58935.0705,0.9673466426992803
3491,58909.182,0.9673631551842027
5509,58842.123999999996,0.967379648872493
2199,58770.712999999996,0.9673961225439875
12227,58765.225,0.9674125946771732
6043,58764.3655,0.9674290665694376
11014,58763.992,0.9674455383570084
6622,58749.364,0.9674620060442909
19728,58734.84,0.9674784696604367
6801,58711.717000000004,0.9674949267951111
5948,58710.2535,0.9675113835195602
7783,58702.324,0.9675278380213381
3602,58676.4095,0.9675442852591756
11418,58670.132,0.967560730737404
1304,58644.200000000004,0.9675771689467867
9044,58643.914000000004,0.9675936070760024
6798,58635.162,0.9676100427519967
16401,58586.583999999995,0.9676264648113787
16641,58571.029500000004,0.9676428825107707
15667,58550.977,0.9676592945893648
17895,58526.556,0.9676756998226528
19238,58480.578,0.9676920921681189
15313,58470.201,0.9677084816048694
6030,58458.7015,0.9677248678182631
8439,58458.53,0.9677412539835846
12261,58448.984,0.9677576374731233
12096,58443.422999999995,0.9677740194038907
1937,58439.551,0.9677904002493207
15934,58426.712,0.9678067774959265
19298,58425.446500000005,0.9678231543878074
12069,58403.093,0.9678395250139108
15447,58386.388,0.9678558909575342
19733,58369.209,0.9678722520858137
10513,58338.096,0.9678886044929919
15119,58322.16,0.9679049524332439
7351,58307.2455,0.9679212961929007
19771,58255.2705,0.967937625383752
12052,58241.747,0.967953950783911
596,58225.4985,0.9679702716295489
18211,58181.759999999995,0.9679865802151061
14519,58177.8205,0.9680028876964053
3278,58074.13249999999,0.9680191661135336
9553,58050.465500000006,0.9680354378967049
6945,58030.29000000001,0.9680517040246008
5085,57995.595,0.9680679604273462
19454,57968.416,0.9680842092117067
13117,57957.327000000005,0.9681004548877751
16055,57926.25,0.968116691852833
19726,57920.837999999996,0.9681329273008852
6499,57911.4145,0.9681491601074919
9741,57909.0145,0.9681653922413687
14673,57901.787,0.9681816223493477
16143,57894.715000000004,0.9681978504750162
6466,57893.755999999994,0.9682140783318729
11323,57845.99449999999,0.9682302928009857
10463,57749.07400000001,0.9682464801028854
10856,57746.08250000002,0.9682626665662554
18428,57746.08,0.9682788530289247
6849,57737.748,0.9682950371561003
3272,57721.721000000005,0.9683112167908422
17937,57721.362,0.9683273963249549
2762,57677.529500000004,0.9683435635726383
6736,57667.3685,0.968359727972152
10244,57646.0505,0.9683758863961428
11507,57645.94499999999,0.9683920447905616
17262,57626.104,0.9684081976234669
7849,57604.2925,0.9684243443425193
6815,57562.63699999999,0.9684404793853646
11023,57560.535,0.9684566138390106
7256,57540.401,0.9684727426490141
5965,57508.80699999999,0.96848886260309
4001,57503.176,0.9685049809787735
470,57474.500499999995,0.9685210913165969
10843,57455.011,0.9685371961914337
5187,57453.83,0.9685533007352314
8004,57450.0635,0.9685694042232637
8196,57450.0635,0.9685855077112959
663,57421.7345,0.9686016032585935
13001,57388.12350000001,0.9686176893845901
995,57385.476,0.9686337747684817
17653,57354.3625,0.9686498514311318
15018,57350.982,0.9686659271462139
13954,57333.312000000005,0.9686819979083227
6307,57327.58,0.9686980670637283
364,57319.36950000001,0.9687141339176973
5115,57316.06,0.9687301998439998
19742,57285.470499999996,0.9687462571959402
13366,57278.6825,0.9687623126451764
6909,57248.751,0.9687783597044907
15626,57238.938500000004,0.968794404013321
12838,57237.5515,0.9688104479333695
7905,57205.2445,0.9688264827976336
19794,57200.998499999994,0.9688425164717266
13378,57094.485,0.9688585202896494
6880,57075.518,0.9688745187910445
12263,57072.83500000001,0.9688905165403836
6705,57065.856999999996,0.9689065123337607
14946,57043.0365,0.9689225017304582
12394,57038.917,0.9689384899724431
11463,57019.041,0.9689544726431037
17552,57002.698,0.9689704507327546
7747,56996.70199999999,0.9689864271417021
10474,56987.557,0.9690024009872688
17043,56930.417,0.9690183588162593
2007,56928.181000000004,0.96903431601849
18134,56899.9225,0.9690502652997474
11593,56898.6975,0.9690662142376323
14015,56880.24800000001,0.9690821580040468
4024,56877.3485,0.9690981009577195
536,56863.81449999999,0.9691140401177566
4354,56832.397000000004,0.9691299704713399
4310,56815.566999999995,0.9691458961074052
16738,56793.718,0.9691618156191063
13055,56783.9,0.9691777323787819
8555,56782.2925,0.9691936486878686
10987,56771.44,0.9692095619549552
15333,56768.87,0.9692254745016602
3400,56768.87,0.9692413870483653
10074,56745.055499999995,0.9692572929197684
18642,56726.773,0.9692731936665119
1761,56720.966,0.9692890927855295
8286,56706.28,0.9693049877880014
15675,56704.311,0.9693208822385544
177,56684.1875,0.9693367710484079
16095,56633.538,0.9693526456609992
6612,56615.997,0.9693685153567765
9122,56613.524,0.9693843843593617
9363,56613.223999999995,0.9694002532778556
1798,56612.18400000001,0.9694161219048333
7237,56586.742,0.9694319834003142
3574,56508.48550000001,0.9694478229601777
768,56498.216,0.9694636596414583
6735,56494.29,0.9694794952222651
9865,56488.686,0.9694953292322476
19653,56449.6305,0.9695111522948137
9255,56442.523499999996,0.9695269733652584
14009,56418.1995,0.9695427876175865
5988,56410.641,0.9695585997512359
8916,56404.051,0.9695744100376815
18519,56374.25749999999,0.9695902119728871
7878,56350.799,0.969606007332579
17471,56328.992,0.9696217965796795
17157,56319.7885,0.9696375832470012
8034,56275.128,0.9696533573958019
15918,56209.659,0.9696691131933739
14267,56179.571,0.9696848605571564
18508,56177.129,0.9697006072364363
4490,56159.379499999995,0.9697163489404586
6425,56141.5505,0.969732085646939
12485,56130.8395,0.9697478193510825
10580,56096.899000000005,0.9697635435415648
2136,56076.543000000005,0.969779262026177
9314,56058.789,0.9697949755342703
594,56048.47,0.9698106861499055
12162,56031.175,0.9698263919176816
7343,56011.863000000005,0.9698420922722248
8948,56009.857,0.9698577920644781
12446,55958.528,0.9698734774690025
2882,55958.3565,0.9698891628254549
19327,55950.89800000001,0.9699048460912589
3020,55927.560499999985,0.9699205228154664
16226,55923.4005,0.9699361983736087
11934,55911.261,0.9699518705289996
9882,55850.6115,0.9699675256840871
11903,55838.3585,0.9699831774046086
19874,55836.994000000006,0.9699988287426552
18249,55836.9,0.9700144800543532
4311,55829.008,0.9700301291538913
4688,55800.022,0.9700457701285349
6819,55793.1245,0.9700614091697809
16048,55784.316,0.9700770457419684
6886,55776.191,0.9700926800366851
17596,55767.000499999995,0.9701083117552672
15810,55758.7825,0.9701239411703101
1629,55740.725999999995,0.970139565524042
2484,55723.117,0.9701551849418992
2029,55697.88,0.9701707972857221
18102,55686.691000000006,0.9701864064932224
9334,55660.6505,0.9702020084014639
7628,55660.226,0.9702176101907162
15646,55651.393000000004,0.9702332095040426
10002,55631.75199999999,0.9702488033119161
11181,55620.479,0.9702643939599217
4231,55604.0285,0.9702799799967848
12601,55580.0435,0.9702955593105541
19818,55576.402,0.9703111376035961
12159,55562.39749999999,0.9703267119711194
6607,55480.851500000004,0.9703422634809651
14742,55422.36,0.9703577985954037
1605,55421.22300000002,0.9703733333911366
3369,55406.052,0.9703888639343762
18510,55406.052,0.9704043944776156
1140,55397.5415,0.9704199226353272
17053,55374.950500000006,0.9704354444606889
14696,55357.1335,0.9704509612918725
4188,55335.876000000004,0.9704664721644918
404,55329.246,0.970481981178695
1008,55290.752,0.9704974794028722
3585,55263.0565,0.9705129698638876
6668,55262.193,0.9705284600828603
9868,55228.1985,0.9705439407730355
19219,55204.2145,0.9705594147403973
4145,55144.317500000005,0.9705748719183848
12468,55139.816,0.9705903278345833
2773,55132.012,0.9706057815632888
3754,55113.485,0.9706212300988002
203,55089.065,0.9706366717892857
13760,55088.1465,0.9706521132223119
5742,55047.980500000005,0.9706675433966439
17286,55023.25600000001,0.9706829666405972
15264,54989.987,0.9706983805591135
8738,54987.07,0.9707137936599829
4165,54970.36,0.9707292020769708
14888,54960.361500000006,0.9707446076913382
4259,54931.7035,0.9707600052727507
14123,54927.365000000005,0.9707754016380641
15407,54886.623999999996,0.9707907865835084
5817,54882.208,0.9708061702911298
277,54861.201499999996,0.9708215481105432
12222,54858.776,0.970836925250079
10073,54846.909,0.9708522990632461
9869,54840.991500000004,0.9708676712177137
706,54819.632,0.970883037385026
7140,54795.712499999994,0.9708983968476046
19736,54726.4275,0.9709137368893139
11659,54703.0,0.9709290703641991
5616,54694.718,0.9709444015176057
18808,54675.6835,0.9709597273355641
11551,54662.201,0.9709750493743226
17347,54648.291,0.970990367514051
6007,54623.632,0.9710056787417608
5397,54619.581,0.9710209888339587
2871,54613.014500000005,0.9710362970855398
2955,54593.29250000001,0.9710515998089636
3180,54592.5405,0.9710669023215986
7976,54587.15950000001,0.9710822033259174
6224,54546.685,0.9710974929850681
2283,54497.06999999999,0.9711127687369311
18588,54459.402,0.9711280339302995
1109,54436.82,0.9711432927938408
15824,54409.0165,0.9711585438639472
9647,54379.86,0.9711737867613672
17226,54377.4875,0.9711890289937659
14120,54354.195999999996,0.9712042646974617
17721,54335.414000000004,0.971219495136486
7634,54325.582,0.9712347228195604
1154,54321.2535,0.9712499492893385
4564,54239.475,0.9712651528362682
15664,54236.40900000001,0.9712803555237857
9262,54216.531,0.9712955526394182
13722,54214.46600000001,0.971310749176223
13464,54214.012,0.9713259455857696
4292,54192.2105,0.9713411358842664
11653,54183.109,0.9713563236315755
4350,54172.0395,0.9713715082760586
15169,54146.756,0.971386685833473
19631,54140.049,0.9714018615108878
9197,54134.501000000004,0.9714170356331755
8801,54125.833,0.9714322073257874
512,54122.003,0.9714473779448345
12713,54075.4595,0.971462535517548
8409,54065.024,0.9714776901651482
2627,54064.865999999995,0.9714928447684603
11345,54059.3565,0.971507997827437
13498,54056.263,0.971523150019293
11721,54035.801999999996,0.971538296475847
15165,54021.67800000001,0.9715534389733858
6708,54019.861999999994,0.9715685809618925
18268,54004.118,0.9715837185372914
3844,53991.532999999996,0.9715988525850633
8027,53953.9645,0.9716139761022309
365,53930.4265,0.9716290930216006
15223,53930.4265,0.9716442099409703
2817,53930.4265,0.9716593268603401
12217,53923.221999999994,0.9716744417602591
19890,53919.518,0.9716895556219316
14487,53914.4905,0.9717046680743754
10603,53906.284499999994,0.9717197782266437
4248,53896.38,0.9717348856026402
5809,53878.5185,0.971749987971985
17306,53858.789000000004,0.9717650848110702
5040,53854.314,0.9717801803957946
12541,53838.958,0.9717952716761694
13719,53834.397000000004,0.9718103616780771
2052,53761.7625,0.971825431320237
6547,53754.042,0.9718404987983091
7782,53743.4435,0.9718555633055784
10398,53740.281,0.971870626926386
5569,53733.145000000004,0.9718856885469436
15099,53716.182499999995,0.9719007454128429
12357,53637.823,0.9719157803142535
8602,53629.67,0.9719308129303449
4590,53605.396,0.9719458387423346
15907,53605.028999999995,0.9719608644514527
17180,53596.0745,0.971975887650588
542,53589.251000000004,0.9719909089370681
15862,53587.89599999999,0.9720059298437361
1050,53585.594,0.9720209501051442
122,53579.022000000004,0.9720359685243938
8215,53559.35,0.9720509814295011
19994,53550.12,0.9720659917474017
4864,53533.443,0.972080997390671
10979,53528.96,0.9720960017773369
11784,53479.185999999994,0.9721109922121469
1894,53456.764,0.9721259763619785
3216,53434.831999999995,0.9721409543641806
15314,53427.126,0.9721559302063594
7943,53425.19,0.9721709055058695
19779,53425.19,0.9721858808053797
7271,53425.19,0.9722008561048898
14308,53425.19,0.9722158314043999
8674,53425.19,0.97223080670391
9665,53425.19,0.9722457820034202
14500,53415.8805,0.9722607546934392
16830,53414.6995,0.9722757270524193
15342,53412.352,0.9722906987533855
6455,53389.4065,0.972305664022634
15812,53385.869999999995,0.9723206283005871
8991,53349.423500000004,0.972335582362437
15111,53343.131,0.9723505346604734
15160,53332.49,0.9723654839757938
2179,53318.71,0.972380429428524
11661,53311.659999999996,0.9723953729051101
9465,53159.78,0.9724102738091106
6014,53159.78,0.9724251747131111
13359,53159.78,0.9724400756171114
2038,53146.627,0.9724549728342721
3209,53096.18400000001,0.9724698559120531
6461,53095.28049999999,0.9724847387365796
7455,53092.9335,0.9724996209032323
13274,53076.889500000005,0.9725144985726861
17647,53066.8,0.9725293734140118
5127,53030.490999999995,0.9725442380777761
9218,53016.977999999996,0.9725590989537912
15100,53013.594,0.9725739588812572
6359,53008.674,0.972588817429627
9677,52986.123,0.9726036696568593
670,52963.386,0.9726185155108173
19136,52931.884,0.9726333525346357
9458,52918.738999999994,0.9726481858738567
8841,52915.312000000005,0.9726630182524757
7230,52908.45,0.9726778487076478
9325,52904.320999999996,0.9726926780054446
6149,52893.846,0.9727075043670559
12598,52860.75,0.9727223214517229
9551,52849.0965,0.972737135269866
8687,52847.446500000005,0.9727519486255074
17764,52831.354,0.9727667574703552
316,52791.3075,0.9727815550900051
4455,52790.0135,0.9727963523469416
10160,52779.91,0.9728111467718255
2521,52748.0675,0.9728259322711263
2416,52743.700500000006,0.9728407165463392
13110,52724.634,0.972855495477134
9439,52701.057499999995,0.9728702677993393
18009,52691.2575,0.9728850373745646
13518,52643.789,0.9728997936441749
18605,52643.458,0.9729145498210046
8015,52641.385,0.9729293054167639
16537,52636.027,0.9729440595106538
3999,52598.91949999999,0.9729588032031595
18154,52594.5305,0.9729735456654105
6225,52585.767,0.9729882856712168
18393,52552.9345,0.9730030164739387
7706,52529.2885,0.97301774064859
17255,52529.263999999996,0.9730324648163738
1635,52526.9605,0.9730471883384771
1810,52525.689000000006,0.973061911504174
15557,52490.200000000004,0.9730766247221586
19268,52489.944,0.9730913378683854
5331,52442.45450000001,0.9731060377031111
19038,52384.0125,0.9731207211563047
4641,52383.804,0.973135404551055
6947,52375.001000000004,0.9731500854782883
17791,52352.554,0.9731647601135356
10860,52334.375,0.9731794296531348
6500,52330.0315,0.973194097975233
15490,52324.462999999996,0.973208764736458
16748,52292.842,0.9732234226341873
12335,52264.556000000004,0.9732380726032349
9359,52255.799499999994,0.9732527201177997
532,52255.399000000005,0.9732673675201028
18435,52230.248999999996,0.9732820078727579
18521,52203.9645,0.9732966408577599
17151,52186.7935,0.9733112690296604
13474,52162.018500000006,0.9733258902570268
9107,52160.0735,0.9733405109392019
2325,52155.810000000005,0.9733551304263004
4030,52100.538,0.9733697344204311
13207,52080.456000000006,0.9733843327854949
16056,52028.265999999996,0.9733989165214879
12146,51998.572,0.9734134919341312
7385,51989.802,0.9734280648885076
295,51971.472,0.97344263270491
2580,51971.472,0.9734572005213123
8660,51969.805,0.9734717678704478
18937,51936.8915,0.9734863259937944
10819,51933.240999999995,0.9735008830938909
11910,51928.806,0.9735154389508389
8964,51913.93000000001,0.973529990637983
6099,51913.455,0.9735445421919826
11492,51901.57200000001,0.9735590904151288
10113,51890.262,0.9735736354680357
1733,51887.799,0.9735881798305535
5023,51871.293,0.973602719566372
2295,51813.419,0.9736172430798713
1864,51808.16,0.9736317651192513
11750,51793.1985,0.9736462829648618
6634,51788.287,0.9736607994337586
19916,51763.898,0.9736753090663187
2418,51762.4065,0.9736898182808054
3936,51735.596,0.9737043199801991
2846,51725.618,0.9737188188827187
18398,51717.3475,0.9737333154669832
1306,51710.702000000005,0.9737478101884868
14083,51706.045000000006,0.9737623036046142
18749,51680.19,0.9737767897734794
18136,51634.18,0.973791263045553
6351,51629.335999999996,0.9738057349598336
1664,51626.428,0.97382020605899
19958,51603.922999999995,0.9738346708499026
12858,51580.3485,0.9738491290327864
11300,51573.90549999999,0.9738635854096709
4753,51570.2985,0.9738780407754986
16285,51461.205,0.9738924655619715
12651,51456.831999999995,0.9739068891226745
6487,51449.386,0.9739213105962334
19677,51441.89399999999,0.9739357299697541
4209,51428.548,0.9739501456023361
2546,51410.057499999995,0.9739645560519553
3511,51385.762,0.9739789596914464
19316,51357.09,0.9739933552940586
19784,51341.972,0.9740077466590336
18385,51319.403999999995,0.9740221316981055
18213,51306.701,0.9740365131764747
18212,51295.435,0.9740508914969378
13633,51288.5955,0.9740652679002612
6558,51279.44099999999,0.9740796417375406
1235,51271.255000000005,0.9740940132802508
5185,51268.69,0.974108384103981
18589,51234.23900000001,0.9741227452709548
135,51229.3605,0.974137105070465
12979,51221.382000000005,0.974151462633569
14361,51187.502,0.9741658106999703
15991,51187.4255,0.9741801587449284
14443,51139.8375,0.9741944934507752
17044,51127.68,0.974208824748825
12309,51118.130000000005,0.9742231533699707
9514,51091.983,0.9742374746620052
11547,51091.983,0.9742517959540397
8377,51061.25149999999,0.9742661086319089
10421,51020.224,0.974280409809602
574,50997.5895,0.9742947046427519
18496,50930.01,0.9743089805330913
14809,50912.397,0.9743232514864347
3756,50891.686,0.9743375166343999
15512,50877.432,0.9743517777869107
2399,50872.614,0.9743660375889164
3730,50871.597,0.9743802971058527
2071,50869.17600000001,0.9743945559441729
15162,50856.157499999994,0.9744088111333541
4142,50853.800500000005,0.9744230656618585
18226,50843.24,0.9744373172302117
18297,50780.612,0.97445155124368
4916,50753.9305,0.9744657777782145
15031,50753.9305,0.9744800043127492
944,50753.9305,0.9744942308472838
8896,50753.928,0.9745084573811176
12091,50750.745,0.9745226830227435
13910,50722.663,0.9745369007928698
12602,50700.2235,0.9745511122731123
7216,50683.14,0.9745653189647799
17204,50664.492,0.9745795204293368
1684,50657.34299999999,0.9745937198899997
3753,50608.072,0.9746079055397995
10457,50605.956999999995,0.9746220905967561
3576,50577.426,0.9746362676563566
13602,50562.0535,0.9746504404069826
2498,50556.8615,0.9746646117022695
2434,50551.968,0.9746787816258883
4591,50547.99499999999,0.974692950435859
1570,50540.344000000005,0.974707117101223
2387,50518.551,0.97472127765792
12158,50452.9405,0.9747354198237252
12704,50408.7955,0.9747495496155061
18813,50394.229999999996,0.9747636753245177
5091,50367.615999999995,0.9747777935735162
7231,50365.152500000004,0.9747919111319856
13007,50362.628,0.9748060279828271
4303,50322.6655,0.9748201336320165
19105,50318.7625,0.9748342381871787
17441,50307.037500000006,0.9748483394557756
18190,50282.40299999999,0.9748624338192212
15361,50197.74,0.9748765044512813
11618,50197.74,0.9748905750833413
16064,50186.288,0.9749046425053589
14861,50174.765999999996,0.9749187066977126
8879,50079.85999999999,0.9749327442875261
1581,50038.974,0.9749467704168263
5341,50034.66,0.9749607953368946
13849,50023.57,0.9749748171483906
5108,49916.88649999999,0.9749888090560647
10027,49905.4345,0.9750027977536962
14152,49881.7865,0.9750167798226966
13484,49871.6315,0.9750307590452089
4695,49793.2,0.9750447162830504
10265,49774.235,0.975058668204925
4107,49737.287500000006,0.975072609770264
13673,49729.893,0.9750865492628943
894,49723.973,0.9751004870961245
18061,49707.755,0.9751144203833828
8486,49691.847,0.9751283492115637
13499,49685.2365,0.9751422761867942
3041,49659.241,0.9751561958753796
5914,49654.322,0.9751701141851493
2270,49636.9335,0.9751840276208511
11673,49632.044,0.9751979396860061
5412,49622.8095,0.9752118491626931
10992,49614.996,0.9752257564492238
837,49613.57400000001,0.9752396633371622
6249,49600.836500000005,0.9752535666547272
136,49591.03,0.9752674672234901
6720,49584.5595,0.9752813659785454
3339,49572.034499999994,0.9752952612227919
1510,49545.42,0.975309149006885
6468,49534.640499999994,0.9753230337694402
15671,49528.81,0.9753369168976823
13239,49519.9255,0.9753507975355626
17076,49490.9435,0.9753646700496698
18257,49450.339,0.9753785311821693
14458,49432.855500000005,0.9753923874139723
19171,49410.954,0.975406237506695
8699,49382.28,0.9754200795619782
16731,49374.496499999994,0.9754339194355144
4291,49371.388999999996,0.9754477584380056
5415,49368.499,0.975461596630418
18189,49364.9355,0.9754754338239668
4726,49349.993,0.9754892668290717
2410,49344.716499999995,0.9755030983551519
15448,49311.51,0.9755169205733143
13678,49304.784499999994,0.9755307409062915
16429,49294.374500000005,0.975544558321303
13605,49279.00099999999,0.9755583714270596
11213,49243.214,0.9755721745015735
12319,49220.56449999999,0.9755859712273398
10061,49220.068,0.9755997678139351
13994,49204.34,0.9756135599919077
2697,49198.143,0.9756273504328358
13089,49197.974,0.9756411408263924
3532,49187.434,0.975654928265544
6383,49181.552,0.9756687140559468
16408,49163.5825,0.9756824948094253
7953,49161.6545,0.9756962750224774
15665,49125.8805,0.9757100452079308
5369,49124.3295,0.9757238149586326
3485,49084.168000000005,0.9757375734519016
18449,49068.1865,0.9757513274654905
11555,49052.471,0.9757650770739607
9704,49019.522,0.975778817446691
18079,48991.807,0.9757925500507935
9391,48970.7075,0.9758062767406196
4339,48956.069500000005,0.9758199993273544
14416,48943.798,0.9758337184743375
1730,48933.738,0.9758474348014614
9100,48887.568,0.9758611381869453
1039,48861.670999999995,0.9758748343133941
16047,48843.437,0.9758885253287779
8945,48839.092500000006,0.9759022151263808
19062,48826.331999999995,0.975915901347163
13984,48819.351500000004,0.9759295856112827
4118,48814.569,0.9759432685348479
17712,48813.67,0.9759569512064199
18445,48807.883,0.975970632255872
7010,48802.015,0.9759843116604996
296,48770.1255,0.9759979821263699
7726,48753.5965,0.9760116479590938
18312,48740.53400000001,0.9760253101303454
6491,48723.08,0.9760389674091694
3883,48713.75,0.9760526220727562
7912,48701.57000000001,0.9760662733222392
6088,48700.742,0.9760799243396303
11598,48688.46399999999,0.9760935719154479
1428,48668.896,0.9761072140062748
748,48581.6095,0.9761208316303384
5659,48567.618,0.9761344453325271
3694,48564.3535,0.9761480581196633
14678,48545.982,0.9761616657571927
12862,48533.960499999994,0.9761752700250464
2886,48468.326,0.9761888558952811
12786,48466.854,0.9762024413529082
3254,48464.192,0.9762160260643657
1128,48445.3445,0.9762296054927919
8935,48389.78349999999,0.9762431693472423
14773,48386.636,0.9762567323194355
7715,48386.505000000005,0.9762702952549089
19017,48378.955,0.9762838560740864
1710,48318.225000000006,0.9762973998703961
17455,48304.481,0.9763109398142065
18459,48295.392,0.9763244772103329
1119,48253.5395,0.9763380028750323
6729,48247.5135,0.9763515268506191
15755,48240.158,0.9763650487644291
2466,48231.803,0.9763785683362984
8974,48222.2245,0.976392085223275
19687,48218.14200000001,0.9764056009659102
18578,48215.137,0.9764191158662315
16422,48214.5985,0.9764326306156089
19764,48195.2455,0.9764461399402614
12221,48188.2685,0.9764596473092321
8507,48184.97,0.9764731537536196
10983,48174.276,0.9764866572004354
8828,48167.28,0.9765001586862436
16583,48167.28,0.9765136601720519
8559,48157.58,0.9765271589389104
12835,48142.08,0.9765406533610554
5436,48133.705500000004,0.9765541454357939
8554,48103.928,0.976567629163777
19543,48103.087999999996,0.9765811126563049
19786,48082.671,0.9765945904258639
10671,48082.671,0.976608068195423
13828,48082.671,0.9766215459649821
8400,48069.3585,0.976635020002993
6349,48064.0995,0.9766484925668846
6924,48049.9155,0.976661961154943
9857,48029.025499999996,0.9766754238874488
15425,48027.65,0.9766888862343962
6813,48022.204,0.9767023470548076
10866,48019.858,0.9767158072176256
8167,48010.6385,0.97672926479618
10044,47998.916,0.9767427190888697
1183,47955.31,0.976756161158619
8609,47919.9515,0.9767695933172359
13000,47896.11,0.9767830187929829
19791,47886.028,0.9767964414427038
647,47883.412,0.9768098633591494
4208,47882.9835,0.9768232851554847
19166,47861.103,0.9768367008186262
5748,47846.5695,0.976850112407968
4779,47843.801999999996,0.9768635232215684
19804,47843.801999999996,0.9768769340351687
15519,47843.721,0.9768903448260645
10709,47838.382,0.9769037541204166
12999,47819.48850000001,0.9769171581188434
13635,47816.4035,0.976930561252532
19475,47786.69899999999,0.9769439560599276
3381,47779.61750000001,0.9769573488823496
7135,47756.901,0.9769707353372439
5028,47736.8355,0.9769841161676962
17696,47715.864499999996,0.9769974911198914
18770,47711.852999999996,0.9770108649476469
1192,47709.061,0.9770242379927931
17186,47707.939000000006,0.9770376107234383
6046,47651.812999999995,0.9770509677217359
4643,47631.496,0.977064319025095
12843,47631.424000000006,0.9770776703082723
4896,47604.922,0.9770910141628305
5700,47595.131,0.9771043552729314
2704,47562.263000000006,0.9771176871699973
453,47555.4905,0.9771310171687035
19700,47553.759999999995,0.9771443466823437
15539,47541.215000000004,0.9771576726795691
16129,47525.353,0.9771709942306108
9721,47518.92,0.9771843139784564
9959,47515.656,0.9771976328113893
882,47449.7565,0.9772109331724225
3521,47440.883499999996,0.9772242310463175
2895,47409.0235,0.9772375199897241
17458,47408.676999999996,0.9772508088360052
4593,47382.7865,0.9772640904250732
16929,47374.792,0.9772773697732501
2187,47294.241,0.977290626542652
8287,47292.8435,0.9773038829203289
559,47286.053,0.9773171373946008
6002,47260.52250000001,0.977330384712569
1505,47239.735,0.9773436262037158
1228,47238.112499999996,0.9773568672400693
9093,47229.81,0.977370105949198
6452,47225.7,0.9773833435062769
14585,47190.56,0.9773965712134698
269,47170.9555,0.9774097934254412
18842,47150.428,0.9774230098834702
14029,47120.487,0.9774362179489144
15108,47098.2255,0.9774494197743689
6261,47084.819,0.9774626178419267
9934,47069.91100000001,0.9774758117307109
3703,47059.7845,0.9774890027809957
16644,47021.0265,0.9775021829672546
3117,47017.465,0.9775153621552104
13475,47013.0665,0.9775285401102486
11805,47010.0085,0.9775417172081169
8166,47005.156,0.9775548929458096
17377,46998.031500000005,0.9775680666864757
17404,46993.945999999996,0.9775812392819594
19943,46993.341,0.9775944117078592
13317,46984.362499999996,0.9776075816170486
14297,46961.6225,0.9776207451521229
11107,46929.27,0.9776338996186591
18927,46927.726500000004,0.9776470536525459
18115,46916.37,0.9776602045031592
9471,46910.9955,0.977673353847278
15271,46903.71,0.9776865011492415
10764,46868.9375,0.9776996387043309
8075,46864.181,0.9777127749261538
10492,46823.678499999995,0.9777258997949602
19116,46796.361000000004,0.9777390170065594
9371,46771.907999999996,0.9777521273638826
7284,46763.678,0.977765235414303
8565,46751.963,0.9777783401809611
13582,46738.7715,0.9777914412499876
18940,46672.186499999996,0.9778045236549661
17947,46665.402,0.9778176041582214
3384,46657.728,0.977830682510423
12402,46657.728,0.9778437608626248
12095,46651.143,0.977856837369024
12938,46647.474,0.9778699128469874
11214,46640.450000000004,0.9778829863560949
15724,46601.768,0.9778960490224795
8461,46586.919,0.9779091075266286
2227,46561.639,0.9779221589446901
6502,46550.086,0.9779352071243984
19428,46548.3595,0.9779482548201617
15691,46531.7015,0.9779612978466193
2010,46510.94899999999,0.9779743350560663
11855,46505.689,0.9779873707911138
11361,46495.936,0.9780004037923553
8706,46426.486000000004,0.9780134173264776
16361,46419.101500000004,0.9780264287906942
7779,46410.64,0.9780394378831178
2132,46410.007,0.9780524467981088
6740,46388.03199999999,0.9780654495534173
1303,46386.807,0.9780784519653535
12409,46383.852,0.9780914535489911
16739,46383.574,0.9781044550547039
17380,46328.226500000004,0.978117441046286
17307,46313.707500000004,0.9781304229681329
1967,46301.480500000005,0.9781434014627016
16763,46296.372,0.978156378525337
10091,46289.866500000004,0.9781693537644539
12778,46273.52049999999,0.9781823244217203
14763,46268.328499999996,0.9781952936236477
14449,46244.70199999999,0.9782082562029704
4649,46242.301,0.978221218109283
4351,46238.35399999999,0.9782341789092353
5772,46230.792,0.978247137589528
3202,46228.225000000006,0.97826009555028
1818,46221.522,0.9782730516321538
3768,46168.535,0.9782859928615545
10022,46161.907,0.9782989322330997
19934,46145.576,0.9783118670269988
12169,46125.774000000005,0.9783247962703162
18522,46092.468,0.9783377161778254
1735,46087.259999999995,0.9783506346255109
11081,46066.891,0.9783635473636821
14428,46030.476,0.9783764498945798
14197,45990.81,0.9783893413069353
12968,45987.748,0.9784022318609998
10981,45980.258499999996,0.9784151203157267
4212,45945.99,0.9784279991648527
3813,45942.206999999995,0.9784408769535882
3503,45892.2985,0.9784537407527669
948,45798.2175,0.9784665781806562
15847,45779.701499999996,0.9784794104184348
6334,45774.6305,0.9784922412347912
13078,45763.35,0.9785050688891773
17629,45727.632,0.9785178865316618
3386,45720.2875,0.9785307021154529
16494,45688.51149999999,0.9785435087923011
8136,45679.542499999996,0.9785563129551019
17515,45676.912,0.9785691163805628
13056,45659.778999999995,0.9785819150035735
3934,45640.7695,0.9785947082981435
10437,45603.79,0.9786074912272084
17511,45594.51899999999,0.978620271557574
11482,45588.371999999996,0.9786330501649104
5605,45578.56,0.9786458260219029
7874,45572.5165,0.9786586001848776
5337,45565.1995,0.9786713722968674
11387,45519.3685,0.9786841315622401
1783,45510.806,0.9786968884275091
15784,45488.1745,0.9787096389490759
2651,45487.88599999999,0.9787223893897751
15020,45419.9595,0.9787351207903979
1159,45415.098000000005,0.9787478508283226
1325,45415.096000000005,0.9787605808656867
19018,45415.096000000005,0.9787733109030508
11765,45411.4115,0.9787860399076344
12022,45404.9145,0.9787987670910823
17974,45388.86349999999,0.9788114897753692
19163,45380.186,0.9788242100273172
7798,45362.8505,0.9788369254200537
16073,45307.901,0.9788496254102204
10868,45291.360499999995,0.978862320764017
3500,45291.128000000004,0.978875016052643
11982,45273.3805,0.9788877063665721
11369,45225.553,0.9789003832742571
16332,45223.619999999995,0.9789130596401143
12367,45222.496,0.9789257356909097
14915,45189.005,0.9789384023540406
4347,45177.966,0.9789510659228947
10665,45148.388999999996,0.9789637212011946
11035,45143.039500000006,0.9789763749800078
12061,45136.734000000004,0.9789890269913635
13008,45133.484,0.9790016780917309
16687,45111.1175,0.9790143229226766
13730,45093.54,0.9790269628265773
16436,45071.646,0.9790395965934999
6620,45038.622,0.9790522211036604
10106,44996.42,0.9790648337844273
9759,44982.897999999994,0.9790774426749222
19154,44962.346999999994,0.9790900458048878
18231,44911.6995,0.9791026347381516
2868,44904.5365,0.9791152216635973
1319,44878.0665,0.9791278011693937
5384,44868.558999999994,0.9791403780101987
14381,44865.201,0.9791529539097428
5503,44813.881,0.9791655154240806
13202,44798.319,0.9791780725763259
8054,44780.266,0.9791906246682416
19425,44769.759000000005,0.9792031738150021
9733,44742.947,0.9792157154462493
8183,44723.604,0.9792282516555744
10936,44715.585,0.9792407856171409
4710,44703.458,0.9792533161794598
1968,44698.1095,0.979265845242572
19332,44680.6775,0.9792783694194233
10057,44669.768000000004,0.9792908905382972
14378,44654.298,0.9793034073208666
14162,44641.5725,0.9793159205364264
3808,44624.327,0.9793284289180019
13029,44610.57,0.979340933443434
13654,44590.878,0.9793534324491178
14580,44582.8065,0.979365929192327
16111,44582.138999999996,0.9793784257484334
16157,44573.551999999996,0.9793909198975684
19176,44568.528,0.9794034126384557
19833,44555.1645,0.9794159016334992
1135,44547.01,0.9794283883428031
10407,44545.933000000005,0.9794408747502195
349,44482.5195,0.979453343382572
13738,44466.216,0.9794658074449868
7513,44451.948,0.9794782675080227
294,44439.585999999996,0.9794907241059394
5229,44436.568,0.9795031798578984
10729,44434.059,0.9795156349065743
15262,44411.534,0.9795280836414005
6135,44396.816,0.9795405282507111
17799,44396.01,0.9795529726340968
5245,44381.383,0.9795654129174742
19750,44351.474,0.9795778448172366
15114,44340.023,0.9795902735072367
16864,44318.284,0.9796026961037061
5465,44236.2675,0.9796150957106148
6390,44235.736,0.9796274951685419
11740,44225.8065,0.9796398918431893
8877,44194.740000000005,0.9796522798097698
8604,44132.198000000004,0.9796646502455714
5198,44113.136,0.9796770153382165
16775,44084.395000000004,0.9796893723746416
4609,44066.334,0.9797017243484945
18923,44058.901,0.9797140742388469
10943,44016.863,0.9797264123457758
18503,43992.92,0.9797387437413839
2087,43991.8035,0.9797510748240325
11651,43976.277,0.9797634015545394
632,43964.62,0.9797757250175416
16757,43958.680499999995,0.9797880468156775
2574,43880.008499999996,0.9798003465617299
7189,43867.776,0.9798126428789623
17730,43860.44,0.9798249371398838
4869,43850.1885,0.979837228527268
17209,43848.3065,0.9798495193871198
5087,43811.792,0.9798618000118078
17991,43717.310000000005,0.9798740541528043
1893,43716.278999999995,0.9798863080048072
16869,43708.573000000004,0.9798985596967869
3102,43706.64400000001,0.97991081084806
3380,43699.294,0.9799230599390979
13754,43688.0045,0.9799353058656428
16844,43685.548,0.9799475511036206
6045,43655.111999999994,0.979959787810263
17195,43654.811,0.979972024432534
13683,43647.50550000001,0.9799842590070432
14471,43634.19,0.9799964898491634
7049,43633.4,0.9800087204698434
7361,43615.5,0.9800209460730801
8753,43577.438,0.9800331610073824
16154,43550.633,0.9800453684281333
16258,43538.7015,0.9800575725044359
15851,43532.846000000005,0.9800697749394179
12486,43530.6,0.980081976744837
3567,43529.585,0.9800941782657474
7260,43514.255999999994,0.9801063754898762
16503,43499.68499999998,0.9801185686296942
13492,43478.888999999996,0.9801307559403082
15265,43460.656,0.9801429381401376
10617,43444.74800000001,0.9801551158808895
16791,43415.071,0.9801672853030569
4969,43412.3955,0.9801794539752706
15411,43380.541,0.9801916137185375
1935,43358.648499999996,0.980203767325247
6031,43337.56999999999,0.9802159150235668
9362,43326.9805,0.9802280597536062
2716,43312.102,0.9802402003131413
2829,43299.309,0.980252337286746
6726,43273.821,0.9802644671159599
6053,43271.2355,0.9802765962204476
17751,43270.898,0.9802887252303325
12116,43263.2715,0.9803008521024784
15489,43260.293000000005,0.9803129781397386
18087,43245.3925,0.9803251000003276
1060,43229.3065,0.9803372173519449
3003,43216.763,0.9803493311875678
17737,43216.656,0.9803614449931982
3981,43211.638000000006,0.9803735573922626
17046,43195.631,0.9803856653044994
3855,43152.318,0.9803977610759249
14897,43144.68,0.9804098547063878
14014,43135.0245,0.9804219456303743
8641,43132.452000000005,0.9804340358332787
12407,43116.550500000005,0.9804461215789275
13609,43087.908,0.9804581992959663
551,43084.501000000004,0.9804702760580091
7321,43050.665,0.9804823433356824
7567,43041.831000000006,0.9804944081371495
3394,43040.25749999999,0.9805064724975581
16666,43026.5075,0.9805185330037853
10795,42967.01,0.9805305768326198
13026,42941.2705,0.9805426134465669
8781,42925.483499999995,0.9805546456353533
7713,42906.465500000006,0.9805666724933164
16198,42882.31,0.980578692580394
3426,42881.909,0.9805907125550696
8796,42874.494,0.9806027304512903
15674,42840.096000000005,0.9806147387056109
19333,42838.859999999986,0.9806267466134755
19414,42829.608,0.9806387519279667
3956,42821.8185,0.9806507550590291
14024,42814.149000000005,0.9806627560402993
7417,42801.42650000001,0.9806747534554006
11829,42760.895,0.9806867395093565
12359,42754.518000000004,0.9806987237758132
2230,42740.152,0.9807107040154213
9987,42740.152,0.9807226842550294
16333,42705.409,0.9807346547560323
11901,42692.2825,0.9807466215776234
8344,42671.482,0.9807585825687493
10651,42668.079,0.9807705426060004
8847,42668.079,0.9807825026432515
9063,42633.398,0.9807944529592761
5666,42584.2725,0.9808063895052221
7112,42581.20999999999,0.9808183251927368
9062,42579.466,0.9808302603914012
6803,42570.4845,0.9808421930725143
5233,42548.318,0.9808541195402667
6769,42542.054000000004,0.9808660442521941
4237,42527.824,0.9808779649753945
9388,42527.824,0.9808898856985947
17291,42527.824,0.9809018064217949
2683,42518.1615,0.9809137244365569
11710,42474.236000000004,0.9809256301388214
1243,42466.554500000006,0.98093753368793
14441,42460.486000000004,0.9809494355360132
1240,42452.985499999995,0.9809613352816755
10919,42420.1505,0.9809732258235528
3711,42401.368,0.9809851111006185
724,42372.9765,0.9809969884194305
8229,42365.774999999994,0.9810088637196326
18547,42305.615999999995,0.9810207221570207
345,42299.635500000004,0.9810325789180501
9331,42274.324,0.9810444285841624
869,42247.0345,0.9810562706009162
19740,42236.34299999999,0.9810681096207987
380,42236.34299999999,0.9810799486406812
18515,42222.394,0.9810917837506018
8987,42183.159,0.9811036078627914
8966,42177.166,0.9811154302951184
11293,42176.4185,0.9811272525179182
15580,42168.0765,0.9811390724024213
5533,42148.72,0.981150886861218
8956,42139.776,0.981162698812975
1082,42130.547999999995,0.9811745081780857
12703,42129.813,0.9811863173371731
9234,42113.606999999996,0.9811981219536522
18949,42113.2595,0.9812099264727258
14023,42104.8175,0.9812217286254721
11239,42100.600000000006,0.9812335295960358
1475,42099.84,0.9812453303535685
19422,42099.5515,0.9812571310302335
3354,42083.308000000005,0.9812689271537789
12483,42061.602000000006,0.9812807171930437
7249,42054.378500000006,0.9812925052075318
12730,42053.958999999995,0.9813042931044323
4777,42040.314,0.9813160771765835
2741,42026.952,0.9813278575033114
14088,42007.826,0.9813396324689432
1350,42001.035,0.9813514055310297
7871,41930.6505,0.9813631588640528
19695,41922.0575,0.9813749097884227
19721,41897.012,0.9813866536924365
17656,41889.5405,0.9813983955021583
8887,41885.6085,0.9814101362097244
56,41862.966,0.981421870570505
8686,41858.39,0.981433603648614
12588,41856.8935,0.981445336307248
17344,41845.993,0.9814570659104271
627,41833.123,0.9814687919060926
16086,41820.092000000004,0.9814805142491154
14740,41813.409,0.981492234718866
11701,41803.53599999999,0.9815039524211742
17445,41799.388,0.981515668960781
859,41797.7295,0.9815273850355035
4900,41775.952000000005,0.9815390950059036
9031,41754.13,0.9815507988595078
14216,41747.348,0.9815625008120896
11723,41736.108499999995,0.9815741996141936
4783,41722.264,0.9815858945356274
16461,41711.794,0.9815975865222775
7561,41698.1935,0.9816092746966516
17061,41694.7085,0.981620961894166
1336,41677.0345,0.9816326441375859
3087,41652.811,0.9816443195910594
5630,41649.4055,0.9816559940899574
13584,41621.164000000004,0.9816676606726473
14892,41619.870500000005,0.9816793268927639
14631,41616.5705,0.9816909921878769
1457,41605.872,0.9817026544841567
15499,41564.459,0.9817143051722029
1210,41549.123,0.9817259515615055
13036,41538.25,0.9817375949030618
102,41508.45,0.981749229891556
16250,41486.25,0.9817608586572992
10311,41462.187,0.9817724806780851
5306,41450.797,0.9817840995062073
12768,41447.486,0.9817957174062427
17987,41437.365000000005,0.9818073324693203
13873,41421.8645,0.9818189431875443
4926,41416.955,0.9818305525296153
11274,41395.862,0.9818421559592321
16077,41385.114499999996,0.9818537563762807
12969,41372.632,0.9818653532944334
15888,41365.321500000005,0.9818769481634229
13075,41363.402,0.9818885424943687
16602,41295.6685,0.9819001178393372
6831,41295.350999999995,0.9819116930953091
2393,41262.59299999999,0.9819232591690795
13826,41258.7865,0.9819348241758724
10900,41255.490000000005,0.9819463882586428
12899,41254.606,0.9819579520936244
2191,41243.94,0.9819695129388825
2936,41206.2335,0.9819810632148543
12344,41188.94,0.9819926086433872
6059,41156.055,0.98200414485412
16407,41142.844,0.9820156773617553
17710,41136.690500000004,0.9820272081445395
2514,41134.362,0.9820387382746355
13181,41094.43,0.9820502572116284
15210,41092.098,0.9820617754949522
18448,41076.201,0.9820732893222819
11554,41066.8175,0.9820848005193781
6605,41064.25399999999,0.9820963109979147
8204,41052.9625,0.9821078183113977
3475,41028.7225,0.9821193188303093
19604,41011.856,0.982130814621472
7728,41009.618,0.9821423097853141
5699,40982.568,0.9821537973669304
11155,40982.133,0.9821652848266144
9009,40953.324,0.9821767642110177
4457,40916.478,0.9821882332673365
18910,40908.369000000006,0.9821997000506694
16703,40901.44,0.9822111648917751
5694,40880.097499999996,0.9822226237504906
10110,40876.090000000004,0.9822340814858876
5305,40859.162,0.9822455344762969
307,40854.144,0.9822569860601403
8329,40849.684499999996,0.9822684363939675
6093,40827.106499999994,0.9822798803990889
12793,40822.763,0.9822913231867094
16866,40813.134,0.9823027632752818
15203,40720.4435,0.9823141773823274
19306,40711.6935,0.9823255890367123
10264,40711.6935,0.9823370006910972
10312,40702.9795,0.9823484099029122
17060,40689.08899999999,0.9823598152211632
16334,40683.771,0.9823712190487569
6653,40681.031,0.9823826221083175
11104,40669.067,0.9823940218143199
4730,40639.3585,0.9824054131929081
2789,40620.932,0.982416799406473
2273,40588.245500000005,0.9824281764578779
10195,40569.498,0.982439548254282
8784,40554.1175,0.9824509157394689
14771,40492.7865,0.9824622660333252
7218,40484.4405,0.9824736139877637
11352,40466.67600000001,0.9824849569627401
7415,40460.533,0.9824962982158084
3906,40439.822499999995,0.9825076336636388
521,40427.7165,0.9825189657181078
17169,40414.435,0.9825302940497179
9245,40388.209,0.982541615030073
1084,40372.118500000004,0.982552931500195
8973,40371.67,0.9825642478446006
2347,40334.554000000004,0.9825755537852393
11282,40334.3945,0.9825868596811695
15400,40316.5815,0.982598160584043
17726,40280.683,0.98260945142442
17762,40253.4055,0.982620734618802
6439,40233.242,0.9826320121612724
648,40230.672,0.9826432889833612
6385,40226.6915,0.9826545646896996
7396,40203.208,0.9826658338135169
18556,40168.705,0.9826770932660018
848,40159.9325,0.9826883502595192
2034,40158.192,0.9826996067651672
10448,40158.191999999995,0.9827108632708152
6949,40147.6385,0.9827221168182741
2516,40102.248,0.98273335764259
11856,40101.8465,0.9827445983543637
3514,40097.659,0.982755837892364
19250,40090.65549999999,0.9827670754672545
3969,40089.826,0.9827783128096329
18608,40076.51,0.982789546419482
2551,40065.1465,0.9828007768440955
10695,40054.969,0.982812004415914
15183,40046.4715,0.9828232296058484
19103,40037.7335,0.9828344523464857
454,40016.509999999995,0.9828456691380891
9944,40013.195,0.9828568850004844
4992,40005.527,0.9828680987135079
460,40005.2955,0.9828793123616409
4943,39963.4015,0.9828905142667144
11984,39949.887,0.982901712383618
11918,39889.879499999995,0.9829128936801736
8040,39879.674,0.9829240721160859
4603,39876.441000000006,0.982935249645775
12214,39871.139500000005,0.982946425689432
2822,39863.320499999994,0.9829575995413913
18218,39838.408500000005,0.982968766410415
11780,39817.78,0.9829799274971857
2893,39817.78,0.9829910885839563
13655,39811.007,0.9830022477722273
8046,39799.5585,0.9830134037514369
9291,39796.714,0.9830245589333214
8697,39762.174,0.9830357044335025
19430,39718.82549999999,0.9830468377829217
7522,39718.534,0.9830579710506321
15170,39717.0215,0.9830691038943826
10392,39701.024,0.9830802322539685
9983,39694.872,0.9830913588891235
1579,39681.298,0.9831024817194306
17638,39665.5165,0.9831136001261188
10412,39653.691000000006,0.9831247152180708
9089,39651.858,0.9831358297962254
8537,39647.01,0.9831469430154659
1335,39636.335999999996,0.9831580532427404
1040,39632.5635,0.9831691624125677
8758,39620.8865,0.983180268309284
15080,39599.085999999996,0.983191368095231
11008,39569.293000000005,0.9832024595300781
14030,39517.846999999994,0.9832135365444008
18109,39516.599,0.9832246132089039
13751,39513.4235,0.9832356889833014
18735,39505.106,0.9832467624262695
11453,39503.436,0.9832578354011299
5990,39499.543999999994,0.9832689072850467
12576,39480.8325,0.9832799739240534
10413,39478.156,0.9832910398128263
17691,39462.72,0.983302101374825
4329,39460.985,0.9833131624504963
12956,39437.67599999999,0.9833242169925593
1956,39416.263,0.9833352655324709
19063,39414.88650000001,0.9833463136865437
6699,39411.8125,0.9833573609789619
16065,39387.841,0.9833684015520704
5785,39386.317,0.9833794416979954
11247,39359.986000000004,0.9833904744632334
2755,39347.340000000004,0.9834015036837458
14227,39279.305,0.983412513833769
7110,39274.532499999994,0.983423522646041
812,39239.336,0.9834345215925899
19283,39229.23850000001,0.9834455177087683
19133,39211.129,0.9834565087487798
16715,39182.704,0.9834674918211472
3887,39171.462,0.983478471742336
3474,39147.88,0.9834894450533938
6920,39133.022000000004,0.9835004141996931
13440,39101.615000000005,0.9835113745424818
4198,39074.28799999999,0.9835223272254007
15864,39059.0135,0.9835332756268146
4922,39052.6045,0.9835442222317594
18552,39021.770000000004,0.9835551601936677
10472,39000.49149999999,0.9835660921911253
11871,38992.19,0.9835770218616385
18229,38989.705500000004,0.9835879508357362
9964,38977.636000000006,0.9835988764267037
8640,38939.121,0.9836097912217588
12660,38938.3115,0.9836207057899079
12531,38879.527,0.9836316038805208
12404,38869.4545,0.9836424991477709
19859,38856.572499999995,0.9836533908041436
13832,38849.062,0.9836642803552923
16465,38841.9685,0.983675167918104
5013,38793.0355,0.9836860417647955
14018,38744.842000000004,0.9836969021026515
5818,38744.574,0.9837077623653859
2608,38734.042499999996,0.9837186196760979
6990,38730.72,0.9837294760554994
391,38702.386,0.9837403244927648
18278,38689.5055,0.9837511693195733
11657,38687.60600000001,0.9837620136139441
8399,38681.408,0.9837728561709902
17631,38665.366500000004,0.9837836942315381
18875,38658.0705,0.9837945302469874
14289,38583.864,0.9838053454620508
16310,38576.356,0.9838161585725911
5365,38543.155,0.9838269623767553
19254,38535.793,0.9838377641173206
13261,38526.36,0.9838485632137774
1802,38521.7855,0.9838593610279832
18477,38501.3245,0.983870153106887
6796,38501.2745,0.9838809451717754
9853,38500.828,0.9838917371115081
10067,38487.662,0.9839025253607571
8036,38486.945999999996,0.9839133134093083
828,38481.878500000006,0.9839241000374186
7464,38474.6345,0.983934884635006
13977,38465.858,0.9839456667725044
6649,38458.587999999996,0.9839564468721921
741,38452.56,0.9839672252822067
9150,38452.557,0.9839780036913806
4942,38451.237,0.9839887817305528
6181,38446.881,0.9839995585487206
8869,38422.561,0.9840103285498926
7749,38401.203,0.9840210925643299
14992,38400.551999999996,0.9840318563962892
17944,38381.36,0.9840426148486523
1323,38379.2905,0.9840533727209262
19036,38368.488,0.984064127565215
322,38367.274000000005,0.9840748820692147
9760,38348.27,0.9840856312463152
17883,38346.042,0.9840963797988983
16402,38345.76,0.9841071282724357
8458,38321.224,0.9841178698684317
19615,38295.7895,0.9841286043350335
15440,38281.856999999996,0.9841393348962982
18633,38278.58,0.9841500645390064
15042,38266.84,0.9841607908909447
7315,38260.295,0.9841715154082926
3641,38243.744000000006,0.9841822352863274
10328,38225.9845,0.9841929501863017
14993,38219.358,0.9842036632288408
15131,38217.884,0.9842143758582117
14556,38215.36350000001,0.9842250877810762
13379,38208.46399999999,0.9842357977699826
3068,38205.033,0.9842465067971656
17159,38192.1975,0.9842572122265055
4743,38180.2815,0.9842679143157418
7388,38155.242,0.9842786093863036
1998,38152.39450000001,0.9842893036586995
19356,38142.763,0.9842999952313466
7120,38139.085999999996,0.9843106857733155
6647,38115.205,0.9843213696213423
11836,38082.735,0.9843320443678951
2692,38041.759999999995,0.9843427076289878
2880,38004.0825,0.9843533603289228
17808,38002.6715,0.9843640126333489
3414,37987.465000000004,0.9843746606753307
13561,37970.56,0.9843853039787718
7188,37958.86,0.984395944002655
9270,37949.8335,0.9844065814963733
163,37914.0835,0.98441720896922
18825,37906.948000000004,0.984427834441957
10132,37865.6235,0.9844384483312675
10692,37829.1145,0.9844490519869558
6603,37793.495,0.9844596456583522
14272,37773.984000000004,0.9844702338607356
475,37766.184,0.9844808198767471
18614,37762.224,0.9844914047827543
17695,37761.8855,0.9845019895938786
13865,37753.2445,0.9845125719828952
6105,37732.996,0.9845231486961743
16752,37706.882,0.9845337180895923
1151,37690.659999999996,0.9845442829359172
12718,37665.7905,0.9845548408112196
16697,37662.13450000001,0.9845653976617301
13389,37639.538,0.9845759481783493
590,37634.9255,0.9845864974020657
16792,37612.794,0.9845970404222321
6094,37580.378,0.9846075743560608
14320,37561.139500000005,0.9846181028972594
7707,37517.2705,0.9846286191417977
11339,37485.674,0.9846391265297074
13768,37480.742,0.9846496325351576
8858,37444.073,0.9846601282621368
9819,37409.647,0.9846706143393672
12655,37389.7055,0.9846810948269136
116,37369.927,0.9846915697704655
12209,37348.64,0.984702038747184
15016,37340.334,0.9847125053956968
13842,37330.888,0.984722969396457
18280,37310.475,0.9847334276753698
4088,37281.36,0.9847438777932289
15779,37260.408,0.9847543220381566
16920,37233.254,0.984764758671707
12113,37229.354,0.9847751942120714
11223,37200.4545,0.9847856216517875
9191,37196.211,0.9847960479020333
3218,37178.821500000005,0.9848064692779309
8600,37174.106,0.9848168893320547
1955,37169.596,0.9848273081220069
14003,37147.829999999994,0.9848377208108603
14067,37147.596,0.9848481334341225
15158,37139.074,0.9848585436686331
1433,37112.460999999996,0.9848689464434109
14371,37092.3045,0.9848793435682394
6194,37080.693999999996,0.9848897374385969
1656,37013.242,0.9849001124018828
9587,37005.5685,0.9849104852142552
11346,36991.494999999995,0.9849208540817679
15437,36982.113,0.9849312203194676
12043,36977.496999999996,0.9849415852632836
175,36962.332,0.984951945956288
962,36947.4,0.9849623024637917
18418,36940.6305,0.9849726570737767
4881,36937.371,0.9849830107701105
68,36935.1075,0.9849933638319761
7813,36929.259999999995,0.9850037152547636
11272,36894.033,0.9850140568032786
4690,36889.16,0.9850243969858717
18586,36857.5375,0.9850347283045487
15551,36829.656,0.9850450518079271
12234,36813.441,0.9850553707661746
1341,36809.17,0.9850656885272433
14797,36800.477999999996,0.9850760038519087
14844,36798.691000000006,0.9850863186756709
3778,36793.053499999995,0.9850966319192186
16969,36789.67049999999,0.9851069442144975
3200,36780.515,0.9851172539434524
7324,36775.71,0.985127562325546
15782,36755.0055,0.9851378649040835
3293,36752.235499999995,0.9851481667061787
11488,36699.153,0.9851584536290318
18523,36687.677,0.985168737335115
15097,36665.704,0.9851790148820765
5433,36649.148,0.9851892877883233
9790,36642.168000000005,0.9851995587380477
6554,36621.622,0.985209823928644
7731,36616.56,0.985220087700341
12376,36614.7,0.9852303509506724
17610,36613.5725,0.985240613884961
10242,36566.2355,0.9852508635504945
1897,36559.462,0.9852611113173884
7474,36544.884000000005,0.985271354998009
8326,36533.15349999999,0.9852815953905226
12958,36520.409,0.9852918322107006
4595,36491.341,0.9853020608829992
9635,36472.380000000005,0.9853122842404519
1963,36448.86,0.9853225010051523
7313,36448.512,0.9853327176723068
11022,36403.57750000001,0.985342921744137
7297,36399.3245,0.985353124623834
6287,36393.606,0.9853633259006118
14334,36388.26,0.9853735256788841
7795,36363.6,0.9853837185448573
6449,36339.5395,0.985393904666574
9406,36331.38,0.9854040885011494
7913,36311.966,0.985414266893901
5030,36296.5095,0.9854244409541324
3806,36266.9865,0.9854346067389459
7206,36246.380000000005,0.9854447667476732
8304,36216.72900000001,0.9854549184451039
11568,36190.625,0.9854650628254764
9330,36182.001,0.9854752047885064
1378,36170.963,0.9854853436575397
2800,36161.973,0.9854954800066392
7552,36159.185,0.985505615574251
14611,36154.04,0.9855157496996982
2275,36151.1745,0.985525883021934
6942,36139.8055,0.9855360131573926
18262,36083.895500000006,0.9855461276210492
13380,36073.769,0.9855562392462065
1607,36061.596000000005,0.985566347459222
11373,36051.513000000006,0.9855764528459313
2793,36042.913499999995,0.9855865558221655
17612,36026.71,0.9855966542564923
2549,36003.697,0.9856067462401811
794,36000.3225,0.9856168372779837
11690,35985.41499999999,0.9856269241371529
17563,35982.668000000005,0.9856370102263269
11065,35980.517,0.9856470957125667
12134,35976.880000000005,0.9856571801793406
4377,35973.015,0.985667263562739
5624,35972.1645,0.9856773467077389
7210,35891.64,0.9856874072813917
3230,35831.289500000006,0.9856974509385522
12813,35806.08,0.9857074875293866
19760,35802.5965,0.9857175231437818
14410,35795.938,0.9857275568917722
18123,35795.0595,0.9857375903935154
10740,35780.682,0.9857476198651866
7411,35772.807,0.9857576471294629
17284,35745.856,0.9857676668392635
2901,35743.5665,0.985777685907308
1748,35742.172000000006,0.9857877045844683
16573,35674.9315,0.9857977044138412
8212,35666.776,0.9858077019571941
3656,35609.8065,0.9858176835317628
6838,35609.2345,0.9858276649459976
9059,35588.14750000001,0.98583764044946
12504,35578.037500000006,0.9858476131190479
15189,35573.038,0.9858575843872556
9315,35570.637500000004,0.9858675549825932
386,35558.2775,0.9858775221133723
15123,35550.273,0.9858874870004571
18414,35539.1,0.9858974487557044
6469,35530.743,0.9859074081684503
5860,35481.208,0.985917353696333
16148,35464.456000000006,0.9859272945285615
211,35463.5275,0.9859372351005277
4430,35457.443,0.9859471739669834
9933,35452.432,0.9859571114288355
11362,35443.866,0.9859670464896026
17243,35424.513999999996,0.9859769761259249
5363,35390.432,0.9859868962089231
14481,35345.039000000004,0.9859968035680775
17779,35340.914000000004,0.9860067097709776
8647,35339.2915,0.9860166155190841
8881,35338.832,0.986026521138391
11024,35331.729999999996,0.9860364247669782
4801,35328.22,0.986046327411698
4665,35319.078,0.9860562274938778
11409,35298.658,0.986066121852248
10917,35291.277,0.9860760141416935
14749,35272.4725,0.9860859011601608
17628,35254.68,0.9860957831913175
5556,35254.68,0.9861056652224741
9603,35245.3125,0.9861155446278822
15051,35224.686499999996,0.986125418251738
19257,35220.916999999994,0.9861352908189877
7398,35199.111999999994,0.9861451572742064
14282,35192.1575,0.9861550217800503
18981,35184.257,0.9861648840713517
10552,35181.819,0.9861747456792718
5388,35179.214,0.9861846065569997
5049,35128.744,0.9861944532877799
14124,35127.95,0.9862042997959987
7523,35118.023,0.9862141435216387
10825,35084.825,0.9862239779417433
13881,35045.15,0.9862338012407831
6783,35039.358499999995,0.9862436229164417
3184,35033.7965,0.9862534430330491
17072,35026.524000000005,0.9862632611111448
9340,35026.051499999994,0.9862730790567967
9232,35025.689,0.9862828969008386
4991,35009.381,0.9862927101736813
5815,35004.476,0.9863025220716322
7082,34999.733,0.9863123326401009
12264,34990.403999999995,0.9863221405936126
7037,34970.20199999999,0.9863319428844212
9409,34966.385,0.986341744105309
10911,34943.768000000004,0.986351538986559
10144,34887.5,0.9863613180956583
12364,34839.729999999996,0.986371083814631
14233,34817.004,0.9863808431634128
7372,34793.6855,0.9863905959759236
4620,34788.5715,0.9864003473549592
16177,34757.492,0.9864100900222837
9557,34753.398,0.9864198315420433
14976,34749.94350000001,0.9864295720934924
19246,34737.657999999996,0.9864393092012655
5899,34716.924,0.9864490404972135
11348,34712.6085,0.9864587705835092
1231,34690.1445,0.9864684943730536
16919,34678.544,0.9864782149109306
6994,34670.26,0.9864879331267684
6355,34664.0725,0.9864976496082246
6331,34653.3735,0.9865073630907073
10011,34643.61,0.9865170738364409
16654,34609.7555,0.9865267750926195
4597,34596.933,0.986536472754599
4908,34582.786,0.9865461664511164
14895,34515.840000000004,0.9865558413823958
10664,34514.49,0.9865655159352648
3944,34485.871,0.9865751824661108
6141,34469.538,0.98658484441875
11594,34458.799,0.9865945033612036
13369,34455.696,0.9866041614338736
6969,34442.8795,0.9866138159140262
10050,34433.850999999995,0.9866234678634532
17560,34425.3415,0.9866331174276325
2064,34412.708,0.9866427634505902
18742,34412.541000000005,0.9866524094267369
3501,34402.39,0.9866620525575168
14072,34370.979499999994,0.986671686883805
11134,34305.061499999996,0.9866813027330079
7081,34301.44,0.9866909175670895
2232,34300.483,0.98670053213292
14576,34299.86,0.9867101465241211
7224,34281.221999999994,0.9867197556910147
6533,34279.48,0.9867293643696183
5723,34272.4725,0.986738971083991
17993,34260.026,0.9867485743095589
1541,34248.593,0.9867581743304099
1699,34243.7095,0.9867677729823959
1698,34242.852,0.9867773713940213
11968,34190.9375,0.9867869552537998
15596,34183.079999999994,0.9867965369110887
9222,34170.985,0.9868061151780997
15191,34155.746,0.9868156891735564
15478,34094.925,0.986825246120638
17926,34073.9255,0.9868347971814736
12443,34064.3,0.9868443455442423
19968,34018.3665,0.9868538810316628
3787,34015.776,0.9868634157929556
16657,34001.529,0.9868729465607557
13266,33967.1115,0.9868824676811898
12943,33965.66499999999,0.986891988396164
4388,33951.263999999996,0.986901505074479
6190,33942.837,0.9869110193906714
10122,33922.028,0.9869205278740157
16231,33918.131,0.9869300352650152
3264,33912.8885,0.9869395411865205
2141,33896.784999999996,0.9869490425941486
12266,33893.7,0.9869585431370387
17982,33871.069,0.9869680373363667
11020,33860.709,0.9869775286317445
12258,33859.735,0.986987019654106
10194,33842.232,0.9869965057703048
8300,33841.611000000004,0.987005991712435
15487,33826.926999999996,0.9870154735385798
10894,33807.4605,0.9870249499081848
3406,33780.543,0.9870344187327046
4487,33744.8015,0.9870438775387353
8069,33735.248,0.9870533336668811
16794,33724.3985,0.9870627867538675
7643,33722.44350000001,0.9870722392928594
2814,33701.312,0.9870816859086052
6433,33696.380000000005,0.9870911311418914
2648,33683.57399999999,0.9871005727856033
17020,33679.26,0.9871100132200834
3347,33679.238,0.9871194536483967
1825,33677.71000000001,0.9871288936484054
9626,33663.154500000004,0.9871383295684479
5015,33655.666,0.9871477633894331
8356,33653.388499999994,0.9871571965720258
18963,33643.906,0.9871666270966349
15450,33638.138,0.98717605600445
15383,33627.615999999995,0.9871854819629055
8760,33613.78200000001,0.987194904043634
12154,33613.776,0.9872043261226807
18388,33613.776,0.9872137482017274
17770,33591.615,0.987223164068955
18544,33590.763999999996,0.9872325796976439
16080,33584.971,0.9872419937025312
11591,33573.593,0.9872514045181184
15120,33563.233,0.9872608124297553
11423,33551.2665,0.9872702169871331
5581,33522.562999999995,0.9872796134988026
18429,33503.66,0.9872890047118835
15869,33474.525,0.9872983877583048
18415,33463.288,0.987307767654949
3052,33455.4635,0.9873171453583537
19738,33433.147,0.9873265168063521
17315,33418.628,0.9873358841846153
11271,33411.200000000004,0.9873452494807797
16982,33404.551,0.9873546129132023
12728,33366.264,0.9873639656136219
17809,33356.590000000004,0.9873733156023797
19897,33355.01,0.9873826651482572
3290,33317.8275,0.9873920042717276
8050,33302.07,0.9874013389783062
12119,33272.725999999995,0.9874106654596414
15876,33249.909,0.9874199855452781
6128,33212.675,0.9874292951940723
11973,33205.6025,0.9874386028604156
113,33202.64000000001,0.9874479096963581
13074,33198.688,0.9874572154245388
2285,33181.043,0.9874665162067539
19199,33180.590000000004,0.9874758168619912
13559,33160.996999999996,0.9874851120252303
3950,33157.419,0.9874944061855413
12681,33148.7655,0.9875036979202408
6761,33136.9165,0.9875129863336172
757,33112.4975,0.9875222679022478
2562,33103.8695,0.9875315470524147
15276,33090.888,0.9875408225638141
10760,33065.623999999996,0.9875500909936108
5018,33062.6,0.9875593585757678
6311,33037.5815,0.9875686191451369
9042,33028.2165,0.9875778770894582
8460,32988.019,0.9875871237662556
12377,32971.0395,0.9875963656836296
17841,32949.2,0.9876056014793024
5963,32940.656,0.987614834880057
11109,32936.866,0.9876240672184591
9940,32932.0165,0.9876332981975264
15222,32921.001,0.987642526088904
13104,32907.983,0.9876517503312828
11258,32891.871,0.9876609700574022
12171,32884.304000000004,0.9876701876624603
17486,32882.4995,0.9876794047617098
19650,32848.8005,0.9876886124149916
18774,32840.914500000006,0.9876978178577954
15274,32836.972,0.9877070221955002
8606,32832.297,0.9877162252227835
8984,32825.16,0.9877254262495362
17358,32817.548,0.9877346251426143
15768,32809.865000000005,0.987743821882116
6682,32800.31,0.9877530159433121
9536,32763.219999999998,0.9877621996080292
6530,32754.983999999997,0.9877713809641621
47,32747.285499999998,0.9877805601623737
2479,32742.485999999997,0.9877897380152659
14495,32715.211999999996,0.9877989082231441
4549,32698.242,0.9878080736742619
5585,32684.676,0.9878172353227744
17963,32682.29,0.9878263963024814
4803,32670.538,0.9878355539880544
15860,32668.5925,0.9878447111282961
2976,32660.8,0.9878538660842681
14932,32660.414000000004,0.9878630209320426
14575,32596.208999999995,0.9878721577828927
8580,32589.465000000004,0.987881292743372
11876,32585.536,0.9878904266025365
12088,32573.420000000002,0.9878995570655366
18186,32572.735499999995,0.9879086873366685
7664,32539.690499999997,0.9879178083451516
2127,32522.449500000002,0.9879269245209119
18904,32516.61,0.9879360390598364
11628,32494.354,0.987945147360313
19047,32491.5455,0.9879542548735555
14323,32474.8595,0.9879633577096438
8102,32473.53,0.987972460173068
16788,32453.701999999997,0.9879815570786226
6747,32418.199,0.9879906440325408
13304,32406.4625,0.98799972769667
13610,32389.085,0.9880088064898148
427,32346.431999999997,0.9880178733271492
1643,32283.5535,0.9880269225393825
8763,32280.555999999997,0.9880359709114043
15689,32269.0965,0.9880450160712813
19853,32265.268000000004,0.988054060158014
16564,32255.851,0.9880631016051231
8234,32234.0265,0.9880721369347355
19941,32222.438000000002,0.9880811690160439
13480,32210.9165,0.9880901978678287
19805,32204.545,0.988099224933656
19423,32192.517,0.9881082486279856
10990,32188.77,0.9881172712720158
4661,32186.57,0.9881262932993768
1740,32182.968,0.9881353143170827
13544,32180.91,0.9881443347579225
23,32166.989,0.9881533512966492
9544,32139.2435,0.9881623600581986
5344,32122.832000000002,0.9881713642195373
1736,32113.818999999996,0.9881803658544951
7612,32104.786,0.9881893649574661
2874,32088.9795,0.9881983596298105
14978,32084.7895,0.9882073531276807
6562,32082.131999999998,0.9882163458806428
3588,32076.614999999998,0.9882253370871672
11969,32061.608000000004,0.9882343240871679
1641,32056.34,0.9882433096105269
2339,32038.871,0.9882522902372535
18361,32035.91,0.9882612700339997
17849,32009.706,0.9882702424856573
11084,32008.06,0.9882792144759346
18776,32008.06,0.9882881864662117
12620,31956.4,0.9882971439759795
6980,31951.016,0.9883060999765898
16560,31941.532,0.9883150533187962
128,31898.6435,0.9883239946391804
2679,31898.038000000004,0.9883329357898405
16273,31879.550000000003,0.9883418717582386
13662,31854.224,0.9883508006276551
1097,31848.24,0.9883597278197318
6722,31842.716999999997,0.9883686534636891
16853,31838.945000000003,0.9883775780503394
14834,31835.788,0.9883865017520697
19245,31780.552000000007,0.9883954099709229
7895,31766.467999999997,0.9884043142419733
1628,31755.9825,0.988413215573895
10417,31748.558499999996,0.9884221148248392
5906,31720.192,0.9884310061245373
1504,31670.85,0.9884398835934708
1058,31659.424,0.9884487578596496
17359,31640.964999999997,0.9884576269516953
2858,31624.895,0.988466491539254
11319,31557.856,0.9884753373355066
17679,31555.716500000002,0.9884841825320485
7156,31555.099000000002,0.9884930275555027
2535,31546.595,0.9885018701952509
3986,31538.144,0.9885107104661492
8391,31516.752999999997,0.9885195447410625
7973,31505.5,0.9885283758617139
10604,31505.5,0.9885372069823655
2531,31505.5,0.9885460381030169
10780,31501.651999999995,0.9885548681450581
14652,31492.728,0.9885636956856657
18724,31491.25,0.9885725228119838
8696,31475.662,0.9885813455689216
5301,31461.83,0.9885901644486933
720,31461.435,0.9885989832177448
3662,31461.435,0.9886078019867962
5003,31440.14,0.988616614786772
16205,31409.95,0.9886254191243672
17977,31405.684,0.9886342222661851
4210,31399.964,0.9886430238046636
19834,31386.666,0.9886518216156582
15680,31386.359,0.9886606193405997
2292,31385.395,0.9886694167953278
13278,31376.317499999997,0.9886782117055956
4940,31326.483500000002,0.9886869926471891
14732,31324.52,0.9886957730384054
5236,31324.183000000005,0.9887045533351594
4148,31324.183000000005,0.9887133336319133
2047,31320.894999999997,0.9887221130070274
18468,31313.271,0.988730890245103
5766,31296.125,0.9887396626770846
18290,31261.369000000002,0.9887484253668171
15958,31231.929999999997,0.9887571798046774
6278,31231.818499999998,0.9887659342112837
791,31196.362999999998,0.9887746786795683
7421,31182.061999999998,0.9887834191392239
654,31165.670000000002,0.9887921550041349
5010,31159.105499999998,0.9888008890289897
17929,31151.979,0.9888096210562574
10690,31150.584,0.9888183526925007
17489,31141.216000000004,0.9888270817028554
18712,31124.502,0.9888358060282074
9700,31092.0565,0.9888445212589528
8651,31084.29,0.9888532343127167
13077,31064.093,0.9888619417051786
8017,31061.681999999997,0.9888706484218274
7742,31031.406,0.9888793466519895
5285,30978.09,0.9888880299374584
14037,30971.81,0.9888967114626176
2323,30967.264000000003,0.9889053917135143
823,30965.787,0.988914071550402
16450,30953.355,0.9889227479025492
12831,30951.071000000004,0.9889314236144818
15909,30951.036,0.9889400993166036
1158,30922.606,0.9889487670496802
2242,30911.11,0.9889574315603809
429,30903.7735,0.9889660940146305
7752,30903.103499999997,0.9889747562810765
11501,30889.466999999997,0.9889834147251556
9744,30885.081,0.988992071939821
17080,30883.517,0.9890007287160908
14343,30877.732,0.9890093838708013
15915,30870.594,0.9890180370247013
12734,30865.671000000002,0.9890266887986642
16766,30858.523999999998,0.9890353385692937
19990,30857.470999999998,0.9890439880447631
6447,30841.480000000003,0.9890526330378897
1255,30814.6535,0.9890612705114384
17007,30792.267499999994,0.9890699017100998
1455,30762.126,0.9890785244599751
2905,30762.0685,0.9890871471937331
10212,30754.1495,0.989095767707763
17914,30754.117499999997,0.989104388212823
14805,30732.731999999996,0.9891130027234398
3113,30722.338499999998,0.9891216143207161
17069,30717.302500000005,0.9891302245063809
9354,30706.7035,0.9891388317211026
5619,30703.881999999998,0.9891474381449463
8806,30690.309999999998,0.9891560407645029
3625,30655.8665,0.9891646337294053
16456,30655.8315,0.9891732266844973
3432,30649.835999999996,0.9891818179590258
6864,30589.170499999997,0.9891903922287664
14893,30578.346,0.9891989634643554
1992,30575.94,0.9892075340255327
16431,30562.199999999997,0.9892161007353316
11514,30557.874000000003,0.9892246662325352
12752,30555.434,0.9892332310457967
16677,30545.7815,0.989241793153423
12336,30541.166,0.9892503539673057
17794,30531.608000000004,0.9892589121020418
4619,30519.179,0.9892674667528782
8944,30512.793999999998,0.9892760196139733
16672,30500.108,0.9892845689191303
17343,30499.246000000003,0.9892931179826654
16018,30496.072999999997,0.9893016661567955
550,30478.3735,0.9893102093696833
5614,30466.675,0.9893187493034338
16199,30463.683,0.9893272883985144
5269,30428.083,0.9893358175147692
718,30398.788500000002,0.9893443384196555
8135,30388.87,0.9893528565443458
8650,30380.921,0.989361372440899
1021,30328.100000000002,0.9893698735315094
10387,30302.97,0.9893783675780778
5568,30301.68,0.9893868612630542
17231,30245.097,0.9893953390875839
613,30167.8,0.9894037952454481
6097,30166.89,0.9894122511482355
15919,30135.6425,0.9894206982922207
12562,30082.237,0.9894291304664256
18481,30081.326,0.9894375623852735
3989,30077.978499999997,0.9894459933658033
4224,30045.658,0.9894544152867647
1278,30045.353000000003,0.9894628371222334
9875,30028.063500000004,0.9894712541113844
18654,30027.578,0.9894796709644478
9811,30020.796000000002,0.9894880859164888
15470,30003.318999999996,0.989496495969655
19884,30000.934,0.9895049053542961
6389,29930.222,0.9895132949180742
7240,29930.076,0.9895216844409278
15155,29913.532,0.9895300693264304
1190,29896.519999999997,0.9895384494433997
18489,29883.599,0.9895468259385599
18368,29858.33,0.9895551953507158
346,29850.838999999996,0.9895635626631138
17652,29827.344,0.9895719233897672
16337,29766.803,0.9895802671465302
488,29765.8185,0.989588610627334
6274,29740.398,0.9895969469826674
8423,29721.219,0.9896052779620487
16416,29721.1,0.9896136089080737
18307,29719.191000000003,0.9896219393189983
19011,29701.919500000004,0.9896302648886507
10699,29686.310999999998,0.9896385860831766
7057,29680.430499999995,0.9896469056293743
9405,29655.568,0.9896552182065114
431,29652.222999999998,0.9896635298460313
11397,29637.679500000006,0.9896718374089487
9972,29637.629999999997,0.9896801449579911
14125,29625.644000000004,0.9896884491473086
10765,29621.627999999997,0.9896967522109247
3302,29604.732,0.9897050505385229
19206,29578.770000000004,0.9897133415888661
9332,29552.828,0.9897216253675606
14584,29549.394,0.9897299081836909
1983,29544.0965,0.9897381895149101
10507,29523.22,0.9897464649943609
8193,29506.585,0.9897547358109532
4662,29498.5865,0.9897630043855331
18525,29492.13949999999,0.9897712711529926
3933,29484.1,0.9897795356669472
10784,29444.8615,0.9897877891821897
12304,29442.797,0.9897960421187443
12114,29397.966500000002,0.9898042824891262
6504,29397.783,0.9898125228080723
6371,29358.817,0.9898207522046891
1382,29341.847,0.9898289768445454
15783,29329.443,0.9898371980075097
6332,29329.252500000002,0.9898454191170761
3795,29321.144,0.9898536379537968
15985,29320.753500000003,0.9898618566810586
3529,29313.54,0.9898700733863469
1272,29302.57,0.9898782870166993
13442,29265.498,0.9898864902556184
11349,29250.915,0.9898946894068628
17183,29244.957000000002,0.9899028868880553
14257,29233.298000000003,0.9899110811011823
1744,29210.06,0.9899192688006029
19223,29208.68,0.9899274561132039
4996,29205.686500000003,0.9899356425867145
3840,29198.480500000005,0.9899438270403539
16959,29185.179,0.9899520077655283
16162,29182.684,0.989960187791344
3544,29179.494,0.9899683669229896
16721,29176.440000000002,0.9899765451985866
18531,29161.08,0.9899847191687126
15845,29161.08,0.9899928931388385
1062,29116.293,0.9900010545549852
10874,29114.6305,0.9900092155051262
16482,29108.610999999997,0.9900173747679767
1184,29078.68999999999,0.9900255256438484
7546,29072.648,0.9900336748261227
4349,29048.252500000002,0.9900418171702385
9243,29047.787500000002,0.9900499593840129
13127,29040.152,0.9900580994575253
9513,29027.812,0.9900662360720853
8403,29018.8045,0.9900743701618061
8374,29011.68,0.9900825022545005
19099,29008.43,0.9900906334362064
3561,28993.1025,0.9900987603215513
5172,28987.427999999996,0.9901068856163108
18740,28975.299500000005,0.9901150075114019
1430,28957.89,0.990123124526539
11142,28945.251000000004,0.9901312379989126
9773,28935.2155,0.9901393486582944
14195,28932.2805,0.9901474584949838
4608,28893.385000000002,0.9901555574291052
8620,28873.964,0.9901636509194409
3563,28859.7725,0.990171740431841
7499,28841.123,0.99017982471671
10287,28810.372999999996,0.9901879003822279
6525,28809.388000000003,0.9901959757716463
3199,28785.819000000003,0.9902040445545774
15641,28776.8375,0.9902121108199575
6429,28770.643,0.9902201753489938
9426,28760.760000000002,0.9902282371077847
14653,28749.4,0.9902362956823212
9831,28744.35,0.9902443528413218
10270,28743.408,0.9902524097362762
6715,28710.41,0.9902604573817558
12269,28694.392999999996,0.990268500537605
14567,28693.627,0.990276543478741
11528,28678.165,0.9902845820858152
3229,28642.1155,0.990292610588067
1651,28611.197500000002,0.9903006304238767
2633,28600.8235,0.9903086473518119
19030,28573.915999999997,0.9903166567374645
8740,28571.4945,0.9903246654443608
10286,28559.78,0.9903326708676349
13949,28556.599000000002,0.9903406753992615
19894,28556.27,0.9903486798386681
13898,28555.729,0.9903566841264303
19739,28552.896,0.9903646876200908
2000,28544.98,0.9903726888948642
12901,28542.252999999997,0.9903806894052483
9295,28540.198000000004,0.9903886893396074
9739,28533.811499999996,0.9903966874838046
6957,28498.477,0.9904046757235967
18243,28402.521999999997,0.9904126370668094
70,28391.95,0.9904205954466471
15509,28391.95,0.9904285538264848
8590,28379.71,0.9904365087754005
14686,28370.311,0.9904444610897379
15849,28368.323000000015,0.9904524128468308
63,28357.72,0.9904603616318595
8810,28354.95,0.9904683096404456
14787,28323.735999999997,0.9904762488996199
13412,28318.4285,0.9904841866710803
14812,28295.0435,0.9904921178876294
16515,28288.767,0.9905000473448498
19592,28287.261,0.9905079763799323
19495,28258.981,0.9905158974880148
10489,28246.2575,0.9905238150296484
2957,28240.578,0.9905317309792948
14907,28216.971,0.9905396403118025
2422,28212.635,0.9905475484289116
5356,28209.752999999997,0.9905554557381843
7403,28196.47,0.9905633593241775
16362,28192.296000000002,0.9905712617401816
5955,28192.068,0.9905791640922763
2778,28173.9315,0.9905870613606359
928,28171.435999999998,0.9905949579294965
1823,28149.705,0.9906028484070689
10861,28072.218,0.9906107171647179
5059,28043.8935,0.9906185779828935
13541,28014.888,0.9906264306707089
17543,28002.196,0.9906342798009046
15427,27994.729999999996,0.99064212683835
6804,27976.318500000005,0.9906499687149765
13143,27967.994,0.9906578082582115
16000,27967.33,0.9906656476153246
6646,27939.138,0.9906734790701047
2603,27935.505000000005,0.9906813095065401
13703,27918.45,0.9906891351623891
6817,27918.45,0.990696960818238
9910,27918.45,0.990704786474087
7908,27918.45,0.9907126121299359
17801,27909.016000000003,0.9907204351413961
18811,27879.208000000002,0.9907282497975518
12204,27876.7425,0.9907360637626178
4503,27865.222,0.9907438744984405
3660,27830.916,0.9907516756181508
17370,27820.82,0.9907594739079111
5961,27819.085000000003,0.9907672717113438
17295,27800.580500000004,0.9907750643278894
10768,27790.237,0.9907828540451095
2280,27779.32,0.9907906407022499
18729,27761.5635,0.9907984223821705
8838,27753.650999999998,0.9908062018441851
17532,27712.675,0.9908139698204591
902,27711.038500000002,0.9908217373380153
8880,27710.976000000002,0.9908295048380525
394,27709.8035,0.9908372720094334
19364,27704.788,0.9908450377749489
12256,27701.309,0.9908528025652865
5062,27673.913,0.9908605596764132
2862,27649.723,0.9908683100069838
9705,27646.896999999997,0.990876059545415
15806,27617.596,0.990883800870656
11899,27606.917499999996,0.9908915392026697
6240,27594.359999999997,0.9908992740147646
7877,27585.011,0.9909070062062968
12254,27573.241499999996,0.9909147350987897
16823,27564.041999999998,0.9909224614126251
19932,27562.768,0.9909301873693532
10581,27552.164999999994,0.9909379103540169
19203,27535.841999999997,0.9909456287632769
4448,27509.34,0.9909533397439179
9153,27475.013,0.99096104110256
16782,27472.082000000002,0.9909687416396309
7347,27451.979,0.9909764365417486
19377,27418.370000000003,0.990984122023126
14721,27374.8975,0.9909917953189836
12224,27358.692500000005,0.9909994640725135
16185,27341.4,0.9910071279788848
8959,27331.728,0.9910147891741549
18295,27331.61,0.9910224503363491
17738,27323.747999999996,0.9910301092947924
17156,27311.816,0.9910377649086474
7568,27303.769499999995,0.9910454182670353
13435,27298.064,0.9910530700261483
7916,27254.925000000003,0.991060709693223
5759,27239.6855,0.9910683450886034
15803,27238.856,0.9910759802514716
11705,27232.427,0.9910836136122647
7119,27218.41,0.9910912430440354
16993,27217.576999999997,0.9910988722423127
5625,27215.673,0.991106500906891
4776,27210.614999999998,0.9911141281536912
14902,27206.855000000003,0.991121754346548
6418,27202.697,0.9911293793739004
10544,27201.6435,0.9911370041059525
18736,27200.36,0.9911446284782343
12624,27192.655,0.991152250690773
8442,27187.016,0.9911598713226768
15554,27176.25,0.9911674889368268
15699,27174.92,0.9911751061781724
17170,27170.49549999999,0.9911827221793126
18706,27150.504999999997,0.9911903325770337
16705,27111.647999999997,0.9911979320829786
8055,27108.830500000004,0.9912055307991667
15878,27100.84,0.991213127275585
11798,27097.832000000002,0.9912207229088484
2307,27082.911,0.9912283143596945
18759,27081.910000000003,0.9912359055299562
11961,27076.085999999996,0.9912434950677269
9999,27070.638,0.9912510830784009
14807,27070.327,0.9912586710019003
274,27046.329999999998,0.9912662521989424
14198,27039.1765,0.991273831390829
12844,26994.5345,0.9912813980693804
11759,26981.719,0.9912889611556945
13220,26972.3525,0.9912965216165405
4666,26969.99,0.9913040814151679
1633,26946.7105,0.9913116346884561
9179,26942.457499999997,0.9913191867696111
11535,26939.834000000003,0.9913267381153883
19009,26935.647999999997,0.9913342882878124
10192,26935.263,0.9913418383523197
12279,26912.246,0.9913493819650675
42,26891.643500000002,0.9913569198028501
10365,26887.304,0.9913644564242532
8363,26870.777000000002,0.9913719884130706
3573,26861.327999999998,0.9913795177532946
10420,26829.305,0.9913870381173404
6146,26810.955,0.9913945533378062
474,26794.77,0.9914020640215502
19855,26779.675,0.9914095704741039
2659,26778.16,0.991417076501997
4679,26775.06,0.9914245816609473
8842,26769.897,0.9914320853726875
5740,26759.6,0.9914395861981364
4760,26759.6,0.9914470870235854
5588,26759.6,0.9914545878490344
11883,26753.265,0.991462086898757
18583,26740.819,0.9914695824598148
8376,26740.277,0.9914770778689477
16454,26740.277,0.9914845732780807
7073,26727.564,0.9914920651237078
7064,26689.658,0.9914995463441278
16439,26683.2,0.9915070257543439
19150,26663.944,0.9915144997670244
9058,26660.196,0.9915219727291252
11812,26649.846,0.9915294427900787
5691,26638.797,0.9915369097539523
2433,26634.498,0.9915443755127984
11302,26620.2215,0.9915518372698832
5831,26619.379999999997,0.9915592987910921
17553,26608.391999999996,0.9915667572323197
4286,26578.66,0.9915742073395457
10173,26562.146,0.9915816528178301
15008,26560.7775,0.9915890979125183
17743,26540.76,0.9915965373962192
13742,26528.018000000004,0.9916039733082855
16039,26522.5275,0.9916114076813421
4270,26504.838499999998,0.9916188370960995
15387,26490.568,0.9916262625107773
7570,26488.867,0.991633687448658
17677,26447.21,0.9916411007099108
1751,26436.519999999997,0.9916485109747131
14317,26432.629,0.991655920148852
16630,26426.25,0.991663327534931
19459,26422.3795,0.9916707338360932
15733,26406.300499999998,0.9916781356302456
6314,26400.626,0.9916855358338126
11381,26390.645999999997,0.9916929332399447
13163,26382.82,0.9917003284524171
10531,26376.831,0.991707721986148
10089,26362.557,0.9917151115188185
9312,26316.357500000002,0.9917224881015799
8845,26310.428,0.9917298630222782
15102,26307.6425,0.9917372371621893
12056,26297.0,0.9917446083189642
8106,26285.344500000003,0.9917519762086546
19041,26269.127500000002,0.9917593395526537
6858,26245.9685,0.9917666964050902
19342,26244.972,0.9917740529782036
14100,26242.8985,0.9917814089701066
9935,26221.819,0.9917887590533392
6754,26219.722999999998,0.9917961085490546
441,26213.536,0.9918034563105285
15316,26181.891,0.9918107952017793
4721,26159.038500000002,0.9918181276873808
623,26147.498,0.9918254569381328
11693,26141.894499999995,0.9918327846182009
15911,26141.536999999997,0.9918401121980605
4642,26127.076,0.9918474357244423
19903,26124.185999999998,0.9918547584407454
19725,26093.071,0.9918620724353866
13928,26082.3255,0.9918693834180201
7062,26064.65,0.9918766894461386
11158,26064.65,0.9918839954742572
16728,26064.65,0.9918913015023757
14212,26036.061,0.9918985995168804
1972,26035.1155,0.9919058972663576
6382,26004.353499999997,0.9919131863931202
18319,26002.2415,0.9919204749278806
9858,25990.225,0.9919277600943669
4109,25979.45,0.9919350422405765
1297,25974.7915,0.9919423230809895
9378,25956.656,0.9919495988379476
19900,25949.68,0.9919568726395043
3201,25921.28,0.9919641384804249
17529,25910.744000000002,0.9919714013680614
5212,25907.528,0.9919786633542399
17931,25865.593,0.9919859135858662
19465,25851.357,0.9919931598270834
4667,25846.7715,0.9920004047829662
3076,25833.0425,0.9920076458905542
6378,25820.4385,0.9920148834651893
12780,25817.09,0.9920221201012261
8943,25817.09,0.992029356737263
10677,25817.09,0.9920365933733
865,25812.336,0.9920438286767711
3825,25793.992,0.992051058838344
12482,25789.146500000003,0.9920582876417035
12767,25784.306,0.9920655150882509
7723,25784.059,0.9920727424655632
393,25781.256,0.9920799690571831
6167,25767.232500000002,0.9920871917179586
14661,25706.032,0.9920943972239833
17683,25659.701999999997,0.9921015897435194
4348,25657.723499999996,0.9921087817084737
17331,25650.8865,0.9921159717569888
10925,25637.6995,0.9921231581091341
7348,25633.884,0.992130343391779
10781,25632.956,0.9921375284143016
11460,25577.338000000003,0.9921446978468711
6598,25573.3455,0.9921518661603266
2647,25567.453999999998,0.9921590328223705
2237,25552.755,0.9921661953642245
6286,25537.366,0.9921733535924788
7698,25534.834000000003,0.9921805111110032
411,25507.814000000002,0.992187661055711
5649,25487.270000000004,0.9921948052418513
11974,25481.213499999998,0.99220194773033
8895,25440.2815,0.9922090787454013
1712,25440.1925,0.9922162097355257
8898,25414.2625,0.9922233334573649
12403,25402.784499999998,0.9922304539618737
19429,25390.96,0.9922375711519267
3800,25384.797000000002,0.9922446866144656
10180,25377.573,0.9922518000520877
11927,25376.165,0.9922589130950417
5467,25327.8445,0.9922660125935616
14114,25327.1425,0.9922731118953081
12422,25326.931,0.9922802111377703
5991,25319.350499999997,0.9922873082553872
4886,25296.691,0.9922943990214536
180,25261.058,0.9923014797994442
19529,25239.30049999999,0.9923085544787184
1940,25222.339500000002,0.9923156244037548
4056,25210.1335,0.9923226909073994
12467,25204.4,0.9923297558039207
17189,25153.260000000002,0.9923368063656904
540,25065.574,0.9923438323487154
6642,25030.479,0.9923508484944681
15178,25015.9,0.9923578605536674
10830,25005.694,0.992364869752083
10257,25002.795,0.9923718781378973
13999,25002.77,0.9923788865167038
4376,24997.45,0.9923858934042925
18916,24957.315000000002,0.9923928890418765
10865,24946.63,0.9923998816844112
16785,24944.86,0.9924068738308077
17199,24943.98,0.9924138657305365
12092,24940.972,0.9924208567871107
1768,24940.956,0.9924278478391999
10835,24940.347500000003,0.992434838720724
5617,24927.8875,0.9924418261096591
10717,24907.4025,0.9924488077565651
3078,24880.831000000002,0.9924557819553705
5452,24863.7345,0.9924627513619572
14522,24847.648,0.9924697162594319
17130,24845.256999999998,0.9924766804866996
17536,24844.193,0.9924836444157237
16992,24842.071,0.9924906077499426
19175,24834.059999999998,0.9924975688386454
17619,24814.138,0.99250452434313
5653,24803.971999999998,0.9925114769980431
901,24800.63,0.99251842871618
15173,24793.8075,0.9925253785219422
9394,24784.727,0.9925323257824031
3179,24781.814,0.9925392722263382
2643,24772.71,0.9925462161183848
2759,24772.71,0.9925531600104314
13819,24772.71,0.992560103902478
6844,24761.417500000003,0.9925670446291905
3434,24757.552,0.9925739842723876
7138,24755.852,0.9925809234390678
15921,24744.327,0.9925878593752433
18722,24732.8645,0.992594792098433
12648,24699.339,0.992601715424288
9246,24692.453999999998,0.9926086368202491
15594,24680.523,0.992615554871902
11782,24666.635499999997,0.992622469030832
3350,24657.98,0.9926293807635898
5599,24639.158,0.9926362872204638
4245,24635.58,0.9926431926744099
7864,24624.054,0.992650094897571
15537,24597.009,0.9926569895399078
12990,24571.9365,0.9926638771543201
4651,24561.280499999993,0.9926707617818121
12733,24560.923,0.9926776463090954
9618,24560.703999999998,0.9926845307749921
943,24556.031500000012,0.9926914139311679
5092,24555.196000000025,0.9926982968531496
6962,24518.854,0.99270516958832
11845,24498.431,0.9927120365988399
10418,24437.745000000003,0.9927188865988253
16100,24431.305,0.9927257347936524
7655,24429.266,0.9927325824169395
19970,24409.04,0.992739424370796
18303,24409.04,0.9927462663246525
8366,24406.930500000002,0.9927531076872075
7872,24405.370499999997,0.9927599486124881
9743,24378.111,0.9927667818968192
11988,24374.635500000004,0.9927736142069535
16303,24368.267999999996,0.9927804447322515
4488,24333.373,0.9927872654763381
5054,24329.386,0.9927940851028523
2261,24318.721999999998,0.9928009017402035
12700,24311.095999999998,0.9928077162399559
3448,24288.064,0.9928145242837443
4782,24286.869,0.9928213319925692
5219,24284.868499999997,0.9928281391406458
15644,24282.031,0.9928349454933596
3287,24256.810999999998,0.9928417447768041
1717,24241.012000000002,0.9928485396317241
12711,24219.72,0.9928553285184094
10137,24212.403000000002,0.9928621153541096
7441,24210.0,0.9928689015162392
4637,24198.768,0.9928756845299931
12265,24180.231,0.99288246234775
3237,24158.123499999998,0.9928892339686841
19122,24153.51,0.9928960042964354
740,24149.525999999998,0.992902773507455
12509,24135.072999999997,0.9929095386672396
6279,24118.831499999993,0.9929162992744653
8048,24106.8845,0.992923056532898
2379,24097.554,0.9929298111759532
583,24097.554,0.9929365658190085
10836,24093.222,0.9929433192477864
15347,24083.64,0.9929500699906906
7068,24082.329,0.992956820366116
9927,24078.103,0.9929635695569764
131,24063.534,0.9929703146640864
3528,24057.4165,0.9929770580564361
19782,24053.456,0.9929838003386414
13815,24036.091999999997,0.9929905377536464
19291,24017.317,0.9929972699059421
687,24017.083,0.9930040019926466
7109,24013.21,0.9930107329937333
5235,24001.064,0.9930174605902465
12769,23962.974000000002,0.9930241775099768
15284,23957.786,0.9930308929754893
14767,23954.1685,0.9930376074270019
18450,23925.820499999998,0.9930443139324538
19772,23924.795499999997,0.9930510201505942
16973,23921.629,0.9930577254811517
4013,23903.612999999998,0.9930644257617506
14462,23882.404000000002,0.9930711200973799
10744,23876.735999999997,0.9930778128442456
3011,23867.175,0.9930845029111239
13710,23865.8135,0.9930911925963681
3017,23856.494000000002,0.9930978796693184
15263,23824.880999999998,0.9931045578810154
7442,23824.356,0.9931112359455526
12243,23819.357,0.9931179126088496
10053,23817.578,0.9931245887734858
10013,23817.578,0.9931312649381219
11079,23774.026,0.9931379288949541
1137,23767.087499999998,0.9931445909068963
12708,23764.184,0.9931512521049756
15605,23758.9,0.993157911821928
7234,23743.091999999997,0.9931645671078334
19676,23733.233,0.9931712196302206
13374,23730.682500000003,0.9931778714376922
14523,23717.175499999998,0.9931845194590965
5366,23671.035000000003,0.9931911545471296
12931,23668.12,0.9931977888180763
4899,23605.637999999995,0.9932044055750626
1918,23575.12,0.9932110137777285
1887,23571.672,0.9932176210139059
12513,23570.739500000003,0.9932242279886998
4176,23562.807999999997,0.9932308327402617
18284,23522.114,0.9932374260851288
4244,23502.74,0.9932440139993843
17144,23457.12,0.993250589126167
14208,23457.12,0.9932571642529499
15292,23450.0995,0.9932637374118578
490,23413.9145,0.993270300427962
1533,23387.5015,0.9932768560403943
6437,23382.774000000005,0.9932834103276889
14327,23373.319499999998,0.9932899619648484
19232,23358.927499999998,0.9932965095678713
13256,23351.845,0.9933030551856405
4810,23347.3305,0.9933095995379769
18487,23328.864,0.9933161387140778
4858,23328.864,0.9933226778901785
11374,23320.972,0.9933292148541194
19975,23309.52,0.9933357486080179
12143,23309.52,0.9933422823619164
3664,23298.69,0.9933488130801214
18150,23296.2655,0.9933553431187292
10666,23293.52,0.9933618723877622
12750,23291.092,0.9933684009762167
19501,23288.445,0.9933749288227064
2467,23288.248,0.9933814566139761
16939,23284.782,0.9933879834337119
11960,23261.769500000002,0.9933945038029496
3467,23259.065,0.993401023414105
7425,23246.6285,0.9934075395392584
19279,23241.428,0.9934140542066905
2865,23235.381,0.9934205671791236
9233,23223.879500000003,0.9934270769276392
5485,23220.877,0.9934335858345418
18267,23210.371499999997,0.9934400917967097
11384,23157.7675,0.993446583013761
15736,23147.369999999995,0.9934530713163504
11634,23143.9665,0.9934595586649249
2962,23128.0545,0.9934660415533006
6958,23126.886,0.9934725241141411
840,23068.679999999993,0.9934789903596014
5132,23051.91,0.993485451904362
3162,23045.642,0.9934919116921765
6553,23034.594,0.9934983683831915
3970,23005.341500000002,0.9935048168746108
600,22982.375,0.9935112589284262
10424,22978.386,0.9935176998641086
17523,22974.355,0.9935241396698852
2782,22963.597999999998,0.9935305764604306
1951,22958.6515,0.9935370118644519
6979,22929.190499999997,0.9935434390104342
5,22924.4915,0.9935498648392674
11334,22863.4145,0.9935562735479677
10016,22863.3,0.9935626822245731
6719,22861.6425,0.9935690904365744
319,22840.0425,0.9935754925940072
13168,22831.019999999997,0.9935818922223965
6983,22825.690000000002,0.9935882903567648
13693,22803.650999999998,0.9935946823135112
16286,22794.192000000003,0.9936010716188612
9716,22776.11,0.9936074558557526
12712,22768.0775,0.9936138378411012
15293,22757.117,0.993620216754177
6132,22748.624,0.9936265932866299
11841,22738.29,0.9936329669224204
13459,22735.65,0.9936393398182082
5506,22713.56,0.9936457065220784
16609,22711.458499999997,0.9936520726368895
14147,22693.3125,0.9936584336653026
18086,22693.1655,0.993664794652511
15087,22690.593000000008,0.9936711549186371
6246,22677.6145,0.9936775115468365
3176,22677.346500000003,0.9936838680999144
5651,22665.111,0.9936902212233315
7071,22663.157,0.9936965737990345
6354,22651.64,0.9937029231464751
961,22648.458000000002,0.9937092716019883
12834,22647.875999999997,0.9937156198943643
18592,22623.3145,0.9937219613020514
19999,22620.1875,0.9937283018332275
8630,22595.67,0.9937346354920481
18311,22530.454999999998,0.993740950870837
7507,22518.128,0.9937472627943174
2961,22482.261499999997,0.993753564664271
7128,22478.299,0.9937598654235196
16019,22470.504500000003,0.9937661639979379
16637,22462.114,0.9937724602204647
5851,22452.003999999997,0.9937787536091173
11807,22450.374,0.9937850465408741
19962,22450.374,0.9937913394726309
12131,22448.278,0.9937976318168702
247,22435.71,0.9938039206382479
15839,22401.112999999998,0.9938101997619446
10035,22362.878,0.9938164681682142
10263,22337.4835,0.9938227294563017
8140,22323.499,0.9938289868244765
12827,22302.826,0.9938352383979248
799,22295.439,0.9938414879007668
16879,22295.439,0.9938477374036087
531,22262.596499999996,0.9938539777005634
18012,22253.415,0.9938602154239059
15786,22240.805500000002,0.9938664496127542
16061,22227.7365,0.993872680138308
3587,22192.958,0.9938789009153061
13222,22190.491,0.9938851210007938
6541,22189.251,0.9938913407387046
12172,22175.944000000003,0.9938975567466086
7345,22167.485999999997,0.9939037703837007
16352,22165.1675,0.9939099833709077
8549,22154.9525,0.9939161934948084
1815,22144.044,0.993922400561012
17755,22134.619,0.9939286049853494
830,22129.6885,0.9939348080276474
13624,22092.265,0.9939410005799852
18809,22084.351499999997,0.9939471909141366
16896,22081.4485,0.9939533804345652
6255,22064.855000000003,0.9939595653037677
9613,22007.0375,0.9939657339664884
2677,21998.4,0.9939719002080822
15359,21982.31,0.9939780619395834
11509,21982.31,0.9939842236710844
7596,21982.31,0.9939903854025854
11135,21977.7975,0.9939965458692144
6143,21959.592,0.994002701232767
10104,21948.057,0.9940088533630119
15485,21943.68,0.9940150042663658
13,21934.92,0.9940211527142558
6258,21909.137000000002,0.9940272939350655
13265,21902.546,0.9940334333083908
4586,21899.1705,0.9940395717355495
16890,21896.852,0.9940457095128233
13606,21868.264,0.9940518392767637
6592,21857.88,0.9940579661300263
14081,21843.927499999998,0.9940640890723459
18076,21833.69,0.9940702091450524
7898,21829.044,0.9940763279154662
6318,21826.41,0.9940824459475589
16336,21812.722,0.9940885601428492
6799,21779.376,0.9940946649911191
11116,21774.728,0.9941007685365357
3565,21758.552,0.9941068675477532
855,21732.903000000002,0.9941129593694509
1901,21724.072,0.9941190487157833
15004,21708.1,0.9941251335850985
5234,21693.07,0.9941312142414434
9845,21692.447500000002,0.9941372947232988
5805,21660.12,0.9941433661436236
7420,21653.363500000003,0.994149435670074
15893,21649.923000000003,0.9941555042321378
10209,21637.304500000002,0.9941615692571847
11114,21630.264,0.9941676323087505
5310,21626.4915,0.9941736943028691
18293,21623.104999999996,0.9941797553477378
14192,21620.7675,0.9941858157373957
10727,21603.9,0.9941918713990244
19622,21585.6935,0.9941979219572966
5728,21549.61400000001,0.9942039624023371
1042,21533.525999999998,0.9942099983378454
18879,21522.16,0.9942160310874174
2175,21490.89,0.9942220550718802
11944,21467.448,0.9942280724854546
5941,21462.286999999997,0.9942340884523796
10024,21433.540999999997,0.9942400963616829
1978,21420.048000000003,0.9942461004888431
13985,21405.457,0.9942521005260863
2560,21391.303,0.9942580965959054
11199,21381.572500000002,0.9942640899382255
11966,21377.824,0.9942700822298256
3471,21371.183,0.9942760726599262
5719,21354.518,0.9942820584187593
6060,21349.6645,0.9942880428171363
19556,21349.410000000003,0.9942940271441759
14119,21310.189,0.9943000004774087
5094,21301.2025,0.9943059712916886
12770,21278.048499999997,0.9943119356158077
11321,21239.528499999997,0.9943178891426129
19706,21184.153,0.9943238271474387
15168,21177.298000000003,0.99432976323078
4817,21154.07,0.9943356928032179
603,21152.637499999997,0.99434162197412
7163,21134.84,0.99434754615631
16817,21111.061,0.994353463673149
5459,21100.601499999997,0.9943593782581474
14460,21090.7885,0.9943652900925215
14418,21079.6565,0.9943711988065506
2085,21066.553,0.9943771038476149
2115,21063.32,0.9943830079824562
1632,21060.711,0.994388911385984
17590,21040.3475,0.9943948090815393
2025,21022.09,0.9944007016594427
7799,21011.904,0.9944065913821686
18318,20995.98,0.994412476641332
13124,20973.205,0.9944183555165698
13494,20972.336,0.9944242341482232
100,20962.201999999997,0.994430109939275
15791,20959.283,0.9944359849121192
18389,20957.5165,0.9944418593898061
13443,20951.423499999997,0.9944477321596001
6860,20935.026499999993,0.994453600333248
12664,20922.197500000002,0.9944594649108748
1102,20921.7225,0.9944653293553569
3682,20912.794,0.994471191297144
214,20900.854,0.9944770498921002
6873,20886.552,0.9944829044781472
5074,20884.392999999996,0.9944887584590177
9538,20883.1945,0.9944946121039437
1458,20869.857,0.994500462010314
14413,20851.72,0.9945063068328086
18333,20851.72,0.9945121516553034
10342,20842.318,0.994517993842379
5460,20833.373,0.9945238335221347
761,20817.988,0.9945296688894117
8230,20749.7355,0.9945354851252335
4228,20746.1175,0.9945413003469151
18376,20736.349000000002,0.9945471128304463
7248,20720.22,0.9945529207929525
13637,20717.15,0.9945587278949254
8147,20716.8295,0.9945645349070608
11719,20713.696,0.9945703410408632
628,20706.108000000004,0.9945761450477182
6923,20704.032,0.9945819484726618
16093,20662.738500000003,0.9945877403228685
9803,20653.5465,0.9945935295965198
14459,20652.093500000003,0.9945993184628893
2170,20628.4775,0.9946051007095973
15953,20620.014,0.9946108805839515
15591,20614.1135,0.9946166588043714
16963,20602.227,0.9946224336929569
9709,20586.932,0.9946282042942911
14340,20560.8905,0.9946339675960862
1706,20546.829,0.9946397269563854
1287,20505.664,0.9946454747779664
692,20498.3915,0.9946512205610359
9919,20486.031999999996,0.994656962879687
16898,20451.122000000003,0.9946626954129222
5090,20431.278,0.9946684223838028
11569,20412.409,0.9946741440656255
15257,20384.07,0.9946798578039105
15249,20381.3,0.9946855707657533
17472,20380.0,0.9946912833632006
8547,20377.379,0.9946969952259709
16617,20359.2815,0.9947027020159378
12822,20346.587499999998,0.9947084052477245
12955,20310.347,0.9947140983211508
6472,20297.0445,0.9947197876658317
1631,20296.809,0.9947254769445011
1624,20288.563000000002,0.994731163911783
15019,20285.137,0.994736849918743
11192,20222.653000000002,0.9947425184111819
5046,20217.945,0.9947481855839492
14055,20197.531000000003,0.9947538470345887
9932,20196.612,0.9947595082276287
9924,20189.728,0.9947651674910554
14750,20159.536500000002,0.9947708182916809
19679,20142.72,0.9947764643785726
7637,20141.5,0.9947821101234934
556,20136.165999999997,0.994787754373272
19974,20129.799,0.9947933968383545
4464,20129.112,0.9947990391108682
13715,20113.233999999997,0.9948046769327135
4399,20078.12,0.9948103049119607
9452,20075.308,0.9948159321029928
12619,20074.437,0.99482155904988
15753,20064.969999999998,0.9948271833431284
18664,20042.346,0.9948328012947769
13614,19996.54,0.9948384064068162
6617,19995.087,0.9948440111115735
2231,19995.087,0.9948496158163308
967,19995.087,0.9948552205210881
15373,19970.746,0.9948608184029635
3609,19939.156,0.9948664074300325
3513,19896.976,0.9948719846338748
3901,19882.867000000002,0.9948775578829068
16232,19869.667,0.9948831274319245
1719,19845.801,0.9948886902912049
5828,19840.1705,0.9948942515722329
13192,19830.298499999997,0.994899810086099
656,19827.777000000002,0.9949053678931782
6340,19821.6315,0.9949109239776486
11283,19818.167999999998,0.9949164790912859
8685,19818.163999999997,0.994922034203802
15308,19802.2765,0.9949275848629867
12110,19795.6225,0.9949331336570281
19077,19792.056499999995,0.9949386814515049
10188,19784.079,0.9949442270098559
3490,19767.152000000002,0.9949497678234994
16796,19727.1725,0.9949552974307254
3722,19720.4925,0.9949608251655201
10179,19715.6795,0.9949663515512112
5730,19688.699999999997,0.9949718703744378
17625,19688.1845,0.9949773890531679
13218,19641.497,0.9949828946452005
3590,19641.497,0.9949884002372331
16012,19639.2165,0.9949939051900321
7147,19633.927,0.9949994086601627
7122,19620.1195,0.9950049082599945
11477,19616.9125,0.995010406960891
14710,19582.259,0.9950158959482696
8434,19578.730499999998,0.9950213839465952
4966,19573.94,0.9950268706021241
6893,19572.609,0.9950323568845683
10307,19554.432,0.9950378380719248
14759,19544.570000000003,0.9950433164949225
10116,19533.189,0.9950487917277792
19716,19529.6535,0.9950542659696208
4867,19520.28,0.995059737584032
4215,19490.7685,0.9950652009262487
18516,19486.706,0.9950706631297301
8712,19481.204000000005,0.9950761237909785
14822,19469.6,0.9950815811995781
8829,19469.6,0.9950870386081777
8291,19464.27,0.9950924945227565
51,19442.888,0.9950979444438731
4558,19396.368000000002,0.9951033813252432
1752,19394.168,0.9951088175899445
3010,19390.3475,0.9951142527837438
1247,19381.695000000003,0.995119685552212
10310,19360.7075,0.995125112437798
15977,19327.654,0.9951305300583525
8724,19295.495,0.9951359386646077
7226,19267.352,0.9951413393822649
6904,19240.690000000002,0.9951467326264543
18581,19240.271999999997,0.9951521257534764
5560,19228.692,0.9951575156345772
17321,19226.28,0.9951629048395846
2879,19226.28,0.995168294044592
14727,19226.28,0.9951736832495993
4536,19226.28,0.9951790724546067
17930,19226.28,0.995184461659614
14921,19210.712,0.9951898465008472
10751,19210.712,0.9951952313420804
1496,19187.7755,0.9952006097541186
13329,19184.5585,0.9952059872644187
5402,19176.239999999998,0.995211362443009
18807,19165.364999999998,0.9952167345732923
5665,19164.908,0.9952221065754767
17520,19157.519500000002,0.9952274765066343
17075,19142.208,0.9952328421459159
14657,19138.7095,0.9952382068045534
12893,19122.47,0.9952435669111926
2159,19092.788999999997,0.995248918698126
12564,19086.892,0.9952542688321063
3783,19084.431500000002,0.9952596182763983
8441,19070.932,0.9952649639367251
3566,19062.260000000002,0.995270307166255
18607,19049.1,0.9952756467069828
14142,19046.617000000002,0.9952809855517156
12906,19025.912000000004,0.9952863185927522
13094,19019.582,0.9952916498594636
14468,19004.797499999997,0.9952969769820194
19074,18974.03,0.9953022954803189
6513,18970.355,0.9953076129485008
19310,18959.463,0.9953129273636105
11259,18956.988,0.9953182410849676
1281,18944.1465,0.9953235512067996
7595,18942.714,0.9953288609270962
7060,18934.853000000003,0.9953341684439222
14626,18905.5765,0.9953394677544253
8488,18897.816,0.9953447648896284
9206,18894.433,0.995350061076563
10082,18864.264,0.9953553488070032
6089,18853.7645,0.9953606335943905
16353,18844.011000000002,0.9953659156478321
2873,18839.53,0.9953711964452309
16927,18833.644500000002,0.9953764755928998
12860,18827.29,0.9953817529593764
756,18822.737,0.9953870290496285
18327,18820.286,0.9953923044528552
4484,18803.377999999997,0.9953975751167002
14521,18795.951,0.9954028436987269
5724,18789.055999999997,0.9954081103480569
6179,18772.0515,0.9954133722309557
5780,18772.000999999997,0.9954186340996992
13433,18765.549,0.9954238941599207
6242,18765.28,0.9954291541447404
15095,18742.443,0.9954344077282555
7555,18739.4625,0.9954396604763244
5421,18738.5815,0.9954449129774452
7569,18733.6545,0.9954501640975078
8997,18732.1685,0.9954554148010385
15379,18722.179500000002,0.9954606627046116
13381,18696.87,0.9954659035138281
2024,18696.329999999998,0.9954711441716806
18310,18684.9635,0.9954763816434565
13328,18683.444,0.9954816186893103
6066,18662.8,0.9954868499485664
17734,18661.057,0.9954920807192525
14612,18660.222,0.9954973112558847
14928,18634.816,0.995502534671111
552,18620.514,0.9955077540774282
14179,18618.394,0.9955129728895007
15838,18595.243,0.9955181852122531
1591,18595.243,0.9955233975350055
12859,18595.243,0.9955286098577579
5781,18595.243,0.9955338221805103
11243,18579.388,0.9955390300590413
14109,18579.200000000004,0.9955442378848751
13510,18577.136000000002,0.9955494451321613
17492,18575.641,0.9955546519603927
19432,18548.807999999997,0.9955598512672246
2414,18521.594999999998,0.9955650429461409
8322,18515.255,0.9955702328479294
6369,18486.9,0.9955754148016953
17857,18473.868,0.9955805931025383
11725,18432.929,0.9955857599280119
19801,18429.669,0.9955909258396941
12399,18429.266499999998,0.995596091638554
11407,18406.7875,0.995601251136458
15704,18400.081,0.9956064087545027
7588,18396.48,0.9956115653631724
15467,18363.315000000002,0.9956167126755567
9530,18358.920000000002,0.9956218587560046
19673,18334.9675,0.9956269981224687
2670,18333.25,0.9956321370075104
6392,18318.792,0.9956372718399156
5268,18306.78,0.995642403305308
4047,18303.54,0.995647533862515
9213,18302.9185,0.9956526642455131
18027,18293.8215,0.9956577920785848
15793,18274.7915,0.9956629145774697
8443,18270.827999999998,0.9956680359653693
4814,18267.055,0.9956731562956814
18464,18241.515,0.9956782694670271
12358,18204.182,0.99568337217378
14112,18197.267,0.9956884729422301
18765,18181.8,0.9956935693752168
14245,18181.8,0.9956986658082034
11102,18181.8,0.9957037622411902
12840,18181.8,0.9957088586741768
124,18170.194000000003,0.9957139518539541
18377,18165.69,0.9957190437712418
6611,18165.69,0.9957241356885294
8170,18165.69,0.9957292276058171
14180,18136.21,0.9957343112597401
14705,18113.764000000003,0.9957393886219573
7019,18097.459000000003,0.9957444614138163
16156,18087.805,0.9957495314996195
11743,18059.695,0.9957545937060748
7371,18031.383499999996,0.9957596479767006
10923,18023.391499999998,0.995764700007136
18237,18021.636,0.9957697515454976
19477,17997.203999999998,0.9957747962354696
7748,17997.2,0.9957798409243204
17568,17983.9695,0.9957848819046078
14285,17967.48,0.9957899182628209
14593,17966.601499999997,0.9957949543747868
17945,17961.066,0.9957999889351294
1146,17936.8315,0.9958050167024425
6538,17907.755,0.9958100363194936
8134,17903.822,0.9958150548341086
6012,17903.822,0.9958200733487237
7366,17892.041999999994,0.9958250885613564
15718,17891.118000000002,0.9958301035149882
2104,17890.341,0.9958351182508237
200,17865.306,0.9958401259692463
17793,17836.008,0.9958451254753194
3793,17834.192,0.9958501244723603
12342,17814.728,0.9958551180135624
3318,17797.1215,0.9958601066195905
19754,17792.127999999997,0.9958650938259198
18182,17782.577999999998,0.9958700783553452
4663,17777.878,0.9958750615673413
14806,17775.045000000002,0.995880043985236
15056,17767.885000000002,0.9958850243961533
8693,17765.27,0.9958900040740755
7605,17755.262000000002,0.9958949809467142
1597,17737.022,0.9958999527066063
15765,17729.98,0.9959049224925969
9145,17718.314,0.99590988900856
5120,17700.68,0.9959148505816405
9074,17700.68,0.9959198121547211
8025,17656.44,0.9959247613271487
6379,17655.37,0.9959297101996508
16948,17655.37,0.9959346590721528
7333,17653.41,0.995939607395259
19439,17639.676,0.9959445518686686
11047,17616.546,0.9959494898586446
4063,17606.201999999997,0.995954424949155
2240,17597.478,0.9959593575942925
6198,17595.2615,0.995964289618136
8387,17592.275999999998,0.9959692208051316
16326,17585.848,0.9959741501903324
18577,17585.848,0.9959790795755333
15243,17574.939,0.9959840059028968
3258,17571.428,0.9959889312461127
15078,17568.822999999997,0.9959938558591362
18455,17556.627,0.9959987770535712
13151,17550.5,0.9960036965305828
19600,17541.689000000002,0.9960086135378353
19718,17517.843,0.9960135238609562
1658,17510.017,0.9960184319904173
10036,17509.0925,0.9960233398607373
15904,17504.6905,0.9960282464971585
15611,17504.6905,0.9960331531335798
6974,17504.6905,0.996038059770001
6564,17485.536,0.9960429610373375
5685,17483.98,0.9960478618685208
9495,17473.905,0.9960527598756405
4552,17470.14,0.9960576568274151
20000,17460.095500000003,0.9960625509636754
17856,17453.818,0.9960674433403266
12038,17443.821,0.9960723329147778
12494,17425.01,0.9960772172164287
1394,17424.381999999998,0.9960821013420487
1080,17419.4765,0.9960869840926369
10171,17398.47,0.9960918609550171
6445,17383.0445,0.9960967334935664
3798,17379.228,0.9961016049623354
15607,17369.9765,0.9961064738378709
1970,17364.561500000003,0.9961113411955597
1686,17335.477,0.9961162004007442
16960,17324.105,0.9961210564183104
2103,17324.1,0.9961259124344751
3881,17321.39,0.9961307676910157
12737,17320.620000000003,0.9961356227317221
19781,17320.291,0.9961404776802085
4100,17319.360000000004,0.9961453323677318
11268,17316.136,0.9961501861515548
19547,17309.992,0.9961550382131894
19142,17303.652,0.996159888497696
12363,17303.652,0.9961647387822026
5525,17301.22,0.9961695883850095
11067,17295.947,0.9961744365097731
19523,17290.86,0.9961792832086297
15631,17290.86,0.9961841299074864
2926,17278.36,0.9961889731025418
9921,17278.36,0.9961938162975973
19573,17278.36,0.9961986594926527
13938,17276.4,0.9962035021383122
3295,17272.71,0.9962083437496495
321,17272.71,0.9962131853609868
17115,17257.405499999997,0.9962180226824101
6536,17257.405499999997,0.9962228600038333
7056,17257.405499999997,0.9962276973252566
6606,17249.462,0.9962325324200842
11513,17247.016,0.9962373668292881
445,17226.731,0.9962421955525234
14816,17226.73,0.9962470242754784
12744,17226.73,0.9962518529984334
2313,17226.73,0.9962566817213885
8494,17226.73,0.9962615104443435
11097,17220.4845,0.9962663374166594
13250,17187.007999999998,0.9962711550053751
11717,17186.6775,0.9962759725014503
19601,17095.892499999998,0.9962807645501184
13112,17090.07,0.9962855549667159
2254,17076.627,0.9962903416151854
2348,17055.985,0.9962951224776178
16601,17040.882999999998,0.9962998991068976
17142,17037.341500000002,0.9963046747434806
2265,17030.7975,0.9963094485457537
3868,17030.6945,0.9963142223191553
10567,17028.476,0.9963189954707025
16605,17020.67,0.9963237664341957
18536,16976.781000000003,0.9963285250954227
15036,16944.3595,0.9963332746687703
3070,16929.638,0.9963380201156213
19892,16908.1515,0.9963427595397184
9360,16904.393500000002,0.9963474979104326
10854,16819.91,0.9963522126000759
15855,16799.014,0.9963569214324848
9742,16779.213,0.9963616247145922
3632,16768.84,0.9963663250891054
7841,16762.329,0.9963710236385587
14683,16732.516,0.9963757138313059
9266,16720.336,0.9963804006099491
4687,16717.220999999998,0.9963850865154453
9979,16709.12,0.9963897701501979
15356,16699.775,0.9963944511655088
4101,16678.22,0.9963991261388649
14108,16678.22,0.9964038011122209
11291,16672.975,0.9964084746153821
12855,16671.183999999997,0.9964131476165186
11025,16670.939,0.9964178205489806
1824,16669.4,0.9964224930500546
11118,16637.39,0.9964271565785945
19978,16572.6685,0.996431801965433
5582,16560.6155,0.9964364439737662
15794,16558.65,0.9964410854311617
4306,16558.65,0.9964457268885574
14543,16558.65,0.9964503683459529
19558,16544.6295,0.9964550058733448
4982,16542.036,0.9964596426737681
3616,16525.620000000003,0.9964642748727193
5103,16519.392,0.9964689053259368
16132,16512.275,0.9964735337842299
10662,16496.501,0.9964781578210062
9351,16467.78,0.9964827738071688
4523,16454.150999999998,0.9964873859730667
463,16451.359,0.9964919973563557
15156,16432.65,0.9964966034954353
6902,16432.65,0.9965012096345149
19443,16422.5015,0.9965058129289285
17626,16414.442,0.9965104139642311
14920,16414.442,0.9965150149995338
9004,16385.634,0.9965196079598361
12295,16385.25,0.9965242008125016
14330,16381.928,0.9965287927339969
15104,16363.619999999999,0.9965333795236848
19582,16357.180999999999,0.9965379645084947
12511,16349.121,0.9965425472340537
8673,16349.121,0.9965471299596125
18676,16349.121,0.9965517126851713
14956,16343.0765,0.9965562937164321
18959,16342.338,0.9965608745406883
3734,16342.338,0.9965654553649445
2711,16336.144,0.9965700344529971
4246,16320.096999999998,0.99657460904301
12794,16316.5065,0.996579182626591
16268,16315.5805,0.9965837559506104
1568,16312.078000000001,0.9965883282928647
15647,16312.078000000001,0.9965929006351191
4877,16292.433500000001,0.9965974674709396
8190,16289.685000000001,0.9966020335363442
12883,16287.699499999999,0.9966065990452052
18631,16287.0975,0.9966111643853232
1224,16276.217,0.9966157266755923
9668,16267.245499999999,0.9966202864511133
6301,16250.637999999999,0.9966248415714841
11539,16235.5665,0.9966293924672517
14839,16220.746500000001,0.9966339392089126
2428,16216.988,0.9966384848970505
5799,16196.7705,0.9966430249181406
4742,16165.533,0.9966475561832313
16873,16144.1415,0.9966520814521971
2581,16130.780999999999,0.99665660297616
19629,16127.9255,0.9966611236997146
7711,16127.9255,0.9966656444232691
15774,16115.977000000003,0.9966701617976103
703,16112.736,0.9966746782634858
4470,16112.736,0.9966791947293613
229,16107.674500000001,0.9966837097764776
1329,16099.793999999998,0.9966882226146575
15804,16089.51,0.9966927325701902
7001,16077.164499999999,0.9966972390652287
19811,16076.09,0.9967017452590804
17374,16069.656500000001,0.9967062496495955
5877,16063.328499999998,0.9967107522663464
10368,16055.649999999998,0.9967152527307824
4020,16007.302000000001,0.996719739643076
15466,16006.050500000001,0.996724226204569
15788,15990.111,0.996728708298155
13330,15977.79,0.9967331869381141
5277,15972.591,0.9967376641207724
18302,15964.019999999997,0.9967421389009441
14461,15959.387,0.996746612382467
18720,15930.398000000001,0.9967510777382544
6872,15892.0505,0.9967555323450806
1964,15881.527,0.9967599840021267
18810,15870.079000000002,0.9967644324502516
7753,15856.607,0.9967688771221196
12639,15844.311000000002,0.9967733183473685
2545,15844.309000000001,0.9967777595720568
14608,15831.73,0.9967821972708
9118,15798.566,0.996786625673538
5901,15772.2915,0.9967910467114263
4413,15771.15,0.9967954674293473
16689,15771.15,0.9967998881472684
8143,15769.517999999998,0.9968043084077333
1467,15729.97,0.9968087175827316
3304,15724.557999999999,0.9968131252407243
9728,15700.524,0.9968175261618885
12721,15670.463,0.996821918656831
8875,15661.552,0.9968263086539839
1157,15659.151999999998,0.9968306979784071
9454,15657.855,0.9968350869392757
16363,15650.245,0.9968394737670302
13177,15611.017500000002,0.9968438495991557
7614,15611.017500000002,0.9968482254312814
5493,15608.488000000001,0.9968526005543777
15094,15604.453,0.9968569745464472
2788,15601.13,0.9968613476070661
3396,15601.13,0.9968657206676851
12757,15588.303,0.9968700901328433
8270,15587.424,0.9968744593516142
16349,15577.470500000001,0.9968788257803785
6136,15571.416000000001,0.9968831905120414
11039,15571.416000000001,0.9968875552437044
13942,15561.774000000001,0.9968919172726755
167,15560.762999999999,0.996896279018259
9541,15558.009000000002,0.9969006399918849
14386,15553.383999999998,0.9969049996691045
3752,15549.076,0.9969093581387741
16479,15548.760000000002,0.9969137165198676
12284,15543.559000000001,0.9969180734430995
17605,15541.331,0.9969224297418138
3282,15528.872,0.9969267825482194
11026,15504.056999999999,0.996931128398879
10562,15496.965999999999,0.9969354722619023
13580,15488.82,0.9969398138415684
13118,15483.632000000001,0.9969441539670167
16274,15483.632000000001,0.9969484940924651
17022,15481.177,0.9969528335297669
14085,15475.320999999998,0.996957171325608
9693,15473.119999999999,0.9969615085044997
19371,15458.6645,0.9969658416314557
2177,15454.529999999999,0.9969701735994945
361,15454.529999999999,0.9969745055675331
5968,15445.974,0.9969788351372899
18944,15433.014,0.9969831610743056
17275,15427.021499999999,0.9969874853315991
6767,15427.021499999999,0.9969918095888926
12425,15381.024,0.9969961209528985
6193,15380.6,0.9970004321980553
15368,15374.972000000007,0.9970047418656609
1665,15352.544,0.9970090452466062
7289,15342.729,0.9970133458763668
625,15315.33,0.9970176388260754
2579,15305.979000000003,0.9970219291546605
10169,15282.707,0.9970262129600087
1059,15281.9515,0.9970304965535871
2431,15246.72599999998,0.9970347702733136
16954,15234.451000000001,0.9970390405523075
4302,15228.582,0.9970433091861964
11875,15217.584,0.9970475747373011
15380,15217.584,0.9970518402884059
5164,15216.943000000001,0.9970561056598355
10276,15207.06,0.9970603682610198
6295,15206.228,0.9970646306289912
13511,15198.25,0.9970688907606965
141,15192.48,0.9970731492750472
14528,15158.11,0.9970773981553461
496,15157.6035,0.997081646893671
12194,15135.768499999986,0.997085889511556
14948,15119.746,0.9970901276382685
9290,15112.1895,0.9970943636468632
17697,15109.955,0.9970985990291185
7983,15104.661,0.9971028329274437
4511,15091.956,0.9971070632645056
2577,15069.970000000001,0.9971112874388015
2368,15043.401999999998,0.9971155041659784
11560,15040.336,0.9971197200337428
10576,15031.18,0.997123933335043
13455,15029.692,0.9971281462192506
1219,14995.864,0.9971323496213315
804,14982.592499999999,0.9971365493033565
633,14975.275000000001,0.9971407469342563
12004,14934.041000000001,0.9971449330070971
5124,14911.746,0.997149112830558
15835,14902.785000000002,0.9971532901422139
11175,14862.878500000003,0.9971574562679145
605,14843.836500000001,0.9971616170560645
2413,14833.382500000002,0.9971657749139157
12280,14821.073499999999,0.9971699293215037
9350,14821.073499999999,0.9971740837290917
6660,14812.5945,0.9971782357599812
11838,14807.012,0.9971823862260731
4396,14789.385000000002,0.9971865317512449
437,14789.385000000002,0.9971906772764166
9297,14777.494,0.9971948194684923
13446,14739.7285,0.9971989510747437
2272,14721.456,0.9972030775591384
18370,14721.456,0.9972072040435331
18534,14717.184,0.9972113293304689
17483,14706.64,0.9972154516618782
13912,14701.567,0.9972195725713048
1895,14697.231,0.9972236922653329
16307,14686.606,0.9972278089811301
9383,14686.606,0.9972319256969271
13642,14682.7205,0.9972360413236027
15480,14666.92,0.9972401525213335
5829,14649.0065,0.9972442586978366
16044,14642.7205,0.9972483631123484
6330,14628.5615,0.9972524635580345
1776,14604.581,0.9972565572818882
2856,14602.759000000002,0.9972606504950279
1690,14601.176,0.9972647432644463
2826,14591.1335,0.9972688332189107
5495,14589.956,0.997272922843317
10728,14577.4405,0.9972770089595775
9481,14574.576,0.9972810942729069
6081,14565.007999999998,0.9972851769042868
9591,14554.95,0.9972892567163679
10238,14554.448,0.9972933363877365
19479,14550.94,0.9972974150757984
14,14545.439999999999,0.9973014922221877
9610,14532.552,0.9973055657560178
9193,14500.446500000002,0.9973096302905448
12919,14468.807,0.9973136859563905
15695,14467.325,0.9973177412068254
5683,14458.752,0.9973217940542133
14592,14455.561,0.9973258460071508
17900,14452.633,0.9973298971393579
13649,14443.618,0.9973339457446238
3425,14430.5615,0.9973379906900992
6443,14413.6685,0.9973420309003974
4324,14401.304,0.9973460676448758
12291,14396.2085,0.9973501029610645
11469,14380.380000000001,0.99735413384046
11270,14380.376000000004,0.9973581647187343
2455,14367.68,0.9973621920382676
3395,14364.549,0.9973662184801689
13579,14360.841,0.9973702438827027
12075,14357.9875,0.9973742684853888
9280,14357.3805,0.9973782929179301
10966,14352.999499999998,0.9973823161224593
10508,14326.9025,0.9973863320118925
2729,14322.432,0.9973903466482263
13107,14306.240000000002,0.9973943567458762
14497,14275.645999999999,0.9973983582679026
18865,14270.577,0.9974023583690675
15891,14245.635,0.9974063514788879
17004,14194.039999999994,0.9974103301264183
3333,14186.008,0.9974143065225463
17750,14178.86,0.9974182809150606
6424,14176.487000000001,0.9974222546424133
3938,14168.902,0.9974262262436594
7721,14168.699,0.9974301977880038
13018,14168.1195,0.997434169169912
17382,14160.114000000001,0.9974381383078458
3024,14140.148,0.9974421018492279
14873,14124.295999999998,0.9974460609472297
15628,14124.295999999998,0.9974500200452313
16652,14124.292999999998,0.9974539791423922
15823,14114.9385,0.9974579356174482
991,14114.18,0.9974618918798936
5004,14113.9455,0.9974658480766079
7606,14095.763999999996,0.9974697991769731
14021,14093.631000000001,0.9974737496794498
16881,14091.409,0.9974776995590907
19249,14073.83,0.9974816445112659
19502,14073.83,0.9974855894634411
5554,14071.568,0.9974895337815685
15339,14071.568,0.9974934780996959
53,14029.707000000002,0.9974974106840135
7806,13992.24,0.9975013327661776
14615,13967.752500000002,0.9975052479843953
11607,13967.752500000002,0.997509163202613
1943,13924.367999999999,0.9975130662599777
11462,13914.735999999999,0.9975169666174534
11411,13909.85,0.9975208656053631
13877,13887.862000000001,0.9975247584299466
14962,13880.435000000001,0.9975286491727114
4290,13870.929,0.9975325372509055
4362,13868.099999999999,0.9975364245361195
16580,13868.099999999999,0.9975403118213333
228,13841.819000000001,0.9975441917398752
19174,13822.768,0.9975480663183439
8469,13822.688,0.9975519408743883
8821,13822.688,0.9975558154304327
17452,13822.688,0.9975596899864771
12024,13820.2865,0.9975635638693712
18639,13819.704000000002,0.997567437588988
4749,13819.16,0.9975713111561195
8422,13812.968,0.9975751829876081
18969,13791.032,0.997579048670346
9366,13781.384,0.9975829116487099
7935,13771.2095,0.9975867717751199
15941,13768.992,0.9975906312799556
5248,13731.383,0.9975944802428346
19448,13728.88,0.9975983285041125
16662,13719.944,0.9976021742605928
15688,13676.264500000001,0.9976060077735307
1850,13672.428499999998,0.997609840211222
18688,13653.681499999999,0.9976136673940523
4170,13620.128,0.9976174851716992
6131,13588.876999999999,0.9976212941895629
12355,13583.657,0.9976251017442392
17733,13565.895499999999,0.9976289043202944
8988,13558.5245,0.997632704830228
10015,13543.449999999999,0.9976365011147176
2040,13538.993999999999,0.9976402961501721
18993,13508.0025,0.9976440824985823
8861,13488.4415,0.9976478633639642
7277,13485.394,0.9976516433751192
1828,13463.216,0.9976554171696901
13215,13417.6,0.9976591781779094
17642,13414.841999999999,0.99766293841305
8210,13414.841999999999,0.9976666986481906
2026,13406.09,0.9976704564301098
15968,13405.4775,0.9976742140403426
10404,13396.320000000002,0.9976779690836909
17435,13394.643499999998,0.9976817236571092
6048,13349.426,0.9976854655558771
6916,13342.576000000001,0.9976892055345621
8952,13342.576000000001,0.997692945513247
19773,13304.868000000006,0.9976966749222251
6058,13297.2155,0.9977004021861761
7590,13293.7,0.997704128464718
5144,13275.760999999999,0.9977078497148849
1432,13266.603,0.9977115683980268
4835,13262.722,0.9977152859933086
1638,13260.9605,0.9977190030948345
8462,13251.391500000002,0.9977227175141308
18396,13246.920000000002,0.9977264306800472
2511,13227.827000000001,0.9977301384941176
1811,13191.41,0.9977338361003537
2172,13191.41,0.9977375337065898
6041,13177.937999999998,0.9977412275365692
3064,13164.164499999999,0.9977449175057802
6625,13146.12,0.9977486024170439
15045,13106.772,0.997752276298902
18659,13093.6535,0.9977559465035909
15817,13089.287999999999,0.9977596154846123
8489,13078.4185,0.9977632814188684
13495,13074.491,0.9977669462522301
8535,13048.0,0.997770603660056
19482,13028.109999999999,0.9977742554926335
9498,13018.0305,0.9977779044998859
14627,13012.343,0.9977815519129087
4759,13009.333999999999,0.9977851984824966
17873,13005.671499999999,0.9977888440254706
7467,12988.683,0.9977924848064986
13011,12970.220000000001,0.9977961204122721
16050,12947.368999999999,0.9977997496128166
12427,12937.23,0.997803375971358
19252,12917.43,0.9978069967798783
1493,12904.093499999999,0.997810613850123
9528,12900.719999999998,0.9978142299747619
19590,12900.297999999999,0.9978178459811123
4022,12876.498,0.9978214553162256
6178,12851.901,0.9978250577566988
1346,12836.576,0.9978286559015119
19926,12802.306,0.9978322444403037
12386,12784.16,0.9978358278926973
11342,12782.560000000001,0.9978394108966043
17854,12782.560000000001,0.9978429939005113
5002,12739.035,0.9978465647041826
1577,12734.04,0.997850134107735
351,12684.461,0.9978536896140908
18563,12676.682999999999,0.9978572429402413
13106,12671.085,0.9978607946972494
15279,12669.573,0.9978643460304377
2745,12669.573,0.997867897363626
11351,12661.798,0.99787144651745
3375,12633.523,0.9978749877456756
4285,12630.1625,0.9978785280319394
11975,12629.609,0.997882068163055
1136,12623.41,0.9978856065565653
18066,12600.684000000001,0.9978891385798849
7955,12531.8395,0.9978926513058093
3482,12508.992,0.9978961576274858
317,12501.168,0.9978996617560631
15397,12479.0625,0.9979031596883783
4887,12479.0625,0.9979066576206934
1468,12452.324499999999,0.9979101480582376
19494,12415.631000000001,0.9979136282104436
3392,12411.52,0.9979171072103195
12008,12410.247,0.9979205858533682
1532,12408.865,0.9979240641090366
5258,12406.567,0.9979275417205662
14103,12400.983499999998,0.997931017767018
12352,12368.299,0.9979344846518704
3941,12350.150000000001,0.997937946449484
11074,12328.99,0.9979414023158628
12669,12328.99,0.9979448581822417
19323,12326.098,0.9979483132379812
12917,12326.098,0.9979517682937206
3600,12311.69,0.9979552193108386
16486,12294.944000000001,0.9979586656339843
3457,12277.051,0.9979621069416489
405,12262.7095,0.9979655442293321
7996,12259.674500000001,0.9979689806662926
1805,12257.093499999999,0.9979724163797882
17051,12252.264,0.9979758507395551
19973,12252.264,0.997979285099322
18947,12223.968499999999,0.9979827115277445
11741,12195.873000000001,0.9979861300808833
8752,12176.078500000001,0.9979895430855426
18928,12168.678,0.9979929540158115
3689,12167.240999999998,0.9979963645432834
11736,12162.1945,0.9979997736562006
3008,12151.228,0.9980031796951632
16330,12144.952,0.9980065839749371
12746,12133.75,0.9980099851147446
12607,12133.75,0.998013386254552
6714,12132.68,0.9980167870944341
19076,12132.45,0.9980201878698463
9900,12131.586,0.9980235884030756
8213,12129.42,0.9980269883291664
10111,12110.471,0.9980303829437749
4956,12100.757000000001,0.9980337748355094
14582,12095.571,0.9980371652735869
4375,12086.370000000003,0.9980405531325862
6619,12079.235,0.998043938991616
18431,12075.84,0.9980473238990134
7693,12052.130000000001,0.9980507021604008
18628,12023.7125,0.9980540724562464
3580,12021.011999999999,0.9980574419951309
7031,12010.550500000001,0.9980608086016141
12754,12005.6905,0.9980641738458192
5632,11987.651,0.9980675340334788
16151,11964.914,0.9980708878478642
908,11963.88,0.9980742413724152
19980,11937.776,0.998077587579908
1670,11931.536,0.9980809320383033
2903,11931.536,0.9980842764966985
6952,11925.4925,0.9980876192610759
10354,11924.304,0.998090961692312
19019,11921.442000000001,0.9980943033213178
11285,11900.662,0.9980976391256045
19619,11891.14,0.9981009722608355
878,11878.7195,0.9981043019145496
10924,11872.269,0.9981076297601621
15294,11822.28,0.9981109435936534
13569,11818.4055,0.9981142563411063
158,11788.114,0.9981175605977276
2042,11774.521,0.9981208610441755
15006,11770.128,0.9981241602592474
15247,11764.855,0.998127457996276
9685,11764.85,0.9981307557319029
14448,11751.56,0.9981340497422885
2646,11749.287,0.9981373431155429
2885,11740.268,0.9981406339607346
151,11740.268,0.9981439248059264
10726,11728.56,0.9981472123693178
18788,11723.583,0.9981504985376357
12522,11719.8555,0.9981537836611202
8615,11719.8555,0.9981570687846046
6130,11703.9715,0.9981603494557388
19882,11683.13,0.9981636242849152
7214,11671.982000000004,0.9981668959892616
19708,11665.095000000001,0.9981701657631535
12030,11664.25,0.9981734353001885
17119,11656.73,0.9981767027293369
14005,11655.1295,0.9981799697098585
19942,11640.752,0.9981832326603078
19880,11634.9,0.9981864939704177
19964,11630.530999999999,0.9981897540558791
7658,11619.216,0.9981930109696996
2015,11607.852,0.9981962646981444
7647,11606.887,0.9981995181560958
4409,11601.7235,0.9982027701666968
1416,11594.294,0.9982060200947787
1160,11591.518000000002,0.9982092692447363
2349,11584.794,0.9982125165099293
4025,11553.4,0.9982157549752555
15233,11547.59,0.998218991812015
2181,11522.949,0.9982222217418011
4211,11522.079,0.9982254514277228
10131,11522.079,0.9982286811136444
18204,11522.079,0.9982319107995661
16693,11499.76,0.9982351342293807
17899,11494.144,0.9982383560850074
1427,11491.716999999999,0.9982415772603361
16544,11487.8265,0.9982447973451418
8529,11482.051500000001,0.9982480158111913
19745,11455.487,0.9982512268311027
435,11453.268,0.9982544372290193
17177,11451.618999999999,0.9982576471647144
4894,11423.904,0.9982608493317815
15956,11413.292000000001,0.9982640485242615
570,11398.5855,0.9982672435944494
2684,11396.329000000002,0.9982704380321312
9083,11385.627,0.9982736294699984
270,11370.366999999998,0.9982768166304253
12873,11365.686,0.9982800024787487
3706,11365.023,0.9982831881412304
4631,11356.722,0.9982863714769079
11977,11352.698,0.9982895536846417
19084,11343.088,0.9982927331986531
4905,11341.3895,0.9982959122365681
10094,11296.582999999999,0.9982990787150376
13906,11290.728,0.9983022435523268
13013,11276.76,0.9983054044743283
9445,11259.064,0.9983085604360685
4954,11259.064,0.9983117163978088
11562,11246.76,0.9983148689106874
2634,11236.75,0.9983180186177221
7663,11220.34,0.9983211637249666
13105,11212.6985,0.9983243066902674
8117,11212.6985,0.9983274496555681
4587,11203.959999999997,0.9983305901714316
1960,11201.756000000001,0.9983337300695047
10521,11166.35,0.998336860043131
13350,11163.982,0.9983399893529973
11372,11162.937,0.9983431183699457
16540,11142.132,0.9983462415551676
15973,11142.132,0.9983493647403894
14604,11129.711,0.9983524844439541
14184,11116.060000000001,0.9983556003210875
12581,11103.021,0.9983587125433359
9526,11065.441499999999,0.9983618142318965
12190,11064.422,0.9983649156346872
9444,11063.188,0.9983680166915826
15910,11046.896999999999,0.998371113182044
15299,11044.7215,0.9983742090627038
16767,11044.3675,0.9983773048441359
19566,11003.9595,0.9983803892990402
13003,10991.568,0.9983834702805562
19825,10983.2965,0.9983865489435371
9829,10974.9675,0.9983896252718651
9352,10973.704,0.998392701246029
15124,10971.84,0.998395776697706
1830,10951.490999999998,0.9983988464454749
15077,10927.993,0.9984019096066582
7061,10916.478,0.9984049695401399
13986,10897.776,0.9984080242313744
4780,10884.782,0.9984110752803376
1005,10854.4185,0.9984141178182873
16899,10849.987,0.9984171591140694
15331,10832.489000000001,0.9984201955050904
6416,10824.51,0.9984232296595652
16964,10824.51,0.9984262638140399
19392,10819.8945,0.998429296674771
19007,10808.9405,0.9984323264650511
15693,10784.713500000002,0.9984353494644038
5697,10780.488,0.9984383712793317
8127,10770.08,0.9984413901768545
8464,10767.491999999998,0.9984444083489503
14679,10767.491999999998,0.9984474265210462
168,10759.374,0.9984504424176334
3504,10750.8255,0.998453455918041
13097,10726.9985,0.9984564627396431
537,10725.793,0.9984594692233385
15898,10720.641500000002,0.9984624742630474
60,10699.0055,0.9984654732380968
6742,10681.168,0.998468467213222
7115,10669.036,0.9984714577876979
8062,10663.344000000001,0.9984744467666827
15722,10659.323,0.998477434618565
6861,10659.323,0.9984804224704472
16547,10652.054,0.998483408284799
5823,10650.27,0.9984863935990882
7414,10650.27,0.9984893789133774
6498,10643.364,0.9984923622918865
4046,10637.579000000002,0.9984953440488366
2854,10631.5415,0.9984983241134506
17525,10621.380000000001,0.9985013013297547
9836,10614.162,0.9985042765228237
13577,10597.188,0.9985072469580111
19499,10583.328,0.9985102135081837
16558,10576.403999999999,0.9985131781175306
11614,10576.403999999999,0.9985161427268776
3098,10553.128,0.9985191008118665
18432,10546.235,0.9985220569647192
13303,10514.336,0.9985250041761516
12333,10486.168,0.9985279434919785
5282,10469.9035,0.9985308782487993
6624,10406.408,0.9985337952075715
11069,10364.445,0.9985367004039429
18935,10351.392,0.998539601941505
4648,10318.342,0.9985424942150168
14619,10310.003999999999,0.9985453841513531
19467,10288.556999999999,0.9985482680760074
10429,10246.482,0.998551140206867
4116,10241.848,0.9985540110387973
14027,10199.7935,0.9985568700826791
5559,10194.338000000002,0.9985597275973619
18166,10193.677,0.9985625849267636
14228,10187.069,0.9985654404039159
4005,10147.532,0.9985682847986853
5175,10107.469,0.9985711179636317
19193,10101.05,0.9985739493293062
1400,10098.306,0.9985767799258263
10755,10094.864,0.9985796095575395
11517,10079.517,0.998582434887426
14513,10073.951000000001,0.9985852586571399
19088,10060.79,0.9985880787377714
630,10040.427,0.9985908931105707
12438,10039.186,0.9985937071355127
12617,10010.220000000001,0.9985965130411661
8764,10008.158,0.9985993183688326
9890,9999.478,0.9986021212634596
6157,9995.892,0.9986049231529162
2165,9987.881,0.9986077227968565
6335,9980.4185,0.9986105203490275
16684,9976.48,0.9986133167972209
1359,9969.276,0.9986161112261036
12440,9966.8125,0.9986189049644572
19270,9958.163,0.9986216962783204
9965,9938.39,0.9986244820497309
7005,9920.3985,0.9986272627780501
2642,9913.975,0.998630041705836
2310,9899.746000000001,0.998632816645175
19212,9893.737500000001,0.9986355899003069
8670,9890.64,0.9986383622871967
11700,9879.487,0.998641131547855
13421,9878.704,0.9986439005890353
538,9877.75,0.9986466693628054
3860,9856.094000000001,0.9986494320663101
15137,9849.128999999999,0.9986521928174967
4725,9846.742000000002,0.9986549528995975
17901,9791.244,0.9986576974253817
736,9789.977,0.9986604415960205
12879,9786.084,0.9986631846754356
13489,9767.228,0.9986659224694366
11017,9763.8655,0.9986686593209151
10563,9763.616,0.9986713961024577
16824,9757.74,0.9986741312369334
6024,9747.340999999999,0.9986768634565268
10931,9747.054,0.998679595595673
9958,9722.614500000001,0.9986823208843273
2736,9722.614500000001,0.9986850461729816
12675,9713.22,0.998687768828319
17249,9710.9,0.9986904908333509
16930,9707.0,0.9986932117451969
5249,9692.583999999999,0.9986959286161791
18860,9692.227,0.9986986453870927
11919,9675.642,0.998701357509163
2884,9649.394,0.9987040622738113
15013,9602.36,0.9987067538546368
7212,9595.34,0.9987094434677277
150,9595.34,0.9987121330808185
3612,9582.652999999998,0.9987148191376912
9791,9572.475,0.9987175023416288
7525,9571.104,0.9987201851612696
12912,9563.346,0.9987228658063112
3908,9543.37,0.9987255408519982
16565,9533.7,0.9987282131871444
9067,9530.458,0.9987308846135451
8865,9466.736,0.998733538178408
10610,9445.413,0.9987361857663469
1027,9440.159,0.998738831881568
11954,9430.9125,0.9987414754049572
3211,9401.248,0.9987441106132657
194,9401.248,0.9987467458215742
9718,9401.248,0.9987493810298826
1774,9385.2495,0.9987520117537461
12678,9383.8625,0.9987546420888277
16475,9360.064000000004,0.9987572657530923
18167,9355.943,0.9987598882622237
10090,9327.5885,0.9987625028234728
12122,9310.782,0.998765112673791
10267,9304.6785,0.9987677208132733
2786,9289.599,0.9987703247259099
9087,9276.47,0.998772924958434
18883,9271.8875,0.9987755239064645
5792,9260.9495,0.9987781197885289
1448,9249.488,0.998780712457888
18495,9248.06,0.9987833047269729
19963,9247.286,0.9987858967791022
581,9245.4,0.9987884883025782
6280,9245.4,0.9987910798260541
5942,9243.14,0.9987936707160427
13987,9234.33,0.9987962591365523
4681,9231.17,0.998798846671301
18034,9219.925,0.9988014310540302
473,9205.551,0.9988040114076683
19476,9205.551,0.9988065917613064
3896,9200.369999999999,0.9988091706626888
4102,9197.8,0.99881174884369
13507,9197.8,0.998814327024691
17287,9197.8,0.9988169052056921
15336,9197.8,0.9988194833866931
19182,9145.068,0.9988220467866986
4141,9127.521,0.9988246052682082
2088,9126.24,0.9988271633906481
1816,9117.389,0.9988297190321166
1112,9111.119999999999,0.9988322729163587
12015,9106.564,0.9988348255235353
3493,9104.086500000001,0.9988373774362587
6171,9096.7055,0.9988399272800574
17172,9075.834,0.9988424712734892
14138,9065.57,0.9988450123898799
787,9052.53,0.9988475498511051
17134,9030.182000000013,0.9988500810480945
2726,9019.87,0.998852609354588
5716,9012.213,0.998855135514793
11415,9010.059,0.998857661071223
19200,9004.62,0.998860185103079
17391,8995.261000000002,0.998862706511569
7709,8995.26,0.9988652279197788
14968,8976.272,0.9988677440055743
3524,8938.84,0.998870249599027
2001,8938.84,0.9988727551924798
16214,8889.288,0.998875246896304
5833,8849.062999999996,0.998877727324896
422,8831.729,0.9988802028946969
10896,8828.22,0.9988826774809105
2812,8810.1655,0.9988851470063741
1123,8809.09,0.9988876162303706
7671,8803.56,0.9988900839042854
2775,8796.48,0.9988925495936471
5826,8789.380000000001,0.9988950132928499
17281,8787.186,0.9988974763770654
14342,8781.2775,0.9988999378051042
4155,8747.4915,0.9989023897627889
7577,8746.623,0.9989048414770294
11197,8745.318500000001,0.9989072928256133
6758,8743.152,0.9989097435669183
1241,8737.91,0.9989121928388692
9203,8705.122,0.9989146329202097
16158,8702.73,0.9989170723310625
916,8702.73,0.9989195117419155
16874,8702.73,0.9989219511527684
1976,8688.484,0.9989243865704093
18719,8686.154,0.9989268213349415
3522,8668.59,0.9989292511762127
14406,8659.608,0.9989316784997924
10826,8645.43,0.9989341018492206
9316,8637.774,0.9989365230526408
4546,8635.806,0.9989389437044226
15645,8635.806,0.9989413643562044
19358,8622.53,0.9989437812866689
16908,8606.333999999999,0.9989461936773284
1999,8590.439999999999,0.9989486016128346
8277,8588.1,0.998951008892429
10359,8588.1,0.9989534161720236
18013,8568.552,0.9989558179722338
1616,8560.8705,0.998958217619288
17066,8547.549500000001,0.9989606135324114
6882,8541.444500000001,0.9989630077342783
6928,8513.1265,0.9989653939984938
15041,8481.933,0.9989677715190436
6302,8453.088,0.9989701409542218
1915,8434.593,0.9989725052051757
17886,8432.946,0.9989748689944687
912,8424.48,0.9989772304107073
16254,8410.346,0.998979587865128
17907,8407.044,0.9989819443939844
19022,8406.607,0.9989843008003478
6367,8405.172,0.998986656804475
12964,8403.118999999999,0.9989890122331379
5995,8398.42,0.9989913663446518
15053,8388.676,0.9989937177248827
9422,8386.808999999997,0.9989960685817857
9169,8363.254500000001,0.9989984128362659
4300,8356.655999999999,0.9990007552411597
19937,8356.655999999999,0.9990030976460534
10989,8354.76,0.9990054395194906
3777,8341.776,0.9990077777534594
17752,8341.776,0.9990101159874282
3123,8327.14,0.9990124501188662
2355,8320.86,0.9990147824899945
13395,8319.108000000007,0.99901711437003
19704,8319.105000000003,0.9990194462492247
3740,8304.4835,0.9990217740299531
10528,8287.554,0.9990240970652732
17986,8285.7625,0.9990264195984285
16471,8281.737000000001,0.9990287410032197
17475,8252.203500000001,0.9990310541296499
13779,8238.0825,0.999033363297906
14869,8220.7855,0.9990356676177423
2195,8204.637999999999,0.9990379674113682
17158,8202.5765,0.9990402666271471
7408,8202.224,0.9990425657441189
18700,8192.0285,0.9990448620032503
14850,8172.7735,0.9990471528651262
7775,8158.695000000001,0.9990494397807411
11003,8156.039000000001,0.9990517259518683
3140,8150.524,0.9990540105771185
9121,8146.2744999999995,0.9990562940112162
13229,8134.3369999999995,0.999058574099184
19554,8134.3369999999995,0.9990608541871516
7644,8109.031000000001,0.999063127181744
3863,8100.4,0.9990653977570316
11447,8071.794,0.9990676603139403
16736,8071.794,0.9990699228708491
15030,8070.41,0.9990721850398169
7235,8070.41,0.9990744472087847
9937,8063.76,0.9990767075137303
16894,8048.6320000000005,0.9990789635782357
4978,8020.108,0.9990812116473469
13232,8010.419000000001,0.9990834570005919
13206,8004.601500000001,0.9990857007231677
918,8001.684,0.9990879436279564
14053,7977.8055,0.9990901798395037
9841,7977.7919999999995,0.9990924160472668
18691,7974.575500000001,0.9990946513534319
9403,7974.575500000001,0.9990968866595971
13592,7965.1990000000005,0.9990991193374907
2898,7940.841,0.9991013451877374
9548,7940.326,0.9991035708936274
19668,7916.831999999999,0.999105790014053
18651,7916.831999999999,0.9991080091344786
12867,7913.32,0.9991102272704763
6623,7911.0914999999995,0.9991124447818162
4440,7902.443999999996,0.9991146598692264
15473,7883.48,0.9991168696409498
13960,7882.42,0.999119079115551
11639,7859.1810000000005,0.9991212820761652
13436,7858.59,0.9991234848711199
3332,7846.4695,0.9991256842686487
19869,7834.16,0.9991278802157741
4845,7830.776,0.9991300752143506
15563,7818.129999999999,0.9991322666682014
5022,7818.129999999999,0.9991344581220524
19858,7818.129999999999,0.9991366495759033
7741,7799.87,0.9991388359114013
824,7790.931,0.9991410197412612
17953,7787.839999999999,0.9991432027047011
16103,7787.839999999998,0.9991453856681409
16234,7780.887000000001,0.9991475666826265
10155,7776.695999999999,0.9991497465223576
1589,7770.575999999999,0.9991519246466275
19638,7767.548499999999,0.9991541019222768
6823,7760.274999999994,0.9991562771591344
4478,7726.355,0.999158442888077
2613,7706.213999999999,0.9991606029714148
10231,7687.86,0.9991627579100514
7098,7682.773,0.9991649114227809
17112,7658.5509999999995,0.9991670581459846
16163,7645.9710000000005,0.9991692013429629
6127,7635.941,0.9991713417284911
4715,7605.198499999999,0.9991734734967707
5878,7520.274,0.9991755814603652
12738,7519.915499999997,0.9991776893234707
11078,7493.55,0.9991797897962187
5326,7493.55,0.9991818902689665
10718,7493.55,0.9991839907417145
5150,7493.55,0.9991860912144623
2986,7467.4295,0.9991881843655271
7911,7466.32,0.9991902772055945
12870,7451.648,0.9991923659330402
3613,7432.347,0.9991944492503365
5883,7409.8765,0.9991965262690597
140,7403.5869999999995,0.9991986015248103
13404,7397.3205,0.9992006750240353
15360,7385.2365,0.9992027451360656
12278,7349.36,0.999204805191766
19302,7348.6155,0.9992068650387801
3963,7347.996500000001,0.999208924712286
8146,7342.58,0.9992109828675246
15112,7316.529000000002,0.9992130337205613
929,7316.442999999999,0.9992150845494918
17269,7299.885,0.9992171307371472
8577,7299.885,0.9992191769248027
14472,7258.533,0.9992212115213231
19895,7235.693,0.999223239715698
19918,7235.669,0.9992252679033458
14404,7234.1715,0.999227295671238
10099,7225.59,0.9992293210337008
19260,7224.94,0.9992313462139658
18193,7224.94,0.9992333713942309
19519,7216.641,0.9992353942482521
10969,7210.119,0.9992374152741301
19586,7186.2225,0.9992394296017213
2259,7183.842500000006,0.9992414432621889
1139,7183.84,0.9992434569219556
9938,7183.84,0.9992454705817224
9200,7173.6955,0.9992474813979442
7991,7166.046,0.9992494900699799
19647,7156.5509999999995,0.9992514960805282
8242,7144.83,0.9992534988056322
11824,7135.146500000001,0.9992554988164115
10752,7093.004,0.9992574870144756
4833,7087.97,0.9992594738014887
4971,7087.97,0.9992614605885017
6534,7087.97,0.9992634473755149
8324,7075.387000000001,0.9992654306354617
8221,7037.183999999999,0.9992674031869512
10059,7028.23,0.9992693732285977
3299,7028.23,0.9992713432702442
1393,7019.881000000001,0.999273310971632
11636,7013.7715,0.9992752769605018
13209,6981.892,0.9992772340134173
12595,6967.4795,0.9992791870264499
15038,6958.214000000001,0.999281137442325
12170,6949.85,0.9992830855137367
8310,6949.85,0.9992850335851483
17101,6949.614500000001,0.9992869815905483
17951,6930.0740000000005,0.9992889241186662
11684,6916.344,0.9992908627982088
8052,6911.6965,0.9992928001750381
669,6911.6965,0.9992947375518674
14040,6911.6965,0.9992966749286967
11152,6911.0,0.9992986121102942
208,6898.024,0.999300545654666
8314,6884.574,0.9993024754289475
15825,6870.4800000000005,0.9993044012526231
12437,6867.0405,0.9993063261121929
5999,6864.3105000000005,0.9993082502065325
16343,6855.670999999999,0.9993101718791848
15253,6852.344999999999,0.9993120926195457
15624,6851.1875,0.9993140130354545
10481,6838.71,0.9993159299538691
16397,6835.397,0.9993178459436362
15885,6820.995,0.9993197578964637
10689,6811.105,0.9993216670770837
4818,6783.436499999996,0.9993235685021099
7146,6741.656,0.9993254582158909
769,6733.5715,0.9993273456635534
13081,6730.194,0.9993292321644888
1260,6722.84,0.9993311166040679
13762,6715.432000000001,0.9993329989671544
8088,6708.804,0.9993348794723852
14942,6708.8,0.999336759976495
3496,6708.8,0.9993386404806046
3859,6708.8,0.9993405209847144
8818,6690.98,0.999342396493805
17508,6688.4484999999995,0.9993442712933059
642,6684.8865000000005,0.9993461450943636
17713,6684.473,0.9993480187795155
12223,6675.29,0.9993498898906349
5428,6667.3859999999995,0.9993517587862308
14488,6661.189,0.9993536259447823
19961,6629.8895,0.9993554843299557
16190,6629.8895,0.9993573427151291
7381,6615.72,0.9993591971285336
3338,6614.424,0.9993610511786639
16522,6597.4885,0.9993629004817044
3038,6571.46,0.9993647424888497
11865,6571.46,0.999366584495995
10798,6571.46,0.9993684265031403
8067,6508.178,0.9993702507720819
16034,6498.726,0.9993720723915891
8566,6496.7744999999995,0.9993738934640829
7884,6485.43,0.9993757113566669
11959,6485.43,0.9993775292492509
5339,6485.43,0.9993793471418349
15000,6478.98,0.9993811632264575
19506,6472.3375,0.9993829774491603
5667,6465.456,0.9993847897429502
13991,6465.456,0.9993866020367402
9140,6464.42,0.9993884140401353
16937,6459.616,0.9993902246969495
16207,6451.004,0.9993920329397848
5033,6403.5,0.9993938278670543
17365,6377.85,0.999395615604524
7121,6369.5175,0.9993974010063595
5349,6360.894,0.9993991839909929
16346,6349.32,0.9994009637313866
8081,6348.418,0.9994027432189462
7169,6334.0205000000005,0.9994045186708275
13096,6334.0205000000005,0.9994062941227088
6400,6313.121999999999,0.9994080637166549
4363,6297.531,0.9994098289403799
16581,6293.817999999999,0.9994115931233357
17675,6283.04,0.9994133542851741
1969,6283.04,0.9994151154470123
3823,6283.04,0.9994168766088507
10941,6279.968,0.9994186369095949
19626,6275.067999999999,0.9994203958368489
522,6273.053,0.9994221541992903
16187,6260.4,0.9994239090150439
11596,6254.865,0.9994256622793143
4846,6254.862000000001,0.9994274155427438
5126,6236.91,0.9994291637741542
639,6236.91,0.9994309120055647
6187,6235.3,0.9994326597856856
14548,6220.89,0.9994344035266244
19035,6194.529500000001,0.9994361398786072
17160,6192.370999999999,0.9994378756255535
12724,6184.150000000009,0.99943960906812
5064,6184.1495,0.9994413425105463
13295,6178.698,0.9994430744248948
16390,6174.284000000001,0.999444805101981
814,6155.031,0.9994465303823725
11475,6154.839,0.9994482556089457
4077,6154.839,0.9994499808355188
17197,6141.7515,0.9994517023936121
2287,6125.626,0.9994534194316617
1385,6106.264,0.9994551310424634
12384,6106.264,0.9994568426532651
13756,6102.26,0.9994585531417293
4093,6091.64,0.9994602606533639
12677,6084.16,0.9994619660683238
14510,6072.4785,0.9994636682089115
5655,6037.92,0.9994653606626103
4601,6037.92,0.999467053116309
8568,6034.89,0.9994687447206861
13341,6031.822,0.9994704354650905
7894,5989.16,0.9994721142511614
12282,5989.16,0.9994737930372325
5711,5989.16,0.9994754718233034
904,5982.387500000001,0.999477148711015
8255,5977.664,0.9994788242747101
12054,5968.888,0.9994804973784566
10913,5968.888,0.999482170482203
17961,5966.081999999999,0.999483842799416
14884,5947.379999999999,0.999485509874382
311,5945.5715000000055,0.999487176442418
15685,5945.57,0.9994888430100336
14845,5945.57,0.9994905095776492
1242,5945.57,0.9994921761452648
5542,5944.1185000000005,0.999493842306019
2508,5925.0644999999995,0.9994955031258589
10004,5920.726000000001,0.9994971627295994
16923,5879.487999999999,0.9994988107741598
15388,5874.064,0.9995004572983508
14241,5870.134,0.9995021027209466
2478,5869.04,0.9995037478368898
9281,5842.177,0.999505385423024
1088,5842.177,0.9995070230091584
12868,5839.2705,0.9995086597805889
14408,5836.1905,0.9995102956886827
14924,5823.38,0.9995119280059409
3032,5820.376,0.9995135594811656
4781,5812.9035,0.999515188861818
1353,5811.005499999999,0.9995168177104532
11665,5789.443499999999,0.9995184405151715
11751,5786.713000000001,0.9995200625545194
15980,5776.7,0.9995216817871825
6834,5764.904,0.9995232977133784
18117,5752.871999999999,0.9995249102669557
9488,5747.072,0.999526521194769
16936,5747.072,0.9995281321225824
13771,5726.69,0.9995297373372377
142,5726.69,0.9995313425518931
1721,5726.69,0.9995329477665484
17433,5723.14,0.9995345519861242
4179,5723.14,0.9995361562056999
6993,5723.14,0.9995377604252756
3647,5714.73,0.9995393622874941
3799,5714.73,0.9995409641497124
19984,5712.368,0.9995425653498525
18289,5707.3,0.9995441651294115
6063,5702.4800000000005,0.9995457635579047
5827,5702.4800000000005,0.9995473619863979
752,5693.9929999999995,0.9995489580359502
5876,5689.702,0.9995505528827178
13344,5677.2959999999985,0.9995521442520326
18380,5670.647999999999,0.9995537337578858
14623,5667.2815,0.9995553223200953
11888,5667.2815,0.9995569108823048
4221,5662.67,0.999558498151892
9348,5659.74,0.9995600846001881
14106,5648.292999999999,0.9995616678398435
9912,5648.283499999999,0.9995632510768357
284,5641.35,0.9995648323703397
9045,5635.9929999999995,0.9995664121622545
15797,5634.36,0.9995679914964328
3743,5596.86,0.9995695603192076
15732,5596.86,0.9995711291419824
15595,5585.741,0.9995726948480559
1576,5575.588,0.9995742577082019
15135,5561.5095,0.9995758166220867
4653,5559.88,0.9995773750792161
18259,5559.88,0.9995789335363454
10085,5534.6939999999995,0.9995804849337357
15302,5532.211,0.999582035635131
4785,5512.6155,0.9995835808438275
8648,5507.246,0.999585124547431
14280,5492.034000000001,0.9995866639870487
19039,5491.552,0.9995882032915598
4716,5487.865,0.9995897415625897
11450,5487.865,0.9995912798336196
14017,5467.779500000001,0.9995928124746016
4330,5461.63,0.9995943433918537
541,5440.3555,0.9995958683457763
148,5421.172500000001,0.9995973879226254
15926,5421.172500000001,0.9995989074994747
6959,5413.98,0.9996004250602365
16940,5413.352,0.9996019424449676
9745,5411.967000000001,0.9996034594414773
18281,5396.6555,0.9996049721461109
19143,5390.244,0.9996064830535748
4189,5382.8235,0.9996079918810423
12580,5376.753,0.9996094990069236
7410,5367.04,0.9996110034102113
10895,5363.17,0.9996125067287221
3440,5363.17,0.999614010047233
1395,5361.84,0.9996155129929395
5447,5361.84,0.999617015938646
10010,5359.2825,0.9996185181674746
696,5351.013,0.9996200180783287
18149,5321.34,0.9996215096717193
14140,5321.34,0.99962300126511
8963,5311.38,0.9996244900666718
7275,5303.183999999999,0.9996259765708612
19179,5299.614,0.999627462074365
15445,5287.8,0.9996289442663563
14986,5287.8,0.9996304264583477
18960,5273.65,0.999631904684036
10224,5241.042,0.9996333737695683
11930,5237.16,0.9996348417669602
510,5237.16,0.999636309764352
15306,5236.8375,0.999637777671346
3994,5217.1695,0.9996392400653188
15562,5212.512000000001,0.9996407011537755
14863,5199.03,0.9996421584631723
19763,5197.431,0.9996436153243629
2444,5197.431,0.9996450721855534
2137,5162.94,0.9996465193787755
11502,5154.021,0.9996479640719652
6257,5152.581,0.9996494083615172
8381,5129.2965,0.9996508461243284
3539,5125.24,0.999652282750086
6259,5120.66,0.9996537180920508
410,5113.664,0.9996551514730083
19391,5110.487,0.9996565839634396
19866,5102.280000000001,0.9996580141534153
708,5102.280000000001,0.999659444343391
9085,5102.174999999999,0.9996608745039347
3039,5096.403,0.9996623030465632
15820,5085.635,0.9996637285708773
5100,5079.76,0.9996651524484047
13483,5077.215,0.9996665756125582
13144,5077.215,0.9996679987767119
8627,5062.75,0.9996694178862666
16806,5062.75,0.9996708369958214
6732,5062.75,0.9996722561053761
17465,5053.7345,0.9996736726878493
8628,5033.34,0.9996750835536607
7175,5032.836,0.9996764942781988
16505,5030.1269999999995,0.9996779042433931
2139,5008.32,0.999679308095996
3455,5007.22,0.9996807116402644
5084,5005.194999999999,0.999682114616917
8850,4994.1885,0.9996835145084026
12229,4980.28,0.9996849105012788
10268,4971.6179999999995,0.9996863040661608
10446,4971.27,0.9996876975334971
17263,4971.27,0.9996890910008333
10596,4923.882,0.999690471185119
13948,4881.808,0.9996918395758904
10791,4881.808,0.9996932079666616
18585,4881.808,0.999694576357433
16535,4868.978,0.9996959411519027
17111,4856.61,0.9996973024795716
10961,4817.06,0.9996986527212133
8406,4817.06,0.9997000029628551
8126,4817.06,0.9997013532044968
18205,4813.2695,0.9997027023836459
13370,4791.3279999999995,0.9997040454125027
16562,4756.859,0.9997053787795578
7697,4756.456,0.9997067120336501
17902,4756.456,0.9997080452877426
8968,4756.456,0.999709378541835
7653,4751.892,0.9997107105166195
13880,4747.3,0.9997120412042477
13147,4747.3,0.9997133718918759
8393,4747.3,0.9997147025795041
19480,4746.86,0.9997160331437985
8519,4731.08,0.9997173592848942
15167,4714.485000000001,0.9997186807743436
2183,4711.104,0.9997200013160847
11375,4680.511,0.9997213132824827
12538,4678.5070000000005,0.9997226246871513
6527,4674.3105,0.9997239349155238
5382,4658.3485,0.9997252406696822
5575,4634.32,0.9997265396885537
14000,4626.306500000001,0.9997278364612084
10535,4622.7,0.9997291322229463
14253,4622.7,0.9997304279846843
6833,4607.0485,0.9997317193592427
5698,4606.227,0.9997330105035314
3902,4593.934,0.9997342982020417
10399,4578.512000000001,0.9997355815777024
4612,4561.121,0.9997368600785945
5927,4558.6945,0.9997381378993287
2989,4530.006,0.999739407678559
4807,4530.006,0.9997406774577892
8704,4509.935,0.9997419416110359
8359,4509.517,0.9997432056471156
4234,4505.03,0.9997444684254708
10750,4498.704,0.9997457294306222
9833,4491.3,0.9997469883604022
935,4482.2519999999995,0.9997482447539907
4616,4474.143,0.9997494988745933
5687,4469.42,0.9997507516713197
10978,4445.38,0.9997519977295356
5839,4445.38,0.9997532437877515
1491,4445.38,0.9997544898459675
8714,4444.9195,0.9997557357751033
10881,4425.405,0.999756976234245
7820,4418.488,0.9997582147545232
13883,4391.565,0.9997594457281743
9240,4391.565,0.9997606767018253
9078,4379.12,0.999761904187092
13537,4369.304,0.9997631289208936
18256,4342.369499999999,0.9997643461048445
7494,4294.05,0.9997655497446419
3931,4289.472,0.999766752101207
9310,4275.710999999999,0.9997679506005075
18371,4256.29,0.9997691436560222
10490,4256.137000000001,0.9997703366686503
18131,4223.111,0.9997715204239556
6138,4216.01,0.9997727021888213
7904,4200.48,0.9997738796005645
11850,4172.199999999997,0.9997750490853078
530,4172.008,0.9997762185162328
10408,4172.008,0.9997773879471576
9907,4170.888,0.9997785570641421
4180,4164.52,0.9997797243961499
17302,4160.431999999997,0.9997808905822748
17906,4160.43,0.9997820567678389
16822,4160.43,0.999783222953403
4947,4149.2,0.9997843859911522
9142,4128.1185,0.9997855431196706
16875,4096.528,0.9997866913932425
4851,4096.528,0.9997878396668144
1844,4079.352000000003,0.9997889831258833
15955,4076.4475,0.9997901257708088
14298,4026.672,0.999791254463458
483,4005.7760000000003,0.9997923772988726
13988,3987.622,0.9997934950456469
4512,3963.5899999999997,0.9997946060561531
6555,3963.29,0.9997957169825681
4391,3950.9655000000002,0.9997968244543752
16904,3940.76,0.999797929065539
5760,3940.76,0.9997990336767028
5020,3940.76,0.9998001382878665
13668,3931.1394999999998,0.9998012402023647
5584,3929.2970000000023,0.9998023416004026
6616,3929.295,0.9998034429978799
18648,3925.9825,0.9998045434668499
1782,3882.3279999999995,0.9998056316992847
16686,3864.645,0.9998067149751023
17970,3863.9440000000004,0.9998077980544267
13332,3802.6,0.9998088639387765
11216,3802.6,0.9998099298231266
16359,3802.6,0.9998109957074766
5549,3802.6,0.9998120615918266
8264,3802.6,0.9998131274761765
99,3799.0020000000013,0.9998141923519923
3869,3797.84,0.9998152569020949
4150,3794.409,0.9998163204904741
12049,3794.17,0.9998173840118606
15213,3780.528,0.9998184437093386
7203,3780.432,0.9998195033799074
15538,3778.5730000000003,0.999820562529391
17847,3778.5730000000003,0.9998216216788745
13696,3765.1255,0.9998226770589688
5133,3743.722,0.9998237264395743
6417,3707.4559999999997,0.9998247656546715
12600,3707.4559999999997,0.9998258048697687
8823,3698.16,0.999826841479159
7519,3698.16,0.9998278780885493
8332,3698.16,0.9998289146979397
19436,3698.159999999996,0.99982995130733
18837,3683.1100000000006,0.9998309836981437
3195,3682.447,0.9998320159031159
2894,3681.486,0.9998330478387158
10344,3650.654499999998,0.99983407113212
6162,3617.8465,0.9998350852293075
5992,3612.47,0.9998360978194399
5257,3577.6925,0.9998371006612968
665,3570.4079999999994,0.9998381014612785
4729,3569.3285,0.9998391019586719
13770,3546.502,0.9998400960577037
13836,3546.502,0.9998410901567357
1959,3524.975,0.9998420782216615
1841,3487.95,0.9998430559083281
5479,3483.74,0.9998440324149144
17865,3482.78,0.999845008652409
17839,3476.959,0.9998459832582534
16153,3474.273,0.9998469571112009
7158,3455.5,0.9998479257019997
3894,3435.2400000000052,0.9998488886138374
11632,3435.2400000000002,0.9998498515256752
8452,3435.2400000000002,0.9998508144375129
17236,3435.2400000000002,0.9998517773493506
17548,3422.34,0.9998527366452657
1258,3419.22,0.9998536950666319
5324,3406.7175,0.9998546499834963
2489,3406.6565,0.999855604883262
15925,3398.104,0.9998565573857269
8557,3380.0675,0.9998575048324871
18094,3363.437,0.99985844761765
9511,3359.844,0.9998593893956803
3913,3359.368,0.9998603310402858
4630,3349.646,0.999861269959775
8454,3349.646,0.9998622088792641
5083,3319.3599999999997,0.9998631393094635
10762,3309.553,0.9998640669907205
1701,3260.609,0.9998649809527741
8223,3250.66,0.9998658921260821
14465,3250.66,0.9998668032993901
13325,3250.66,0.9998677144726982
15153,3240.29,0.9998686227392527
17976,3239.49,0.9998695307815639
12144,3239.49,0.9998704388238752
17800,3232.21,0.9998713448255727
14286,3232.21,0.9998722508272703
17599,3232.21,0.9998731568289677
15568,3232.21,0.9998740628306653
18922,3225.504,0.9998749669526436
7046,3223.9905,0.9998758706503815
8633,3222.196,0.9998767738451139
15759,3205.3905000000004,0.9998776723291958
13748,3176.515,0.9998785627193567
5095,3173.1859999999997,0.9998794521763853
3139,3173.1859999999997,0.9998803416334139
19285,3162.1799999999926,0.9998812280054156
19091,3135.366,0.9998821068613434
7591,3130.6435,0.9998829843935351
3785,3120.5965,0.9998838591095115
18782,3117.2395,0.9998847328845071
14319,3077.298,0.9998855954637367
6814,3064.709,0.999886454514218
3243,3053.608,0.9998873104530436
18748,3042.08,0.9998881631605235
3419,3042.08,0.9998890158680035
8413,3042.08,0.9998898685754836
14277,3025.2780000000002,0.9998907165732941
1090,3024.3345000000004,0.9998915643066377
520,3024.3345000000004,0.9998924120399814
800,3015.68,0.9998932573474333
9825,3010.941,0.999894101326524
2760,3009.391,0.9998949448711435
19061,2984.832,0.9998957815317746
14947,2970.8435,0.999896614271372
16988,2961.179,0.9998974443019705
16211,2960.3630000000003,0.9998982741038407
6207,2937.175,0.9998990974060198
14247,2934.52,0.9998999199639913
16139,2916.261,0.9999007374038905
11543,2916.261,0.9999015548437896
16,2915.542999999998,0.9999023720824305
7357,2865.159,0.9999031751982298
13269,2865.159,0.9999039783140291
13747,2865.159,0.9999047814298283
9546,2853.65,0.9999055813196078
479,2853.65,0.9999063812093874
664,2829.87,0.9999071744335354
4218,2825.94,0.9999079665560884
2519,2823.9075000000003,0.9999087581089233
4650,2807.3,0.999909545006608
15945,2786.9919999999997,0.9999103262118771
6567,2786.224,0.9999111072018727
17952,2763.0609999999997,0.9999118816991845
2262,2763.0609999999997,0.9999126561964964
312,2760.5789999999997,0.9999134299980934
2908,2753.5665,0.9999142018340581
10227,2705.9835000000003,0.999914960332313
19172,2699.277,0.9999157169507085
6968,2699.277,0.999916473569104
12765,2641.068,0.9999172138712783
11601,2617.28,0.999917947505579
1173,2611.9565000000002,0.9999186796476808
7915,2591.5919999999996,0.9999194060815298
786,2568.285,0.9999201259823314
18986,2562.62,0.9999208442952101
5038,2560.33,0.9999215619661925
14504,2560.33,0.999922279637175
14246,2560.33,0.9999229973081574
5373,2548.52,0.9999237116687485
15424,2546.808,0.9999244255494589
13604,2546.808,0.9999251394301695
17534,2540.496,0.9999258515416005
4879,2531.4365000000003,0.9999265611136166
14541,2526.57,0.9999272693215329
13536,2516.67,0.9999279747544385
16383,2516.67,0.9999286801873443
2236,2516.67,0.9999293856202499
12311,2516.67,0.9999300910531557
9387,2514.308,0.999930795823983
19904,2503.61,0.9999314975961173
5141,2503.61,0.9999321993682515
17098,2502.02,0.9999329006947022
16414,2490.14,0.9999335986911403
5841,2486.416,0.9999342956437258
7051,2477.138,0.99993498999565
12323,2463.44,0.9999356805079688
2920,2432.3134999999997,0.9999363622954021
5081,2425.6025,0.9999370422017146
11912,2425.6025,0.9999377221080271
11064,2408.53,0.9999383972288481
4645,2408.53,0.9999390723496691
7564,2405.3894999999998,0.999939746590195
8719,2390.8365,0.9999404167514554
1055,2390.8365,0.9999410869127159
2027,2390.8365,0.9999417570739763
4762,2378.4295,0.9999424237575039
15742,2378.4295,0.9999430904410314
7623,2378.31,0.9999437570910624
11609,2358.7075,0.9999444182464327
9612,2341.7194999999997,0.9999450746399968
14238,2341.2315,0.9999457308967726
2421,2304.297,0.9999463768006568
8351,2304.297,0.9999470227045409
19518,2293.668,0.999947665629073
371,2288.1035,0.9999483069938528
10341,2282.92,0.9999489469056765
17763,2282.92,0.9999495868175
18890,2269.1900000000023,0.9999502228807484
15332,2265.003,0.9999508577703634
3012,2265.003,0.9999514926599785
5359,2265.003,0.9999521275495936
16753,2265.003,0.9999527624392086
8247,2265.003,0.9999533973288237
19033,2248.83,0.9999540276850807
3062,2248.83,0.9999546580413375
17660,2248.8295,0.9999552883974545
1252,2245.301,0.9999559177645183
3732,2245.3,0.999956547131302
16841,2219.87,0.9999571693699524
4078,2218.44,0.9999577912077678
1853,2218.44,0.9999584130455834
13888,2178.227,0.9999590236115306
10445,2176.2805,0.9999596336318656
6161,2176.2805,0.9999602436522007
12998,2167.677,0.9999608512609395
7735,2136.3885,0.9999614500993836
9418,2136.3885,0.9999620489378279
5316,2128.0685000000003,0.9999626454441419
17102,2100.24,0.9999632341500134
1674,2100.24,0.999963822855885
3542,2047.2505,0.9999643967085828
11378,2023.947,0.9999649640292141
9123,2023.947,0.9999655313498453
7390,2013.336,0.9999660956961699
8011,2002.8880000000001,0.9999666571138773
11783,1956.14,0.9999672054279288
13030,1954.12,0.999967753175766
7134,1928.8115,0.9999682938295271
6217,1926.824,0.9999688339261839
4166,1926.824,0.9999693740228405
16470,1911.5055,0.9999699098256589
12658,1908.8025,0.9999704448708153
17513,1908.8025,0.9999709799159717
8946,1908.505,0.9999715148777377
19066,1890.216,0.9999720447130223
14063,1886.8895,0.9999725736158751
16745,1884.8,0.9999731019330326
19353,1858.333,0.9999736228313816
6836,1855.25,0.9999741428655531
10667,1796.5235000000007,0.9999746464384461
11051,1796.24,0.9999751499318729
11465,1787.07,0.9999756508549112
19235,1785.2039999999997,0.999976151254902
10389,1762.4875,0.999976645287365
18914,1744.317,0.9999771342265623
3923,1729.7925,0.9999776190944828
9027,1680.1919999999998,0.99997809005918
7787,1669.725,0.9999785580899343
14833,1669.725,0.9999790261206886
16811,1608.3629999999998,0.999979476951423
2072,1575.328,0.9999799185223117
10077,1570.9360000000001,0.9999803588621048
4562,1554.975,0.9999807947279642
11817,1550.5040000000001,0.9999812293405841
17600,1539.65,0.9999816609107833
2970,1539.65,0.9999820924809826
6863,1539.65,0.9999825240511818
88,1526.804,0.9999829520205945
5768,1526.804,0.9999833799900073
6482,1519.0095,0.9999838057745899
14424,1519.0095,0.9999842315591724
8798,1484.2,0.9999846475865095
5915,1469.6,0.9999850595214069
5743,1468.5875,0.9999854711724964
5206,1467.9115000000002,0.9999858826341003
15669,1460.718,0.9999862920793366
1324,1429.656,0.9999866928177673
8684,1429.656,0.999987093556198
1746,1429.656,0.9999874942946286
19849,1403.65,0.999987887743471
12889,1336.7355,0.999988262435905
12257,1333.4675000000002,0.9999886362123053
14699,1324.1999999999998,0.9999890073909873
3696,1279.098,0.9999893659273941
10128,1274.558,0.9999897231912203
5218,1268.97,0.9999900788887071
19737,1266.3809999999999,0.9999904338604867
5057,1251.0100000000002,0.999990784523712
9127,1248.534,0.9999911344929044
9433,1231.72,0.9999914797490638
2888,1231.72,0.9999918250052231
14788,1196.0265,0.9999921602563483
17925,1160.658,0.999992485593538
15370,1125.672,0.9999928011240088
6263,1122.65,0.9999931158074006
16437,1101.9959999999992,0.9999934247013915
13323,1098.9180000000001,0.9999937327326066
66,1053.759,0.9999940281055689
14574,978.07,0.9999943022625948
5204,978.07,0.9999945764196205
13858,954.2525,0.9999948439005036
17034,942.837,0.9999951081815752
4249,942.837,0.9999953724626468
16590,928.2110000000002,0.9999956326439907
11652,928.207,0.9999958928242133
7575,887.376,0.9999961415593395
9711,838.66,0.9999963766391714
2392,710.61,0.999996575826064
10716,682.74,0.9999967672008816
9025,658.24,0.9999969517082486
13045,658.24,0.9999971362156158
12451,644.005,0.9999973167328543
3900,637.279,0.9999974953647673
10733,614.466,0.9999976676021032
482,614.4624999999996,0.9999978398384579
11151,610.11,0.999998010854789
10291,579.07,0.9999981731704811
12094,568.1474999999999,0.9999983324245517
3789,557.631,0.9999984887308043
5121,550.1165000000001,0.9999986429307117
14318,550.1165000000001,0.9999987971306191
16620,478.43999999999994,0.9999989312393102
13454,462.42,0.9999990608575295
12274,462.42,0.999999190475749
19184,462.42,0.9999993200939684
7015,441.4,0.9999994438201958
960,441.39799999999923,0.9999995675458625
3492,439.29900000000004,0.9999996906831708
4057,397.26,0.9999998020367755
8995,353.12,0.9999999010177574
16807,353.12,0.9999999999987392
9111,0.005000000001018634,1.0000000000001408
16497,0.004999999999199645,1.0000000000015423
7869,0.004000000000814907,1.0000000000026636
9484,0.004000000000814907,1.0000000000037848
1223,0.0039999999999054126,1.000000000004906
9201,0.003999999998995918,1.0000000000060274
11937,0.003999999998995918,1.0000000000071487
11663,0.0039999999971769284,1.0000000000082698
13050,0.0029999999997016857,1.0000000000091107
11091,0.002500000000509317,1.0000000000098115
6702,0.0025000000000545697,1.0000000000105123
2996,0.0020000000004074536,1.000000000011073
75,0.0020000000004074536,1.0000000000116334
4837,0.0020000000004074536,1.000000000012194
14031,0.0019999999999527063,1.0000000000127547
8734,0.0019999999985884642,1.0000000000133151
13816,0.001999999993131496,1.0000000000138758
11585,0.001999999978579581,1.0000000000144362
9747,0.0010000000038417056,1.0000000000147167
11967,0.0005000000019208528,1.0000000000148568
1793,4.547473508864641e-13,1.0000000000148568
12200,0.0,1.0000000000148568
18110,0.0,1.0000000000148568
8418,0.0,1.0000000000148568
11058,0.0,1.0000000000148568
11980,0.0,1.0000000000148568
926,0.0,1.0000000000148568
10305,0.0,1.0000000000148568
4006,0.0,1.0000000000148568
16328,0.0,1.0000000000148568
10037,0.0,1.0000000000148568
12006,0.0,1.0000000000148568
1603,0.0,1.0000000000148568
14736,0.0,1.0000000000148568
3206,0.0,1.0000000000148568
9053,0.0,1.0000000000148568
10211,0.0,1.0000000000148568
5044,0.0,1.0000000000148568
8466,0.0,1.0000000000148568
5457,0.0,1.0000000000148568
4534,-3.637978807091713e-12,1.0000000000148568
19762,-0.0009999999983847374,1.0000000000145766
9144,-0.001999999999497959,1.000000000014016
10274,-0.0020000000004074536,1.0000000000134555
19862,-0.0020000000004074536,1.0000000000128948
325,-0.0020000000004074536,1.0000000000123341
1726,-0.0020000000076834112,1.0000000000117737
19177,-0.002499999995052349,1.000000000011073
4761,-0.0024999999986903276,1.0000000000103721
11344,-0.0029999999969732016,1.0000000000095313
11445,-0.0029999999997016857,1.0000000000086904
17724,-0.0030000000006111804,1.0000000000078495
16683,-0.0030000000006111804,1.0000000000070086
79,-0.003499999999803549,1.0000000000060276
13976,-0.003999999998995918,1.0000000000049063
1786,-0.004000000000814907,1.0000000000037852
17322,-0.004000000000814907,1.0000000000026639
7326,-0.00450000000273576,1.0000000000014024
17658,-0.005000000000109139,1.0000000000000009
