return_id,order_id,order_item_id,return_date,return_qty,reason,refund_amount
1,2,4,2025-02-28,2,Size Issue,56740.62
2,3,6,2025-05-06,1,Not as Expected,11297.83
3,12,25,2025-04-02,1,Damaged,17257.41
4,18,43,2025-04-23,1,Size Issue,8384.42
5,28,63,2025-06-17,1,Changed Mind,1196.03
6,42,86,2025-08-06,2,Changed Mind,13334.78
7,54,108,2025-11-06,1,Changed Mind,9289.6
8,55,111,2025-08-12,1,Wrong Item,9071.06
9,77,152,2025-07-21,1,Not as Expected,2402.05
10,79,160,2025-10-05,1,Size Issue,4199.21
11,155,301,2025-12-09,2,Not as Expected,16788.58
12,158,309,2025-09-03,1,Changed Mind,18386.81
13,161,317,2025-08-17,1,Changed Mind,1884.8
14,170,335,2025-06-23,1,Changed Mind,6313.12
15,170,336,2025-06-04,1,Changed Mind,14615.07
16,177,348,2025-05-01,1,Wrong Item,13783.8
17,189,370,2025-11-01,2,Wrong Item,11269.27
18,191,374,2025-06-27,1,Not as Expected,17616.55
19,196,384,2025-08-27,1,Not as Expected,47843.8
20,232,459,2025-08-17,1,Changed Mind,76831.52
21,241,472,2025-07-26,1,Not as Expected,14905.38
22,245,481,2025-09-09,1,Damaged,13191.41
23,271,530,2025-08-29,2,Damaged,39626.18
24,285,564,2025-08-15,1,Damaged,12977.94
25,287,570,2025-02-05,1,Not as Expected,2013.34
26,293,580,2025-08-23,1,Not as Expected,7768.72
27,296,590,2025-11-29,1,Wrong Item,2087.22
28,305,608,2025-10-20,1,Damaged,65630.36
29,312,621,2025-11-04,1,Changed Mind,14642.72
30,312,622,2025-11-19,1,Changed Mind,65693.55
31,328,656,2025-03-18,2,Wrong Item,35009.38
32,330,662,2025-12-08,2,Changed Mind,14039.77
33,342,688,2025-02-26,1,Changed Mind,5199.03
34,362,734,2025-07-07,1,Size Issue,3435.24
35,388,790,2025-05-15,2,Wrong Item,127356.45
36,399,811,2025-11-01,1,Changed Mind,26522.53
37,404,824,2025-07-29,1,Wrong Item,77286.53
38,410,835,2025-12-02,2,Damaged,170069.36
39,432,877,2025-02-06,1,Not as Expected,6260.4
40,441,892,2025-05-05,1,Not as Expected,53425.19
41,443,895,2025-04-17,1,Changed Mind,2427.74
42,451,909,2025-08-23,1,Changed Mind,5009.97
43,475,967,2025-12-16,1,Changed Mind,13783.8
44,480,977,2025-10-03,1,Not as Expected,15571.42
45,487,988,2025-12-07,1,Changed Mind,72922.62
46,487,989,2025-12-08,1,Changed Mind,22144.04
47,489,993,2025-12-31,1,Wrong Item,4445.38
48,494,1007,2025-12-10,2,Not as Expected,11978.32
49,505,1032,2025-08-10,1,Changed Mind,1468.59
50,508,1038,2025-12-04,1,Wrong Item,6392.08
51,513,1048,2025-06-20,1,Wrong Item,2716.94
52,519,1059,2025-07-07,1,Damaged,17890.34
53,528,1075,2025-12-17,1,Damaged,24526.24
54,536,1088,2025-06-12,2,Changed Mind,7594.98
55,540,1100,2025-09-03,1,Size Issue,70088.86
56,541,1104,2025-07-18,1,Wrong Item,22802.0
57,546,1112,2025-08-16,2,Size Issue,10681.17
58,555,1129,2025-01-25,1,Changed Mind,6948.01
59,565,1153,2025-07-26,1,Changed Mind,3649.94
60,569,1161,2025-12-31,1,Changed Mind,29265.5
61,584,1190,2025-12-31,1,Size Issue,3604.02
62,594,1205,2025-05-25,1,Damaged,42740.15
63,610,1236,2025-08-26,2,Wrong Item,15352.54
64,631,1279,2025-12-05,1,Size Issue,36908.76
65,642,1302,2025-05-02,1,Changed Mind,53425.19
66,651,1323,2025-02-06,1,Changed Mind,25218.61
67,653,1328,2025-11-17,1,Not as Expected,15504.06
68,662,1347,2025-06-10,1,Not as Expected,63144.69
69,665,1356,2025-04-15,1,Not as Expected,69276.49
70,667,1362,2025-08-24,1,Not as Expected,26779.67
71,676,1383,2025-11-19,1,Size Issue,50753.93
72,684,1393,2025-11-25,1,Not as Expected,2306.36
73,729,1487,2025-06-03,1,Damaged,20477.41
74,731,1490,2025-12-31,1,Size Issue,51971.47
75,767,1563,2025-12-08,1,Changed Mind,16878.45
76,783,1603,2025-05-09,1,Not as Expected,3612.47
77,794,1621,2025-07-06,1,Not as Expected,1576.96
78,795,1628,2025-02-06,1,Not as Expected,682.74
79,800,1639,2025-05-20,1,Size Issue,942.84
80,814,1665,2025-06-20,1,Size Issue,5823.38
81,872,1777,2025-07-31,2,Not as Expected,35994.4
82,916,1865,2025-06-04,2,Not as Expected,34333.7
83,917,1871,2025-12-04,1,Wrong Item,13469.92
84,933,1905,2025-12-31,1,Not as Expected,6260.4
85,944,1930,2025-09-28,1,Not as Expected,14322.43
86,944,1931,2025-10-10,1,Changed Mind,16342.34
87,961,1962,2025-08-04,1,Wrong Item,12326.1
88,968,1976,2025-01-24,2,Not as Expected,23959.24
89,971,1982,2025-02-01,1,Changed Mind,6236.91
90,992,2023,2025-08-03,1,Not as Expected,3617.85
91,993,2025,2025-12-08,1,Changed Mind,65630.36
92,1003,2042,2025-01-16,1,Damaged,26972.35
93,1010,2054,2025-08-14,1,Not as Expected,19995.09
94,1037,2113,2025-02-20,2,Wrong Item,136643.85
95,1060,2159,2025-10-15,2,Size Issue,15949.15
96,1077,2188,2025-09-09,1,Size Issue,15381.02
97,1085,2200,2025-01-31,2,Wrong Item,53944.71
98,1100,2237,2025-11-30,1,Not as Expected,9988.83
99,1103,2246,2025-12-20,1,Not as Expected,22275.42
100,1109,2257,2025-06-20,1,Changed Mind,16363.62
101,1109,2258,2025-06-30,1,Not as Expected,56128.62
102,1113,2266,2025-02-26,1,Size Issue,2425.6
103,1117,2273,2025-12-31,2,Damaged,26736.78
104,1125,2290,2025-12-31,1,Wrong Item,15742.34
105,1127,2299,2025-06-15,1,Damaged,19818.17
106,1137,2322,2025-11-26,1,Not as Expected,17278.36
107,1168,2392,2025-12-31,1,Size Issue,5641.35
108,1179,2415,2025-11-10,2,Damaged,46271.3
109,1192,2442,2025-06-07,2,Size Issue,18411.1
110,1195,2449,2025-12-29,3,Damaged,126709.03
111,1200,2459,2025-05-18,1,Damaged,2047.25
112,1204,2473,2025-08-22,1,Not as Expected,648.6
113,1208,2482,2025-07-06,1,Damaged,3082.98
114,1232,2536,2025-04-21,1,Damaged,34805.92
115,1237,2544,2025-10-27,1,Wrong Item,8849.06
116,1239,2548,2025-12-31,1,Not as Expected,5257.17
117,1257,2579,2025-06-28,1,Not as Expected,18165.69
118,1261,2590,2025-02-17,1,Changed Mind,31505.5
119,1261,2591,2025-02-25,1,Not as Expected,3830.66
120,1271,2609,2025-05-25,1,Damaged,5077.22
121,1272,2613,2025-08-15,1,Wrong Item,3840.94
122,1324,2712,2025-04-20,1,Changed Mind,5966.08
123,1328,2724,2025-12-31,1,Damaged,2529.74
124,1336,2736,2025-10-22,1,Changed Mind,2453.85
125,1340,2745,2025-12-31,1,Size Issue,6007.76
126,1343,2751,2025-11-10,1,Size Issue,393.06
127,1360,2780,2025-03-01,1,Changed Mind,23309.52
128,1361,2783,2025-12-01,1,Damaged,42527.82
129,1363,2787,2025-12-31,1,Damaged,21944.53
130,1380,2817,2025-03-01,3,Damaged,9550.53
131,1386,2829,2025-11-15,1,Not as Expected,2219.87
132,1406,2868,2025-09-07,1,Not as Expected,34805.92
133,1419,2900,2025-04-15,1,Damaged,28014.89
134,1424,2909,2025-06-01,1,Changed Mind,61476.94
135,1456,2978,2025-08-23,3,Damaged,17069.11
136,1459,2982,2025-08-17,1,Not as Expected,67497.19
137,1463,2990,2025-08-24,1,Size Issue,9571.1
138,1472,3012,2025-03-13,1,Damaged,5154.02
139,1475,3022,2025-12-06,1,Changed Mind,2825.94
140,1486,3045,2025-03-04,1,Changed Mind,13713.8
141,1491,3058,2025-01-08,1,Changed Mind,11751.56
142,1504,3092,2025-07-20,1,Size Issue,1796.24
143,1534,3149,2025-04-06,1,Damaged,11728.56
144,1556,3195,2025-04-19,1,Changed Mind,23447.81
145,1558,3198,2025-06-05,2,Not as Expected,36441.78
146,1560,3202,2025-04-14,1,Size Issue,80152.92
147,1568,3216,2025-11-10,2,Damaged,8010.42
148,1581,3247,2025-12-28,1,Wrong Item,13322.41
149,1594,3267,2025-06-04,1,Size Issue,10725.79
150,1633,3351,2025-08-21,1,Wrong Item,9197.8
151,1647,3373,2025-03-23,1,Size Issue,13422.98
152,1648,3374,2025-11-21,1,Changed Mind,2913.94
153,1669,3415,2025-12-31,1,Size Issue,76531.21
154,1691,3464,2025-04-20,1,Size Issue,2710.97
155,1705,3502,2025-03-30,3,Wrong Item,28148.54
156,1710,3515,2025-11-15,1,Wrong Item,48082.67
157,1719,3530,2025-08-29,1,Wrong Item,22758.8
158,1726,3543,2025-09-25,2,Wrong Item,15633.02
159,1751,3588,2025-12-12,1,Not as Expected,1616.62
160,1778,3639,2025-08-19,2,Damaged,39781.8
161,1785,3651,2025-12-31,1,Size Issue,7062.58
162,1791,3666,2025-12-25,1,Damaged,70616.14
163,1800,3682,2025-03-29,1,Size Issue,9243.45
164,1804,3690,2025-05-19,1,Wrong Item,69541.17
165,1808,3701,2025-11-30,1,Changed Mind,11001.14
166,1831,3748,2025-12-31,1,Not as Expected,65630.36
167,1839,3764,2025-05-27,1,Changed Mind,3359.84
168,1868,3820,2025-04-18,1,Not as Expected,75913.25
169,1892,3871,2025-03-29,1,Size Issue,10310.01
170,1913,3920,2025-10-13,1,Not as Expected,12453.89
171,1913,3921,2025-09-23,2,Changed Mind,8903.17
172,1954,3998,2025-10-29,3,Size Issue,52849.64
173,1958,4007,2025-07-07,1,Not as Expected,3802.6
174,1961,4016,2025-09-19,1,Damaged,7799.87
175,1993,4074,2025-04-16,1,Damaged,69276.49
176,1996,4080,2025-05-10,1,Size Issue,65029.29
177,2015,4116,2025-12-31,1,Changed Mind,32008.06
178,2039,4171,2025-06-05,1,Size Issue,9401.25
179,2051,4193,2025-12-31,1,Damaged,1997.88
180,2057,4203,2025-06-25,1,Changed Mind,14905.38
181,2074,4242,2025-05-04,1,Damaged,5351.01
182,2123,4333,2025-12-02,2,Changed Mind,21664.98
183,2125,4335,2025-12-31,1,Size Issue,12974.84
184,2131,4347,2025-05-09,2,Wrong Item,14175.94
185,2145,4374,2025-11-30,1,Not as Expected,55817.28
186,2154,4389,2025-09-14,1,Changed Mind,2853.65
187,2156,4393,2025-03-18,1,Wrong Item,6465.46
188,2162,4405,2025-11-16,1,Changed Mind,13107.71
189,2178,4435,2025-04-09,1,Wrong Item,3989.25
190,2183,4451,2025-03-25,1,Changed Mind,4881.81
191,2184,4452,2025-12-31,1,Damaged,8781.28
192,2192,4471,2025-08-29,1,Size Issue,74915.56
193,2197,4480,2025-09-17,1,Size Issue,1109.22
194,2200,4487,2025-08-07,1,Changed Mind,3476.96
195,2211,4504,2025-06-19,3,Wrong Item,70343.43
196,2212,4508,2025-03-18,2,Changed Mind,22327.96
197,2224,4532,2025-07-09,1,Wrong Item,6629.89
198,2232,4550,2025-06-12,1,Changed Mind,53836.23
199,2251,4592,2025-04-02,1,Wrong Item,2738.08
200,2256,4605,2025-07-26,1,Changed Mind,528.28
201,2270,4636,2025-02-06,1,Not as Expected,15381.06
202,2272,4640,2025-05-29,1,Damaged,69276.49
203,2272,4642,2025-06-09,1,Not as Expected,22334.76
204,2275,4650,2025-11-29,1,Changed Mind,60565.76
205,2277,4653,2025-10-13,2,Changed Mind,12001.3
206,2286,4674,2025-08-02,1,Wrong Item,4622.7
207,2295,4693,2025-03-14,1,Changed Mind,22144.04
208,2297,4697,2025-04-28,1,Size Issue,1837.0
209,2318,4736,2025-10-17,1,Changed Mind,16238.97
210,2345,4804,2025-11-02,1,Damaged,7394.76
211,2360,4832,2025-04-25,1,Damaged,469.58
212,2367,4848,2025-03-11,1,Size Issue,3331.62
213,2448,5016,2025-11-17,1,Wrong Item,2853.65
214,2453,5028,2025-02-07,1,Wrong Item,2543.35
215,2477,5074,2025-09-09,1,Not as Expected,8686.53
216,2485,5095,2025-07-25,1,Changed Mind,61984.23
217,2497,5122,2025-02-05,1,Wrong Item,4505.03
218,2509,5142,2025-10-05,1,Not as Expected,13672.06
219,2515,5151,2025-02-16,1,Damaged,24944.86
220,2516,5152,2025-12-31,1,Size Issue,25817.09
221,2534,5189,2025-07-22,1,Wrong Item,26775.06
222,2539,5201,2025-09-03,1,Damaged,16750.23
223,2542,5207,2025-07-25,2,Damaged,55836.9
224,2558,5243,2025-12-25,1,Damaged,6628.98
225,2569,5262,2025-02-05,1,Wrong Item,24786.92
226,2577,5283,2025-02-27,1,Size Issue,1469.6
227,2578,5287,2025-02-25,1,Not as Expected,13146.12
228,2584,5301,2025-06-04,2,Damaged,8512.58
229,2589,5313,2025-04-27,1,Not as Expected,7816.51
230,2593,5320,2025-06-25,2,Damaged,29373.21
231,2598,5333,2025-09-16,1,Wrong Item,8384.42
232,2600,5336,2025-12-31,1,Wrong Item,12348.38
233,2611,5357,2025-12-17,1,Changed Mind,7183.84
234,2624,5394,2025-04-21,1,Wrong Item,71169.78
235,2627,5406,2025-07-12,1,Not as Expected,46929.27
236,2643,5432,2025-12-14,1,Wrong Item,19996.54
237,2680,5506,2025-02-10,1,Changed Mind,8737.91
238,2681,5512,2025-08-11,1,Wrong Item,8645.43
239,2687,5520,2025-04-24,2,Size Issue,142339.56
240,2696,5533,2025-08-07,2,Size Issue,5827.89
241,2710,5565,2025-12-11,2,Not as Expected,8783.13
242,2723,5587,2025-08-09,2,Changed Mind,13622.22
243,2727,5594,2025-05-12,3,Wrong Item,16790.58
244,2728,5597,2025-06-30,3,Changed Mind,40105.17
245,2742,5632,2025-03-04,1,Damaged,3788.15
246,2771,5694,2025-12-01,1,Wrong Item,21063.32
247,2787,5722,2025-02-02,1,Wrong Item,24772.71
248,2814,5786,2025-05-01,2,Changed Mind,24958.12
249,2886,5932,2025-07-10,1,Changed Mind,6415.26
250,2886,5933,2025-07-05,1,Size Issue,12252.26
251,2887,5934,2025-04-23,1,Size Issue,17797.12
252,2887,5937,2025-05-17,1,Not as Expected,39889.88
253,2891,5947,2025-01-14,1,Damaged,462.42
254,2891,5948,2025-01-23,1,Not as Expected,33845.11
255,2900,5964,2025-04-18,1,Wrong Item,13414.84
256,2927,6020,2025-04-04,1,Changed Mind,3024.33
257,2936,6041,2025-11-16,1,Wrong Item,23235.38
258,2941,6051,2025-03-03,1,Wrong Item,16414.44
259,2968,6107,2025-12-15,1,Changed Mind,2248.83
260,2980,6133,2025-06-17,1,Size Issue,9557.75
261,2983,6139,2025-11-19,1,Changed Mind,21483.76
262,2992,6165,2025-02-17,1,Damaged,14545.44
263,2999,6177,2025-03-08,1,Size Issue,5299.61
264,3011,6209,2025-11-16,1,Size Issue,9401.25
265,3022,6233,2025-08-16,1,Not as Expected,4856.61
266,3032,6254,2025-08-13,1,Not as Expected,6526.24
267,3038,6267,2025-08-01,1,Changed Mind,5914.31
268,3044,6281,2025-12-08,2,Damaged,21029.63
269,3044,6284,2025-11-29,1,Changed Mind,69276.49
270,3088,6374,2025-12-31,1,Not as Expected,6853.82
271,3103,6409,2025-02-08,1,Size Issue,5638.38
272,3107,6418,2025-08-09,1,Wrong Item,3173.19
273,3134,6470,2025-11-01,1,Size Issue,27844.74
274,3178,6559,2025-12-21,1,Damaged,4223.11
275,3180,6561,2025-09-29,1,Not as Expected,43804.02
276,3207,6618,2025-08-31,4,Wrong Item,14280.92
277,3215,6633,2025-06-11,1,Changed Mind,11701.9
278,3219,6646,2025-10-19,1,Changed Mind,46196.86
279,3226,6662,2025-11-03,1,Not as Expected,13837.65
280,3248,6701,2025-08-08,1,Damaged,17517.84
281,3262,6730,2025-05-29,1,Size Issue,16637.85
282,3270,6747,2025-02-14,1,Not as Expected,42527.82
283,3293,6787,2025-12-13,1,Damaged,7348.62
284,3294,6790,2025-10-03,2,Not as Expected,6965.56
285,3305,6811,2025-06-28,1,Changed Mind,10824.51
286,3306,6814,2025-10-29,4,Size Issue,12037.56
287,3311,6826,2025-10-29,1,Not as Expected,557.63
288,3314,6830,2025-05-15,1,Changed Mind,2013.34
289,3316,6837,2025-06-23,1,Damaged,18206.26
290,3321,6850,2025-02-26,1,Not as Expected,34678.54
291,3331,6874,2025-05-07,1,Wrong Item,85157.66
292,3334,6882,2025-09-19,1,Damaged,31636.97
293,3340,6897,2025-12-30,1,Damaged,24847.65
294,3342,6900,2025-08-20,2,Not as Expected,22999.52
295,3345,6905,2025-11-06,1,Size Issue,6283.04
296,3356,6929,2025-05-29,1,Not as Expected,77004.7
297,3360,6939,2025-02-08,1,Changed Mind,2434.49
298,3361,6940,2025-12-31,1,Not as Expected,7275.47
299,3379,6967,2025-11-06,1,Size Issue,3183.51
300,3392,6995,2025-02-01,1,Not as Expected,33845.11
301,3394,7004,2025-06-17,1,Wrong Item,2425.6
302,3403,7020,2025-09-16,1,Changed Mind,18007.04
303,3405,7026,2025-06-11,1,Not as Expected,12531.84
304,3413,7038,2025-03-21,1,Changed Mind,8635.81
305,3441,7100,2025-10-07,1,Changed Mind,6733.57
306,3471,7154,2025-07-07,2,Not as Expected,9245.4
307,3488,7184,2025-06-11,1,Changed Mind,8095.73
308,3516,7239,2025-10-18,1,Changed Mind,11931.54
309,3518,7243,2025-05-20,2,Not as Expected,15007.97
310,3521,7249,2025-09-27,1,Wrong Item,2244.69
311,3527,7258,2025-10-13,1,Not as Expected,2568.29
312,3537,7279,2025-08-25,3,Size Issue,11407.8
313,3538,7282,2025-10-15,1,Wrong Item,18241.6
314,3542,7288,2025-09-09,1,Damaged,50753.93
315,3550,7305,2025-08-23,1,Size Issue,13713.8
316,3569,7340,2025-01-26,1,Damaged,21063.32
317,3576,7349,2025-12-25,1,Wrong Item,10098.31
318,3577,7354,2025-03-03,1,Wrong Item,7037.18
319,3587,7372,2025-09-25,1,Wrong Item,65630.36
320,3598,7396,2025-12-28,1,Wrong Item,8737.91
321,3605,7413,2025-07-21,2,Changed Mind,55507.3
322,3610,7426,2025-07-03,1,Size Issue,5390.24
323,3616,7434,2025-11-19,1,Not as Expected,64398.64
324,3617,7439,2025-10-24,1,Size Issue,47843.8
325,3632,7476,2025-06-04,3,Changed Mind,104417.76
326,3653,7518,2025-10-08,1,Not as Expected,53159.78
327,3655,7522,2025-09-14,1,Wrong Item,8278.02
328,3667,7545,2025-03-05,2,Wrong Item,34545.42
329,3676,7561,2025-07-25,1,Not as Expected,74915.56
330,3684,7577,2025-07-13,1,Size Issue,14686.61
331,3689,7591,2025-07-19,1,Not as Expected,67424.0
332,3717,7646,2025-09-01,1,Damaged,10553.13
333,3719,7652,2025-05-20,1,Size Issue,72563.1
334,3733,7681,2025-05-29,1,Damaged,7645.97
335,3735,7685,2025-04-05,1,Changed Mind,45035.1
336,3766,7754,2025-04-09,1,Not as Expected,11257.59
337,3780,7790,2025-08-31,1,Changed Mind,4557.56
338,3785,7798,2025-11-01,1,Wrong Item,6283.04
339,3800,7831,2025-03-18,1,Changed Mind,5823.38
340,3803,7836,2025-02-13,1,Damaged,462.42
341,3809,7849,2025-04-02,1,Wrong Item,7965.2
342,3820,7863,2025-03-21,1,Changed Mind,26447.21
343,3825,7872,2025-10-17,1,Changed Mind,1251.01
344,3827,7877,2025-12-31,1,Size Issue,7832.46
345,3829,7886,2025-02-13,1,Damaged,14160.54
346,3830,7888,2025-03-19,1,Not as Expected,69520.95
347,3832,7894,2025-03-04,1,Changed Mind,24083.64
348,3844,7921,2025-12-31,1,Wrong Item,3797.84
349,3847,7932,2025-12-31,1,Not as Expected,528.28
350,3855,7949,2025-06-13,1,Size Issue,9930.66
351,3858,7956,2025-12-10,1,Wrong Item,15440.84
352,3877,7999,2025-06-27,1,Wrong Item,68126.13
353,3879,8002,2025-04-23,1,Damaged,4294.05
354,3887,8018,2025-09-27,3,Size Issue,6008.66
355,3894,8030,2025-09-14,1,Damaged,3056.56
356,3895,8033,2025-07-25,1,Size Issue,48789.24
357,3899,8042,2025-04-07,1,Changed Mind,5789.44
358,3919,8071,2025-10-20,1,Damaged,4622.7
359,3930,8091,2025-10-15,3,Damaged,12130.43
360,3953,8138,2025-11-07,1,Damaged,17272.71
361,3963,8153,2025-10-23,1,Damaged,58338.1
362,3966,8158,2025-11-09,1,Changed Mind,63678.23
363,3977,8183,2025-06-14,1,Changed Mind,11872.27
364,3994,8223,2025-10-21,1,Size Issue,72563.1
365,4003,8242,2025-12-21,1,Wrong Item,13837.65
366,4016,8266,2025-11-10,1,Size Issue,10553.13
367,4035,8300,2025-04-29,1,Changed Mind,11438.37
368,4041,8309,2025-02-22,1,Changed Mind,17272.71
369,4050,8330,2025-09-29,1,Size Issue,3693.49
370,4062,8356,2025-09-26,1,Changed Mind,23309.52
371,4064,8362,2025-12-31,1,Wrong Item,2178.23
372,4065,8364,2025-09-27,1,Not as Expected,6602.36
373,4096,8434,2025-11-26,1,Changed Mind,20012.77
374,4123,8483,2025-06-15,1,Not as Expected,11053.15
375,4129,8494,2025-07-06,2,Damaged,3954.73
376,4130,8495,2025-10-17,1,Changed Mind,8202.58
377,4133,8502,2025-11-03,1,Size Issue,2865.16
378,4158,8546,2025-11-29,1,Wrong Item,13300.07
379,4176,8583,2025-04-21,1,Changed Mind,1109.22
380,4188,8613,2025-02-24,1,Wrong Item,8849.06
381,4225,8693,2025-12-02,1,Changed Mind,1550.5
382,4265,8772,2025-04-07,1,Wrong Item,1997.88
383,4267,8778,2025-10-24,1,Wrong Item,7974.58
384,4274,8796,2025-04-14,1,Size Issue,4622.7
385,4276,8800,2025-04-22,1,Not as Expected,3024.33
386,4286,8821,2025-01-12,3,Damaged,16574.5
387,4301,8851,2025-03-31,1,Changed Mind,1886.89
388,4301,8852,2025-04-14,1,Not as Expected,13414.84
389,4303,8854,2025-07-02,1,Not as Expected,12133.75
390,4312,8867,2025-11-14,1,Not as Expected,5090.79
391,4319,8878,2025-12-31,1,Size Issue,1997.88
392,4333,8909,2025-11-20,2,Changed Mind,16223.73
393,4336,8916,2025-06-02,1,Size Issue,48082.67
394,4339,8920,2025-12-03,1,Changed Mind,45411.41
395,4344,8931,2025-12-13,2,Damaged,5376.75
396,4350,8945,2025-09-02,1,Size Issue,7028.23
397,4350,8946,2025-08-28,1,Damaged,8737.91
398,4373,8994,2025-10-25,1,Damaged,4289.47
399,4385,9012,2025-03-03,1,Damaged,17097.34
400,4391,9026,2025-12-07,1,Not as Expected,42740.15
401,4394,9031,2025-11-04,1,Changed Mind,19464.27
402,4406,9048,2025-10-15,1,Size Issue,46929.27
403,4408,9051,2025-12-12,1,Size Issue,2167.68
404,4441,9116,2025-12-20,1,Not as Expected,23955.35
405,4449,9131,2025-08-18,1,Changed Mind,2710.97
406,4464,9161,2025-07-05,1,Wrong Item,2600.53
407,4479,9190,2025-02-13,2,Wrong Item,178434.24
408,4491,9213,2025-03-25,1,Wrong Item,9669.1
409,4496,9222,2025-03-12,1,Damaged,8038.43
410,4500,9228,2025-02-19,1,Wrong Item,9680.56
411,4500,9230,2025-02-20,1,Changed Mind,18425.99
412,4504,9236,2025-03-25,1,Not as Expected,4223.11
413,4534,9301,2025-12-10,1,Damaged,5367.04
414,4536,9307,2025-07-28,2,Size Issue,1996.6
415,4553,9345,2025-07-25,1,Wrong Item,47896.11
416,4564,9376,2025-10-26,1,Damaged,4558.69
417,4576,9401,2025-12-31,1,Damaged,3956.66
418,4577,9403,2025-05-29,2,Wrong Item,42967.52
419,4577,9404,2025-05-04,1,Size Issue,9112.11
420,4588,9427,2025-10-26,1,Size Issue,5974.0
421,4604,9460,2025-11-03,2,Wrong Item,16535.19
422,4616,9485,2025-04-11,1,Wrong Item,17278.36
423,4616,9486,2025-04-15,1,Wrong Item,92374.19
424,4618,9492,2025-02-07,1,Changed Mind,74469.42
425,4632,9520,2025-02-13,1,Damaged,2408.53
426,4634,9527,2025-03-17,1,Damaged,12531.84
427,4643,9550,2025-12-31,1,Size Issue,72922.62
428,4645,9556,2025-08-31,1,Changed Mind,84250.43
429,4656,9579,2025-07-22,1,Changed Mind,3170.63
430,4675,9616,2025-10-17,1,Damaged,10866.45
431,4681,9630,2025-10-22,1,Not as Expected,17272.71
432,4705,9679,2025-05-30,1,Wrong Item,3976.55
433,4722,9717,2025-08-17,1,Changed Mind,11013.32
434,4727,9723,2025-12-06,1,Wrong Item,16850.66
435,4753,9777,2025-07-07,1,Damaged,10830.06
436,4769,9816,2025-12-24,1,Not as Expected,8809.62
437,4801,9880,2025-01-19,1,Changed Mind,72279.48
438,4809,9900,2025-03-27,2,Changed Mind,61451.59
439,4819,9921,2025-12-18,1,Not as Expected,14074.85
440,4822,9927,2025-07-27,2,Changed Mind,7224.94
441,4885,10059,2025-12-17,2,Changed Mind,60815.31
442,4903,10092,2025-12-31,1,Changed Mind,74915.56
443,4908,10100,2025-07-05,1,Not as Expected,4650.33
444,4927,10143,2025-08-11,1,Changed Mind,5611.66
445,4937,10160,2025-11-20,1,Damaged,18959.46
446,4938,10162,2025-05-06,1,Changed Mind,9112.11
447,4943,10180,2025-04-15,1,Damaged,4658.7
448,4945,10186,2025-08-01,1,Not as Expected,3929.29
449,4947,10190,2025-11-19,1,Damaged,16815.65
450,4954,10203,2025-01-21,1,Wrong Item,20274.81
451,4972,10242,2025-10-30,1,Size Issue,4949.87
452,4995,10284,2025-12-12,1,Wrong Item,1539.65
453,5005,10299,2025-07-22,1,Wrong Item,74915.56
454,5014,10315,2025-07-23,2,Not as Expected,13142.92
455,5025,10339,2025-12-31,1,Wrong Item,22713.56
456,5052,10397,2025-02-22,1,Damaged,2516.67
457,5061,10418,2025-10-01,2,Size Issue,34638.72
458,5065,10427,2025-08-23,1,Wrong Item,76944.97
459,5071,10436,2025-09-23,1,Size Issue,10920.38
460,5091,10478,2025-05-19,1,Changed Mind,14549.56
461,5102,10501,2025-07-13,1,Not as Expected,61829.22
462,5105,10509,2025-11-11,1,Wrong Item,56768.87
463,5116,10532,2025-11-20,1,Wrong Item,17700.68
464,5117,10534,2025-10-31,1,Size Issue,49181.55
465,5160,10615,2025-02-12,1,Size Issue,2503.61
466,5171,10638,2025-04-30,1,Not as Expected,50753.93
467,5172,10640,2025-03-01,1,Not as Expected,3929.29
468,5181,10657,2025-05-05,1,Changed Mind,42740.15
469,5188,10675,2025-09-22,1,Not as Expected,11728.56
470,5189,10676,2025-11-02,1,Wrong Item,50354.71
471,5191,10681,2025-06-09,1,Not as Expected,1109.22
472,5195,10688,2025-07-17,1,Wrong Item,67295.29
473,5199,10699,2025-09-20,1,Changed Mind,6024.77
474,5206,10710,2025-10-16,1,Size Issue,419.33
475,5207,10713,2025-05-27,1,Size Issue,4756.46
476,5222,10743,2025-03-13,2,Changed Mind,40762.6
477,5227,10757,2025-12-02,1,Wrong Item,6058.96
478,5232,10765,2025-02-07,1,Size Issue,14545.44
479,5233,10768,2025-05-30,2,Size Issue,34020.32
480,5244,10791,2025-05-10,1,Size Issue,18684.96
481,5246,10794,2025-03-14,1,Not as Expected,43348.18
482,5251,10800,2025-05-17,1,Changed Mind,11962.76
483,5272,10841,2025-09-23,1,Damaged,15673.42
484,5292,10884,2025-05-21,1,Damaged,53425.19
485,5307,10913,2025-03-22,1,Wrong Item,682.74
486,5313,10929,2025-11-23,1,Changed Mind,25124.85
487,5348,11005,2025-04-14,1,Changed Mind,56205.97
488,5355,11020,2025-02-25,1,Not as Expected,1536.49
489,5369,11050,2025-02-18,1,Damaged,3566.96
490,5373,11061,2025-12-27,1,Changed Mind,21467.45
491,5377,11066,2025-08-10,1,Size Issue,887.38
492,5427,11157,2025-12-31,3,Not as Expected,102419.31
493,5447,11194,2025-08-08,1,Wrong Item,8737.91
494,5448,11195,2025-08-21,1,Damaged,15978.2
495,5450,11200,2025-10-06,1,Size Issue,15007.06
496,5468,11236,2025-08-11,1,Damaged,10920.38
497,5503,11313,2025-02-15,1,Wrong Item,11796.94
498,5508,11322,2025-08-06,1,Damaged,17589.46
499,5518,11339,2025-08-16,1,Size Issue,68186.8
500,5556,11420,2025-12-25,1,Changed Mind,69107.48
501,5571,11459,2025-06-05,1,Not as Expected,58543.96
502,5604,11524,2025-10-16,1,Not as Expected,85668.34
503,5624,11561,2025-09-25,1,Wrong Item,5968.89
504,5636,11581,2025-06-11,1,Damaged,1608.36
505,5638,11588,2025-02-10,1,Damaged,13146.12
506,5665,11637,2025-11-01,1,Not as Expected,17996.89
507,5678,11669,2025-11-18,1,Size Issue,13018.03
508,5684,11687,2025-12-08,1,Not as Expected,19573.94
509,5694,11710,2025-10-14,1,Damaged,5007.22
510,5711,11740,2025-06-10,1,Size Issue,61984.23
511,5748,11817,2025-01-29,1,Not as Expected,18264.97
512,5769,11856,2025-06-25,1,Size Issue,5648.29
513,5772,11865,2025-12-31,1,Size Issue,10555.7
514,5775,11870,2025-05-30,1,Changed Mind,8191.4
515,5786,11892,2025-08-07,1,Wrong Item,12218.5
516,5786,11893,2025-08-20,1,Changed Mind,4949.87
517,5787,11894,2025-12-09,1,Size Issue,5623.38
518,5795,11915,2025-07-08,1,Changed Mind,4747.3
519,5800,11922,2025-11-28,1,Wrong Item,75095.68
520,5842,12013,2025-07-13,1,Not as Expected,16365.39
521,5858,12050,2025-01-09,1,Damaged,3042.08
522,5887,12113,2025-05-02,1,Damaged,71169.78
523,5898,12137,2025-02-26,1,Changed Mind,16414.44
524,5901,12145,2025-09-29,1,Wrong Item,21944.53
525,5919,12173,2025-08-30,1,Damaged,10824.51
526,5922,12181,2025-09-02,1,Size Issue,6373.36
527,5951,12234,2025-06-12,3,Not as Expected,46512.17
528,5951,12235,2025-05-19,1,Changed Mind,15440.84
529,5952,12236,2025-07-22,1,Damaged,7231.53
530,5960,12250,2025-09-24,1,Changed Mind,6184.15
531,5968,12270,2025-10-31,1,Damaged,11762.0
532,5975,12283,2025-05-06,2,Wrong Item,28644.86
533,5976,12285,2025-12-06,1,Wrong Item,13967.75
534,5983,12305,2025-08-26,1,Changed Mind,72922.62
535,5994,12325,2025-08-18,1,Damaged,7329.15
536,6036,12408,2025-12-31,1,Changed Mind,26400.63
537,6056,12450,2025-06-02,1,Wrong Item,3794.41
538,6061,12461,2025-04-08,1,Wrong Item,18595.24
539,6096,12527,2025-12-31,1,Wrong Item,13370.14
540,6104,12540,2025-04-09,1,Not as Expected,9826.28
541,6135,12596,2025-12-31,1,Size Issue,26759.6
542,6142,12608,2025-03-08,1,Size Issue,15010.4
543,6147,12614,2025-02-14,1,Not as Expected,19977.33
544,6152,12626,2025-10-22,1,Changed Mind,2378.43
545,6160,12642,2025-04-22,1,Damaged,5439.58
546,6174,12676,2025-03-28,1,Size Issue,8278.02
547,6174,12679,2025-04-23,1,Damaged,74933.91
548,6176,12683,2025-08-13,2,Wrong Item,9575.62
549,6178,12690,2025-02-22,2,Wrong Item,21732.9
550,6194,12728,2025-08-09,1,Changed Mind,15454.53
551,6204,12744,2025-02-04,2,Damaged,33419.97
552,6222,12774,2025-03-10,2,Damaged,4980.28
553,6223,12775,2025-06-12,4,Changed Mind,43069.97
554,6233,12803,2025-07-27,1,Not as Expected,74915.56
555,6248,12827,2025-05-13,2,Size Issue,46619.04
556,6249,12830,2025-08-24,1,Wrong Item,53425.19
557,6263,12861,2025-12-02,1,Changed Mind,34805.92
558,6266,12865,2025-12-31,1,Size Issue,42527.82
559,6289,12912,2025-11-28,1,Damaged,3707.46
560,6290,12916,2025-10-15,1,Damaged,93611.59
561,6299,12940,2025-07-22,2,Wrong Item,47068.15
562,6308,12963,2025-11-09,1,Changed Mind,14160.54
563,6321,12990,2025-02-23,1,Size Issue,7216.64
564,6322,12991,2025-11-19,1,Changed Mind,12531.84
565,6329,13003,2025-03-02,1,Damaged,22660.08
566,6340,13025,2025-05-25,1,Not as Expected,2934.52
567,6347,13039,2025-04-05,1,Size Issue,18996.71
568,6352,13051,2025-12-16,1,Size Issue,15315.33
569,6363,13073,2025-08-03,1,Size Issue,51710.7
570,6373,13094,2025-08-29,1,Damaged,4622.7
571,6385,13112,2025-11-19,1,Size Issue,69771.6
572,6398,13141,2025-10-14,2,Wrong Item,8890.76
573,6405,13151,2025-06-23,1,Size Issue,742.62
574,6433,13210,2025-04-11,1,Not as Expected,614.47
575,6438,13218,2025-09-28,1,Damaged,19464.27
576,6468,13278,2025-05-13,1,Damaged,2378.43
577,6483,13304,2025-10-28,3,Damaged,76658.27
578,6520,13379,2025-10-03,1,Size Issue,26759.6
579,6579,13491,2025-03-21,1,Changed Mind,5367.04
580,6595,13524,2025-12-31,1,Damaged,16852.86
581,6632,13607,2025-03-05,1,Wrong Item,25817.09
582,6666,13664,2025-03-18,1,Damaged,65539.28
583,6674,13678,2025-12-31,1,Not as Expected,8250.76
584,6678,13684,2025-05-01,2,Changed Mind,10755.17
585,6687,13707,2025-07-31,2,Damaged,15633.02
586,6695,13725,2025-11-21,3,Damaged,14270.58
587,6696,13731,2025-02-04,1,Damaged,62202.96
588,6703,13744,2025-06-10,1,Damaged,11517.62
589,6725,13795,2025-02-26,1,Wrong Item,71169.78
590,6732,13813,2025-05-30,1,Wrong Item,1787.07
591,6751,13855,2025-10-30,4,Not as Expected,13445.68
592,6761,13876,2025-05-31,1,Damaged,20362.05
593,6796,13949,2025-06-24,1,Wrong Item,11677.36
594,6803,13968,2025-12-11,1,Wrong Item,13508.0
595,6807,13975,2025-10-10,1,Size Issue,7019.88
596,6875,14107,2025-04-08,1,Size Issue,73179.95
597,6877,14109,2025-06-24,2,Damaged,10866.54
598,6893,14137,2025-06-08,1,Damaged,9988.83
599,6897,14142,2025-02-14,1,Damaged,33613.78
600,6904,14158,2025-12-11,2,Size Issue,22515.18
601,6915,14177,2025-12-05,1,Damaged,21934.92
602,6924,14195,2025-08-17,1,Wrong Item,2568.29
603,6946,14232,2025-07-21,1,Size Issue,71169.78
604,6947,14234,2025-10-02,1,Wrong Item,1787.07
605,6955,14250,2025-11-12,1,Changed Mind,11745.0
606,6975,14290,2025-08-22,1,Size Issue,16473.19
607,6979,14297,2025-06-23,1,Damaged,17405.8
608,6989,14317,2025-05-15,1,Not as Expected,3173.19
609,6991,14321,2025-07-18,1,Not as Expected,76531.21
610,6998,14333,2025-10-15,1,Damaged,6708.8
611,7004,14342,2025-10-31,1,Wrong Item,7676.27
612,7038,14408,2025-12-02,2,Not as Expected,4257.97
613,7038,14409,2025-11-30,1,Damaged,61476.94
614,7087,14497,2025-05-03,1,Changed Mind,10098.31
615,7152,14622,2025-08-07,1,Wrong Item,7830.78
616,7159,14640,2025-04-28,1,Size Issue,7087.97
617,7208,14754,2025-05-09,1,Size Issue,6470.55
618,7214,14766,2025-12-02,1,Changed Mind,57746.08
619,7226,14785,2025-08-27,1,Wrong Item,12453.89
620,7241,14810,2025-08-03,1,Changed Mind,35063.32
621,7250,14830,2025-02-04,1,Size Issue,8319.11
622,7276,14885,2025-09-20,1,Not as Expected,2100.24
623,7286,14909,2025-09-12,1,Changed Mind,5090.79
624,7322,14992,2025-10-20,1,Damaged,63678.23
625,7328,15007,2025-12-02,1,Changed Mind,14821.07
626,7349,15043,2025-11-12,1,Changed Mind,393.06
627,7360,15061,2025-03-09,1,Damaged,7493.55
628,7382,15099,2025-12-01,1,Size Issue,3671.29
629,7396,15122,2025-12-31,1,Changed Mind,10928.94
630,7397,15124,2025-12-31,1,Size Issue,13146.12
631,7414,15156,2025-10-11,3,Damaged,15079.3
632,7458,15245,2025-02-28,1,Changed Mind,1796.52
633,7464,15259,2025-03-17,1,Size Issue,26759.6
634,7475,15286,2025-12-07,2,Size Issue,1885.67
635,7476,15293,2025-07-10,1,Wrong Item,11163.98
636,7482,15307,2025-12-06,1,Changed Mind,5823.38
637,7498,15342,2025-08-14,1,Not as Expected,67424.0
638,7507,15362,2025-11-15,1,Damaged,67295.29
639,7519,15384,2025-06-28,1,Not as Expected,17007.89
640,7521,15387,2025-10-24,1,Changed Mind,15571.42
641,7578,15514,2025-03-16,1,Damaged,59932.45
642,7611,15582,2025-11-14,1,Size Issue,13018.03
643,7636,15639,2025-08-14,2,Size Issue,10879.16
644,7648,15663,2025-04-23,1,Wrong Item,16432.65
645,7665,15699,2025-12-23,1,Wrong Item,24944.86
646,7677,15723,2025-03-22,1,Size Issue,85084.37
647,7679,15726,2025-08-13,1,Size Issue,3583.61
648,7697,15767,2025-01-22,1,Changed Mind,9197.8
649,7715,15804,2025-11-07,1,Damaged,5820.38
650,7716,15806,2025-12-07,1,Damaged,46196.86
651,7722,15817,2025-12-21,1,Damaged,6465.46
652,7776,15938,2025-04-13,1,Wrong Item,23235.38
653,7779,15943,2025-10-05,1,Not as Expected,1554.98
654,7785,15958,2025-04-30,1,Size Issue,16235.57
655,7790,15970,2025-02-21,1,Changed Mind,5524.83
656,7791,15973,2025-12-15,1,Size Issue,7087.97
657,7794,15978,2025-08-09,1,Wrong Item,5303.18
658,7805,15995,2025-11-24,1,Damaged,4035.2
659,7809,16005,2025-05-31,1,Size Issue,9571.1
660,7818,16023,2025-10-09,1,Damaged,6869.73
661,7818,16024,2025-10-04,1,Changed Mind,21152.47
662,7827,16044,2025-10-30,1,Changed Mind,29506.58
663,7851,16095,2025-11-24,1,Wrong Item,15179.22
664,7858,16110,2025-12-22,1,Changed Mind,5162.94
665,7876,16151,2025-02-16,1,Wrong Item,3929.29
666,7893,16184,2025-09-11,3,Not as Expected,21163.67
667,7894,16186,2025-03-05,1,Wrong Item,7167.87
668,7918,16239,2025-05-31,1,Size Issue,1928.81
669,7924,16248,2025-03-09,1,Damaged,710.61
670,7941,16287,2025-12-31,1,Size Issue,2600.53
671,7957,16314,2025-12-04,1,Size Issue,8622.53
672,7971,16342,2025-11-19,2,Changed Mind,3927.34
673,7990,16378,2025-03-25,2,Changed Mind,4565.84
674,7993,16385,2025-10-26,1,Wrong Item,31325.33
675,7998,16398,2025-06-20,3,Changed Mind,41566.46
676,8002,16409,2025-09-27,1,Size Issue,11212.7
677,8014,16431,2025-07-27,1,Wrong Item,59932.45
678,8021,16448,2025-11-29,1,Not as Expected,26683.2
679,8027,16466,2025-12-21,1,Size Issue,4370.95
680,8029,16471,2025-11-11,1,Size Issue,2304.3
681,8039,16494,2025-01-07,3,Not as Expected,179797.34
682,8049,16512,2025-05-14,1,Size Issue,4795.15
683,8050,16515,2025-12-31,1,Not as Expected,74469.42
684,8071,16559,2025-04-15,1,Damaged,2710.97
685,8075,16568,2025-08-25,1,Size Issue,2688.38
686,8110,16639,2025-11-16,1,Not as Expected,10830.06
687,8110,16640,2025-11-12,1,Wrong Item,84371.49
688,8130,16686,2025-01-30,1,Not as Expected,6184.15
689,8158,16745,2025-09-21,1,Not as Expected,7521.7
690,8175,16783,2025-06-09,1,Damaged,7019.88
691,8245,16927,2025-12-28,1,Changed Mind,10328.19
692,8267,16978,2025-09-30,1,Not as Expected,3078.28
693,8274,16991,2025-08-11,1,Damaged,81099.93
694,8289,17019,2025-12-31,1,Not as Expected,13783.8
695,8326,17085,2025-12-31,1,Wrong Item,11070.12
696,8338,17103,2025-12-30,1,Wrong Item,1602.08
697,8339,17105,2025-01-25,1,Size Issue,9401.25
698,8340,17108,2025-11-10,1,Damaged,16815.65
699,8343,17114,2025-07-24,1,Changed Mind,74915.56
700,8367,17160,2025-08-30,1,Changed Mind,12214.53
701,8378,17187,2025-09-27,1,Size Issue,28807.25
702,8415,17260,2025-09-09,1,Not as Expected,3649.94
703,8437,17302,2025-12-07,1,Damaged,2139.17
704,8445,17318,2025-03-05,2,Not as Expected,42126.64
705,8448,17323,2025-07-24,1,Damaged,24772.71
706,8459,17352,2025-06-27,2,Wrong Item,64016.12
707,8468,17373,2025-09-03,1,Damaged,74915.56
708,8480,17402,2025-04-12,1,Not as Expected,13414.84
709,8485,17413,2025-12-31,1,Size Issue,13783.8
710,8500,17438,2025-02-07,1,Damaged,47303.54
711,8509,17457,2025-07-12,1,Size Issue,16349.12
712,8544,17526,2025-03-27,2,Not as Expected,38452.56
713,8568,17573,2025-10-14,1,Not as Expected,2516.67
714,8577,17589,2025-10-23,1,Changed Mind,14374.7
715,8584,17600,2025-12-12,2,Size Issue,6953.92
716,8591,17614,2025-09-06,1,Damaged,12086.37
717,8596,17630,2025-11-28,1,Damaged,39817.78
718,8610,17655,2025-07-11,1,Wrong Item,18220.89
719,8615,17666,2025-10-15,1,Size Issue,29161.08
720,8634,17705,2025-06-25,1,Not as Expected,6024.77
721,8636,17708,2025-05-03,1,Damaged,13719.94
722,8647,17733,2025-12-31,2,Wrong Item,4266.73
723,8663,17761,2025-04-03,1,Wrong Item,9669.1
724,8666,17765,2025-11-10,1,Changed Mind,1124.82
725,8667,17769,2025-06-27,1,Changed Mind,42527.82
726,8671,17779,2025-11-12,1,Size Issue,6283.04
727,8679,17792,2025-01-31,1,Changed Mind,48789.24
728,8680,17795,2025-02-04,1,Damaged,5945.57
729,8709,17849,2025-10-30,2,Wrong Item,154009.4
730,8709,17851,2025-11-11,1,Size Issue,35566.34
731,8744,17924,2025-02-06,1,Not as Expected,11297.83
732,8755,17950,2025-12-31,2,Wrong Item,10227.33
733,8760,17963,2025-07-21,1,Changed Mind,3733.16
734,8773,17983,2025-03-08,1,Size Issue,11402.62
735,8780,17996,2025-12-17,1,Wrong Item,4290.54
736,8782,17999,2025-02-15,1,Wrong Item,5702.48
737,8796,18026,2025-07-16,1,Wrong Item,1696.32
738,8804,18041,2025-04-25,3,Size Issue,12002.53
739,8804,18043,2025-04-20,1,Wrong Item,3802.6
740,8817,18067,2025-07-19,1,Not as Expected,19415.45
741,8821,18073,2025-11-28,1,Damaged,2425.21
742,8825,18083,2025-04-29,1,Size Issue,78849.97
743,8828,18090,2025-06-01,1,Changed Mind,72922.62
744,8834,18097,2025-12-26,1,Size Issue,5257.17
745,8865,18154,2025-12-05,1,Changed Mind,17272.71
746,8883,18198,2025-11-13,1,Damaged,441.4
747,8894,18222,2025-07-22,1,Changed Mind,12086.37
748,8909,18249,2025-01-13,1,Size Issue,5351.01
749,8941,18309,2025-07-23,1,Damaged,8745.32
750,8959,18350,2025-10-05,1,Wrong Item,6305.94
751,8965,18362,2025-08-31,3,Changed Mind,11094.48
752,8989,18411,2025-06-20,1,Wrong Item,16365.39
753,8997,18423,2025-11-30,2,Size Issue,49545.42
754,9058,18532,2025-06-10,2,Changed Mind,17486.3
755,9065,18543,2025-12-03,1,Damaged,15179.29
756,9069,18553,2025-02-27,1,Damaged,3802.6
757,9072,18558,2025-04-25,1,Damaged,6571.46
758,9076,18568,2025-03-13,2,Wrong Item,13488.39
759,9090,18596,2025-12-31,1,Damaged,15504.06
760,9097,18606,2025-03-17,1,Changed Mind,17272.71
761,9099,18612,2025-02-24,1,Damaged,29845.92
762,9114,18639,2025-05-18,1,Size Issue,18844.01
763,9117,18645,2025-11-04,3,Wrong Item,17107.44
764,9132,18673,2025-02-27,1,Size Issue,10470.12
765,9140,18695,2025-12-31,1,Not as Expected,63678.23
766,9153,18720,2025-08-11,2,Not as Expected,142339.56
767,9158,18739,2025-12-06,1,Not as Expected,6667.39
768,9183,18784,2025-03-15,2,Wrong Item,17619.25
769,9198,18813,2025-05-26,1,Size Issue,5241.04
770,9199,18815,2025-11-02,1,Damaged,2048.26
771,9208,18841,2025-04-16,1,Wrong Item,5662.67
772,9209,18844,2025-06-13,1,Changed Mind,29721.1
773,9211,18851,2025-07-01,1,Changed Mind,6949.85
774,9215,18857,2025-10-20,1,Not as Expected,34678.54
775,9220,18870,2025-12-04,1,Damaged,3963.29
776,9319,19074,2025-02-02,1,Wrong Item,1390.65
777,9322,19079,2025-03-26,1,Wrong Item,18647.62
778,9323,19083,2025-04-15,1,Size Issue,30478.37
779,9326,19091,2025-02-14,1,Not as Expected,9595.34
780,9331,19098,2025-12-10,1,Changed Mind,14902.79
781,9333,19102,2025-11-25,1,Changed Mind,4445.38
782,9376,19182,2025-04-10,1,Not as Expected,18974.03
783,9385,19205,2025-09-27,1,Size Issue,3225.5
784,9402,19243,2025-06-08,1,Changed Mind,4160.43
785,9406,19255,2025-10-20,1,Changed Mind,1963.67
786,9427,19304,2025-11-29,1,Damaged,8520.23
787,9442,19330,2025-09-11,1,Size Issue,1997.88
788,9448,19347,2025-11-30,1,Size Issue,3359.84
789,9467,19389,2025-10-27,1,Wrong Item,3802.6
790,9476,19412,2025-04-07,3,Changed Mind,1496.8
791,9482,19423,2025-01-25,1,Size Issue,19573.94
792,9509,19480,2025-03-03,1,Size Issue,29930.22
793,9518,19496,2025-02-10,1,Wrong Item,74915.56
794,9522,19503,2025-08-25,2,Size Issue,9160.14
795,9523,19504,2025-09-05,1,Damaged,13145.77
796,9537,19534,2025-03-01,2,Damaged,144768.02
797,9562,19581,2025-11-20,1,Size Issue,12453.89
798,9563,19583,2025-10-22,1,Changed Mind,77286.53
799,9575,19610,2025-04-08,1,Changed Mind,34805.92
800,9586,19630,2025-02-09,1,Size Issue,8319.11
801,9589,19636,2025-03-10,1,Changed Mind,33613.78
802,9590,19639,2025-11-07,1,Changed Mind,7067.66
803,9601,19660,2025-06-03,1,Changed Mind,8191.4
804,9640,19736,2025-05-24,1,Size Issue,1000.81
805,9650,19756,2025-06-25,2,Damaged,3038.02
806,9665,19782,2025-11-11,1,Changed Mind,7014.58
807,9671,19791,2025-06-23,1,Changed Mind,31324.52
808,9678,19808,2025-12-02,3,Changed Mind,202272.01
809,9686,19821,2025-08-04,1,Damaged,18181.8
810,9698,19845,2025-10-30,1,Size Issue,13855.49
811,9719,19889,2025-09-24,1,Size Issue,4445.38
812,9721,19891,2025-09-03,1,Damaged,2865.16
813,9723,19893,2025-03-12,1,Not as Expected,11141.55
814,9763,19973,2025-05-02,2,Not as Expected,10016.64
815,9764,19976,2025-06-09,1,Size Issue,10973.7
816,9775,20001,2025-08-13,1,Size Issue,9874.66
817,9793,20035,2025-11-09,1,Not as Expected,53159.78
818,9812,20078,2025-12-31,2,Size Issue,66604.14
819,9817,20088,2025-03-15,1,Damaged,18959.46
820,9832,20113,2025-10-07,3,Changed Mind,66464.86
821,9833,20116,2025-07-15,1,Size Issue,6037.92
822,9867,20194,2025-10-08,1,Not as Expected,102637.99
823,9873,20214,2025-09-03,1,Changed Mind,7554.86
824,9875,20222,2025-12-12,1,Size Issue,21407.68
825,9880,20229,2025-07-30,1,Not as Expected,4445.38
826,9889,20250,2025-12-31,1,Size Issue,1436.99
827,9898,20268,2025-06-14,1,Wrong Item,2829.87
828,9906,20282,2025-07-14,1,Changed Mind,3778.57
829,9923,20330,2025-12-31,1,Changed Mind,6824.65
830,9934,20362,2025-12-31,1,Wrong Item,14905.38
831,9941,20379,2025-12-31,1,Not as Expected,526.59
832,9947,20395,2025-12-02,2,Damaged,24907.77
833,9951,20406,2025-10-31,1,Changed Mind,9879.21
834,9957,20419,2025-10-03,2,Size Issue,24684.84
835,9964,20431,2025-09-06,1,Wrong Item,4989.53
836,9973,20445,2025-01-25,1,Wrong Item,74915.56
837,9988,20472,2025-09-01,1,Wrong Item,21063.32
838,9989,20474,2025-08-14,2,Changed Mind,13739.46
839,10002,20502,2025-04-06,1,Changed Mind,3248.26
840,10007,20512,2025-11-22,1,Changed Mind,6824.65
841,10027,20560,2025-08-18,1,Not as Expected,6856.05
842,10047,20606,2025-02-06,1,Changed Mind,1429.66
843,10049,20612,2025-02-04,1,Not as Expected,15730.72
844,10057,20630,2025-08-15,2,Not as Expected,13677.42
845,10060,20635,2025-12-04,1,Wrong Item,14178.86
846,10086,20687,2025-06-30,1,Size Issue,45415.1
847,10089,20694,2025-06-16,2,Size Issue,56740.62
848,10097,20715,2025-12-18,1,Changed Mind,3425.26
849,10103,20727,2025-06-06,1,Not as Expected,6470.55
850,10105,20730,2025-08-25,1,Size Issue,10824.51
851,10120,20762,2025-11-09,1,Changed Mind,56205.97
852,10136,20796,2025-08-14,1,Size Issue,15179.22
853,10140,20805,2025-06-09,1,Not as Expected,19890.9
854,10146,20818,2025-06-05,1,Size Issue,45415.1
855,10148,20825,2025-05-11,1,Not as Expected,2048.26
856,10192,20917,2025-01-26,1,Wrong Item,14772.59
857,10192,20918,2025-02-14,1,Wrong Item,1053.76
858,10207,20948,2025-11-09,1,Wrong Item,8278.02
859,10230,21002,2025-06-24,2,Changed Mind,34327.58
860,10259,21057,2025-09-24,1,Changed Mind,3578.9
861,10276,21099,2025-06-12,1,Size Issue,72563.1
862,10277,21100,2025-10-28,1,Damaged,11931.54
863,10280,21103,2025-11-20,1,Damaged,18165.69
864,10302,21143,2025-08-21,2,Wrong Item,45517.6
865,10308,21154,2025-06-08,1,Size Issue,12264.73
866,10322,21189,2025-12-31,1,Changed Mind,4225.58
867,10330,21210,2025-11-22,1,Wrong Item,528.28
868,10339,21226,2025-07-28,1,Damaged,11764.85
869,10340,21230,2025-04-26,1,Not as Expected,8734.47
870,10340,21231,2025-04-09,1,Changed Mind,33267.68
871,10346,21244,2025-09-27,1,Not as Expected,51971.47
872,10351,21252,2025-07-02,2,Not as Expected,5831.08
873,10354,21259,2025-11-30,2,Wrong Item,1858.33
874,10379,21304,2025-10-28,1,Size Issue,5689.7
875,10413,21369,2025-11-11,2,Size Issue,166461.05
876,10450,21441,2025-08-27,1,Not as Expected,80152.92
877,10456,21452,2025-06-22,1,Wrong Item,23730.68
878,10458,21459,2025-11-05,1,Wrong Item,3042.31
879,10475,21498,2025-12-25,1,Not as Expected,5662.67
880,10481,21509,2025-11-18,2,Changed Mind,22758.94
881,10484,21517,2025-11-13,1,Size Issue,3733.16
882,10491,21534,2025-09-11,1,Size Issue,15889.83
883,10536,21636,2025-07-24,1,Wrong Item,2853.65
884,10582,21728,2025-07-11,1,Not as Expected,16292.43
885,10583,21729,2025-02-11,1,Not as Expected,2915.54
886,10589,21742,2025-12-27,1,Damaged,51091.98
887,10602,21772,2025-02-05,1,Wrong Item,1366.02
888,10609,21789,2025-04-20,1,Not as Expected,8191.4
889,10609,21792,2025-04-11,2,Damaged,36363.6
890,10615,21807,2025-01-12,1,Damaged,14532.55
891,10649,21880,2025-05-26,1,Damaged,26759.6
892,10709,21985,2025-09-06,1,Wrong Item,1539.65
893,10710,21988,2025-07-06,1,Damaged,17226.73
894,10715,21997,2025-10-10,1,Damaged,6628.98
895,10734,22031,2025-12-02,2,Damaged,9268.64
896,10740,22041,2025-06-18,1,Size Issue,2282.55
897,10752,22071,2025-11-16,1,Not as Expected,52255.4
898,10757,22077,2025-03-08,1,Size Issue,6949.85
899,10762,22088,2025-02-04,1,Damaged,10241.85
900,10770,22103,2025-03-03,2,Not as Expected,12595.06
901,10780,22122,2025-07-23,1,Damaged,21467.45
902,10783,22127,2025-09-18,1,Not as Expected,15742.34
903,10813,22188,2025-12-10,1,Changed Mind,53930.43
904,10824,22212,2025-03-10,2,Size Issue,50437.22
905,10827,22220,2025-10-29,1,Changed Mind,5008.32
906,10845,22264,2025-06-01,1,Changed Mind,4250.1
907,10855,22290,2025-05-25,1,Changed Mind,72922.62
908,10862,22302,2025-09-10,1,Damaged,2176.28
909,10867,22313,2025-08-08,1,Damaged,55329.25
910,10873,22324,2025-04-15,1,Not as Expected,16750.23
911,10874,22327,2025-01-15,1,Size Issue,2224.69
912,10888,22357,2025-12-31,1,Changed Mind,3024.33
913,10900,22386,2025-07-04,3,Wrong Item,5397.19
914,10912,22409,2025-07-14,1,Not as Expected,2306.36
915,10917,22420,2025-09-27,1,Not as Expected,50753.93
916,10939,22465,2025-03-04,1,Damaged,16112.74
917,10955,22491,2025-06-04,1,Damaged,498.93
918,10957,22493,2025-02-11,1,Not as Expected,929.17
919,10978,22539,2025-05-18,1,Size Issue,3025.28
920,10979,22541,2025-08-26,1,Size Issue,15427.02
921,10979,22542,2025-07-31,2,Not as Expected,22425.4
922,10985,22553,2025-06-22,1,Size Issue,23502.74
923,10990,22559,2025-12-25,1,Size Issue,23447.81
924,10993,22562,2025-11-23,1,Size Issue,3016.84
925,11004,22585,2025-10-24,1,Changed Mind,375.19
926,11026,22626,2025-07-29,1,Changed Mind,677.9
927,11039,22647,2025-06-14,1,Not as Expected,16365.39
928,11055,22684,2025-12-04,1,Changed Mind,13781.38
929,11057,22686,2025-05-28,1,Damaged,45054.22
930,11061,22694,2025-08-17,1,Size Issue,3743.72
931,11090,22748,2025-05-16,1,Damaged,5421.17
932,11103,22777,2025-02-24,1,Wrong Item,77286.53
933,11119,22803,2025-12-31,1,Wrong Item,68027.74
934,11124,22810,2025-08-14,1,Changed Mind,5532.21
935,11134,22826,2025-06-15,1,Damaged,1554.98
936,11158,22881,2025-12-25,1,Wrong Item,9571.1
937,11170,22905,2025-07-26,1,Damaged,19996.54
938,11200,22967,2025-04-23,1,Changed Mind,3570.23
939,11231,23029,2025-05-28,1,Changed Mind,53930.43
940,11256,23073,2025-12-18,3,Damaged,11091.77
941,11258,23077,2025-09-01,1,Size Issue,6454.65
942,11288,23131,2025-09-29,1,Size Issue,6708.8
943,11289,23132,2025-10-12,1,Not as Expected,2248.83
944,11305,23169,2025-12-31,1,Size Issue,4791.33
945,11342,23238,2025-09-23,1,Changed Mind,12616.92
946,11353,23260,2025-12-12,1,Changed Mind,23328.86
947,11359,23269,2025-07-31,1,Wrong Item,14615.07
948,11365,23283,2025-08-31,1,Damaged,25421.62
949,11374,23305,2025-05-18,1,Damaged,6377.85
950,11401,23356,2025-07-01,1,Size Issue,59932.45
951,11403,23358,2025-04-30,1,Changed Mind,50753.93
952,11405,23360,2025-04-10,1,Damaged,1647.41
953,11408,23366,2025-01-26,1,Damaged,57746.08
954,11408,23368,2025-02-11,1,Wrong Item,4710.77
955,11414,23379,2025-02-22,1,Size Issue,1122.65
956,11464,23496,2025-07-09,1,Changed Mind,7079.25
957,11474,23516,2025-07-23,2,Size Issue,926.51
958,11482,23533,2025-08-25,1,Not as Expected,2937.03
959,11492,23559,2025-10-22,1,Size Issue,5747.07
960,11507,23591,2025-02-04,1,Wrong Item,56128.62
961,11518,23612,2025-12-31,1,Size Issue,3483.74
962,11535,23653,2025-05-09,1,Wrong Item,2787.79
963,11540,23663,2025-10-21,1,Changed Mind,19818.17
964,11542,23668,2025-02-21,1,Changed Mind,75913.25
965,11553,23688,2025-10-30,2,Wrong Item,170069.36
966,11558,23699,2025-02-21,1,Wrong Item,12561.17
967,11567,23717,2025-12-28,1,Wrong Item,15315.33
968,11570,23721,2025-12-31,1,Not as Expected,11402.62
969,11583,23750,2025-01-15,1,Size Issue,12531.84
970,11598,23786,2025-01-17,1,Changed Mind,2347.62
971,11602,23791,2025-06-25,1,Not as Expected,11141.55
972,11615,23811,2025-10-28,1,Not as Expected,3075.16
973,11616,23813,2025-11-20,2,Changed Mind,17619.25
974,11617,23815,2025-07-31,1,Size Issue,6838.71
975,11621,23824,2025-11-07,1,Damaged,13781.38
976,11636,23852,2025-04-14,1,Not as Expected,36908.76
977,11646,23872,2025-04-06,2,Damaged,9160.14
978,11667,23915,2025-12-09,1,Not as Expected,5077.22
979,11674,23928,2025-11-14,2,Not as Expected,4538.38
980,11690,23953,2025-02-13,1,Changed Mind,54858.78
981,11704,23980,2025-09-05,1,Damaged,6628.98
982,11706,23986,2025-09-20,1,Changed Mind,15550.52
983,11715,24012,2025-06-07,1,Size Issue,393.06
984,11723,24034,2025-02-12,1,Changed Mind,3830.66
985,11730,24050,2025-09-13,1,Size Issue,26748.99
986,11739,24067,2025-02-04,1,Changed Mind,3283.1
987,11755,24102,2025-08-05,2,Wrong Item,1959.1
988,11776,24146,2025-11-11,1,Changed Mind,9854.55
989,11784,24163,2025-08-29,1,Not as Expected,14549.56
990,11785,24169,2025-05-30,1,Not as Expected,2023.95
991,11789,24175,2025-12-05,1,Damaged,8849.06
992,11794,24186,2025-05-15,1,Damaged,11751.56
993,11800,24198,2025-12-02,2,Size Issue,96507.08
994,11817,24233,2025-03-25,1,Damaged,6700.06
995,11822,24244,2025-06-10,3,Damaged,22511.96
996,11826,24252,2025-04-19,1,Damaged,2010.71
997,11826,24253,2025-04-12,1,Changed Mind,50197.74
998,11859,24312,2025-07-21,1,Damaged,14176.49
999,11863,24317,2025-07-10,1,Damaged,550.12
1000,11869,24333,2025-12-29,1,Damaged,2592.23
1001,11921,24431,2025-11-28,1,Changed Mind,2008.41
1002,11922,24433,2025-09-08,1,Size Issue,12480.9
1003,11954,24496,2025-12-31,1,Size Issue,4130.35
1004,11969,24530,2025-12-26,2,Not as Expected,11193.72
1005,11994,24578,2025-05-30,1,Wrong Item,20917.97
1006,12005,24600,2025-02-18,1,Changed Mind,59305.86
1007,12032,24663,2025-04-16,1,Changed Mind,682.74
1008,12043,24685,2025-05-03,2,Not as Expected,25982.35
1009,12044,24686,2025-12-31,1,Wrong Item,858.34
1010,12049,24699,2025-04-21,1,Wrong Item,18264.97
1011,12051,24703,2025-10-25,1,Wrong Item,7931.36
1012,12072,24746,2025-03-10,2,Wrong Item,924.84
1013,12076,24756,2025-11-13,1,Damaged,6037.9
1014,12082,24767,2025-11-07,1,Not as Expected,12319.97
1015,12090,24789,2025-12-18,1,Wrong Item,3617.85
1016,12093,24795,2025-08-15,2,Wrong Item,10107.47
1017,12134,24886,2025-09-24,1,Size Issue,2219.87
1018,12143,24906,2025-10-15,1,Not as Expected,10365.86
1019,12147,24911,2025-02-04,1,Wrong Item,8968.66
1020,12155,24927,2025-06-22,1,Not as Expected,4294.05
1021,12175,24970,2025-06-24,2,Changed Mind,138552.98
1022,12188,24994,2025-08-23,1,Damaged,5823.38
1023,12195,25008,2025-11-23,2,Not as Expected,43889.05
1024,12205,25033,2025-11-29,1,Changed Mind,30388.87
1025,12239,25105,2025-08-05,1,Not as Expected,2405.39
1026,12252,25129,2025-03-07,1,Damaged,9672.55
1027,12267,25158,2025-01-22,1,Not as Expected,16453.39
1028,12287,25203,2025-05-31,1,Size Issue,6824.65
1029,12288,25208,2025-12-23,2,Wrong Item,12520.8
1030,12289,25210,2025-08-07,1,Wrong Item,21066.07
1031,12290,25214,2025-12-10,1,Changed Mind,75630.55
1032,12299,25232,2025-02-24,1,Not as Expected,2829.87
1033,12303,25243,2025-09-08,1,Changed Mind,67588.31
1034,12310,25259,2025-03-05,1,Wrong Item,4623.64
1035,12313,25264,2025-03-10,1,Size Issue,1264.31
1036,12315,25271,2025-12-24,1,Wrong Item,13822.69
1037,12345,25329,2025-12-04,1,Changed Mind,17751.73
1038,12347,25335,2025-05-26,1,Damaged,11170.37
1039,12348,25339,2025-10-27,1,Size Issue,3941.74
1040,12362,25365,2025-09-30,1,Size Issue,4722.71
1041,12368,25376,2025-10-23,1,Damaged,2890.19
1042,12405,25451,2025-07-22,1,Changed Mind,23328.86
1043,12409,25457,2025-12-21,1,Wrong Item,8088.48
1044,12432,25498,2025-07-09,2,Size Issue,4817.06
1045,12457,25548,2025-12-31,1,Wrong Item,17476.66
1046,12463,25558,2025-07-20,1,Size Issue,8035.03
1047,12468,25569,2025-11-02,1,Size Issue,26400.63
1048,12494,25612,2025-06-16,1,Wrong Item,9115.57
1049,12503,25631,2025-07-10,1,Changed Mind,29721.1
1050,12504,25635,2025-06-24,3,Size Issue,11929.65
1051,12511,25648,2025-12-09,1,Wrong Item,9710.9
1052,12513,25655,2025-05-09,1,Damaged,1266.38
1053,12525,25686,2025-03-01,1,Size Issue,5433.27
1054,12526,25689,2025-12-31,1,Damaged,9707.0
1055,12531,25700,2025-06-12,1,Changed Mind,35616.85
1056,12535,25713,2025-10-31,1,Changed Mind,44582.81
1057,12575,25797,2025-07-28,1,Damaged,17504.69
1058,12582,25817,2025-04-13,1,Damaged,26619.65
1059,12585,25821,2025-06-06,1,Changed Mind,11257.59
1060,12604,25858,2025-10-06,1,Wrong Item,6948.01
1061,12633,25916,2025-07-05,1,Damaged,3009.33
1062,12634,25917,2025-08-05,2,Damaged,3780.43
1063,12654,25953,2025-03-16,1,Damaged,19226.28
1064,12661,25966,2025-09-20,1,Size Issue,757.24
1065,12682,26000,2025-12-31,1,Changed Mind,4391.56
1066,12703,26046,2025-05-10,1,Damaged,33302.07
1067,12722,26078,2025-12-25,1,Not as Expected,17700.68
1068,12727,26090,2025-07-08,1,Damaged,4622.7
1069,12728,26094,2025-08-09,1,Wrong Item,14565.01
1070,12784,26199,2025-10-11,1,Wrong Item,3612.47
1071,12792,26213,2025-03-01,1,Damaged,2503.61
1072,12797,26224,2025-11-03,1,Size Issue,5733.73
1073,12802,26234,2025-01-30,2,Size Issue,9293.29
1074,12802,26236,2025-01-26,1,Not as Expected,14074.85
1075,12810,26256,2025-12-23,3,Size Issue,13757.88
1076,12830,26296,2025-03-04,3,Not as Expected,147252.5
1077,12843,26323,2025-11-04,3,Wrong Item,38811.69
1078,12850,26336,2025-01-29,1,Not as Expected,5303.18
1079,12852,26342,2025-11-30,1,Damaged,4445.38
1080,12866,26372,2025-09-16,1,Size Issue,7633.28
1081,12873,26389,2025-12-31,1,Not as Expected,3247.68
1082,12876,26397,2025-09-18,1,Changed Mind,32921.0
1083,12933,26507,2025-12-04,1,Not as Expected,3419.22
1084,12936,26513,2025-09-11,1,Wrong Item,5747.07
1085,12941,26521,2025-10-07,1,Damaged,5382.82
1086,12945,26526,2025-05-10,1,Changed Mind,2853.65
1087,12945,26528,2025-05-12,1,Not as Expected,71169.78
1088,12946,26530,2025-12-31,1,Not as Expected,2136.39
1089,12948,26536,2025-12-13,1,Size Issue,18425.99
1090,12957,26557,2025-12-31,1,Damaged,5641.35
1091,12960,26561,2025-03-24,1,Damaged,12802.31
1092,12978,26604,2025-07-21,1,Size Issue,4757.33
1093,13029,26704,2025-12-31,1,Size Issue,1341.54
1094,13030,26706,2025-11-24,1,Changed Mind,14943.47
1095,13032,26712,2025-04-19,1,Damaged,7617.57
1096,13049,26746,2025-02-25,1,Damaged,2687.85
1097,13060,26774,2025-12-15,1,Size Issue,6106.26
1098,13063,26783,2025-04-14,1,Wrong Item,13191.41
1099,13092,26827,2025-11-04,1,Damaged,6911.7
1100,13094,26831,2025-09-30,1,Changed Mind,28354.95
1101,13104,26851,2025-04-17,1,Wrong Item,10767.49
1102,13154,26949,2025-11-01,1,Wrong Item,17278.36
1103,13203,27060,2025-04-24,1,Not as Expected,1323.32
1104,13223,27099,2025-11-05,1,Wrong Item,18181.8
1105,13228,27110,2025-09-10,1,Changed Mind,77286.53
1106,13232,27116,2025-06-16,3,Not as Expected,2828.51
1107,13240,27133,2025-12-03,1,Damaged,4294.05
1108,13245,27141,2025-12-31,1,Damaged,7974.58
1109,13247,27144,2025-08-17,1,Not as Expected,5439.58
1110,13306,27268,2025-12-14,1,Not as Expected,22154.95
1111,13319,27293,2025-02-12,1,Changed Mind,2013.34
1112,13331,27319,2025-11-27,1,Damaged,63678.23
1113,13339,27337,2025-10-23,1,Not as Expected,74915.56
1114,13340,27339,2025-09-14,1,Damaged,28391.95
1115,13354,27382,2025-10-30,1,Size Issue,4147.04
1116,13363,27400,2025-06-29,2,Size Issue,55836.9
1117,13369,27413,2025-10-20,2,Damaged,27162.94
1118,13395,27474,2025-10-03,2,Changed Mind,6619.11
1119,13399,27482,2025-02-20,1,Damaged,3183.51
1120,13409,27498,2025-03-23,1,Wrong Item,4216.01
1121,13440,27561,2025-07-29,1,Wrong Item,3359.84
1122,13443,27565,2025-12-23,1,Damaged,3853.73
1123,13444,27569,2025-07-31,1,Damaged,10659.32
1124,13448,27579,2025-08-06,2,Changed Mind,23524.0
1125,13450,27583,2025-09-27,1,Damaged,9444.87
1126,13453,27587,2025-06-13,1,Damaged,62794.44
1127,13456,27598,2025-12-31,1,Not as Expected,74915.56
1128,13498,27685,2025-11-12,1,Changed Mind,24097.55
1129,13500,27689,2025-02-21,1,Wrong Item,674.77
1130,13518,27740,2025-03-30,1,Damaged,80899.78
1131,13523,27748,2025-08-11,2,Size Issue,10842.35
1132,13528,27761,2025-12-18,1,Size Issue,2176.28
1133,13549,27800,2025-07-31,1,Size Issue,16709.99
1134,13553,27808,2025-02-08,1,Changed Mind,72285.44
1135,13581,27858,2025-09-19,1,Damaged,18136.21
1136,13609,27919,2025-10-11,1,Wrong Item,8406.61
1137,13618,27937,2025-07-13,1,Not as Expected,15550.52
1138,13624,27956,2025-07-06,1,Not as Expected,9788.47
1139,13639,27990,2025-12-28,1,Not as Expected,4558.69
1140,13639,27991,2025-12-03,1,Wrong Item,6130.0
1141,13676,28066,2025-07-18,1,Size Issue,8156.04
1142,13681,28077,2025-04-06,1,Damaged,2265.0
1143,13687,28085,2025-01-24,2,Changed Mind,924.84
1144,13694,28095,2025-04-19,1,Wrong Item,17547.94
1145,13697,28104,2025-05-20,2,Wrong Item,36522.39
1146,13703,28116,2025-07-30,2,Wrong Item,9514.66
1147,13706,28123,2025-07-22,4,Not as Expected,91030.33
1148,13729,28165,2025-11-22,1,Wrong Item,59932.45
1149,13761,28218,2025-03-24,2,Wrong Item,131387.1
1150,13803,28293,2025-12-25,1,Damaged,10165.93
1151,13814,28322,2025-03-02,1,Wrong Item,6824.65
1152,13824,28344,2025-07-11,1,Changed Mind,21603.9
1153,13842,28384,2025-12-31,1,Wrong Item,3556.3
1154,13851,28404,2025-10-20,1,Damaged,6130.0
1155,13862,28433,2025-04-27,1,Not as Expected,3583.61
1156,13871,28450,2025-12-03,2,Damaged,5664.74
1157,13877,28463,2025-12-11,1,Changed Mind,10767.49
1158,13880,28467,2025-11-10,1,Wrong Item,50753.93
1159,13892,28494,2025-07-02,1,Not as Expected,13741.34
1160,13894,28501,2025-04-16,1,Damaged,15268.16
1161,13897,28506,2025-03-10,1,Changed Mind,82110.39
1162,13917,28537,2025-03-22,1,Damaged,15427.02
1163,13924,28549,2025-12-03,1,Damaged,55329.25
1164,13929,28559,2025-06-30,1,Wrong Item,65693.55
1165,13942,28582,2025-07-10,1,Not as Expected,10486.17
1166,13957,28610,2025-10-03,1,Changed Mind,5797.15
1167,13963,28625,2025-08-16,2,Not as Expected,8938.84
1168,13965,28629,2025-09-18,1,Damaged,13781.38
1169,13970,28635,2025-12-25,3,Size Issue,3161.28
1170,13975,28644,2025-11-08,1,Size Issue,13837.65
1171,13977,28646,2025-12-31,1,Damaged,15601.13
1172,13990,28673,2025-12-21,1,Size Issue,14902.79
1173,14010,28710,2025-04-01,1,Wrong Item,13191.41
1174,14021,28736,2025-12-31,1,Damaged,14584.79
1175,14029,28749,2025-10-23,1,Wrong Item,7409.88
1176,14057,28816,2025-11-06,1,Size Issue,10294.53
1177,14073,28846,2025-04-02,1,Changed Mind,682.74
1178,14073,28847,2025-04-01,1,Wrong Item,17655.37
1179,14074,28849,2025-09-27,1,Not as Expected,3539.84
1180,14111,28920,2025-12-11,1,Size Issue,20937.79
1181,14124,28947,2025-05-17,1,Damaged,85368.35
1182,14129,28954,2025-01-11,1,Damaged,3435.24
1183,14133,28965,2025-09-22,1,Wrong Item,27918.45
1184,14137,28975,2025-04-11,1,Wrong Item,73179.95
1185,14147,28994,2025-03-22,2,Wrong Item,47068.15
1186,14166,29039,2025-09-27,1,Not as Expected,34805.92
1187,14178,29064,2025-12-31,1,Damaged,6236.91
1188,14187,29082,2025-07-15,1,Not as Expected,36578.89
1189,14189,29084,2025-08-26,1,Damaged,11379.47
1190,14193,29093,2025-10-07,1,Not as Expected,16335.27
1191,14195,29097,2025-10-14,1,Not as Expected,9605.07
1192,14200,29105,2025-02-09,1,Size Issue,8702.73
1193,14205,29120,2025-02-23,1,Damaged,2128.07
1194,14208,29128,2025-12-27,2,Not as Expected,15599.74
1195,14224,29154,2025-10-14,1,Damaged,6184.15
1196,14228,29161,2025-07-23,1,Damaged,37543.42
1197,14231,29165,2025-04-09,1,Not as Expected,8394.29
1198,14235,29173,2025-12-28,1,Wrong Item,16556.83
1199,14243,29192,2025-12-31,1,Damaged,710.61
1200,14261,29226,2025-09-10,1,Changed Mind,15730.72
1201,14264,29231,2025-09-13,1,Wrong Item,3483.74
1202,14266,29234,2025-10-01,1,Damaged,3963.29
1203,14266,29235,2025-10-07,2,Wrong Item,30630.66
1204,14275,29255,2025-12-06,1,Damaged,10650.08
1205,14277,29259,2025-03-21,1,Damaged,2139.17
1206,14296,29293,2025-12-17,1,Not as Expected,10328.19
1207,14312,29328,2025-12-18,1,Size Issue,52255.4
1208,14351,29411,2025-09-08,1,Changed Mind,68027.74
1209,14353,29416,2025-02-17,2,Wrong Item,141232.28
1210,14363,29436,2025-02-11,2,Wrong Item,35806.08
1211,14363,29438,2025-02-05,1,Changed Mind,5888.46
1212,14369,29452,2025-03-29,1,Not as Expected,13781.38
1213,14376,29469,2025-05-31,1,Wrong Item,3345.49
1214,14379,29474,2025-12-23,1,Size Issue,6708.8
1215,14390,29501,2025-10-08,1,Not as Expected,58338.1
1216,14392,29506,2025-07-05,1,Not as Expected,781.7
1217,14458,29626,2025-07-18,1,Size Issue,7354.91
1218,14463,29637,2025-03-10,1,Wrong Item,53425.19
1219,14467,29644,2025-09-10,1,Not as Expected,1841.22
1220,14497,29701,2025-07-06,1,Damaged,7216.89
1221,14514,29733,2025-12-30,1,Damaged,18624.81
1222,14516,29739,2025-12-12,1,Wrong Item,39574.28
1223,14521,29749,2025-12-15,1,Wrong Item,16750.23
1224,14543,29795,2025-09-10,1,Wrong Item,10555.7
1225,14544,29798,2025-08-30,1,Not as Expected,3176.51
1226,14565,29847,2025-05-17,2,Changed Mind,50408.8
1227,14585,29885,2025-04-15,1,Damaged,21407.68
1228,14591,29900,2025-09-11,1,Wrong Item,942.84
1229,14599,29917,2025-12-31,2,Damaged,2280.62
1230,14605,29937,2025-10-18,1,Damaged,29878.91
1231,14613,29955,2025-04-28,1,Damaged,20653.67
1232,14621,29973,2025-11-19,2,Changed Mind,4096.53
1233,14625,29980,2025-01-31,1,Not as Expected,614.47
1234,14629,29987,2025-02-07,1,Wrong Item,9243.45
1235,14636,30000,2025-07-31,1,Size Issue,4988.24
1236,14642,30008,2025-09-03,2,Damaged,130940.5
1237,14662,30046,2025-04-24,1,Wrong Item,21420.05
1238,14667,30056,2025-10-08,2,Damaged,51212.9
1239,14669,30060,2025-04-02,1,Damaged,20653.67
1240,14672,30068,2025-08-13,1,Wrong Item,19464.27
1241,14684,30096,2025-11-29,1,Not as Expected,10479.64
1242,14687,30100,2025-11-02,4,Changed Mind,30139.17
1243,14691,30107,2025-03-13,1,Wrong Item,45415.1
1244,14700,30128,2025-02-04,1,Damaged,65229.75
1245,14703,30137,2025-11-13,1,Changed Mind,16453.39
1246,14717,30166,2025-02-02,1,Size Issue,18959.46
1247,14718,30169,2025-12-31,1,Changed Mind,1407.09
1248,14728,30191,2025-04-11,1,Damaged,2961.18
1249,14731,30199,2025-01-12,1,Changed Mind,22660.08
1250,14767,30276,2025-05-03,3,Changed Mind,14569.83
1251,14788,30317,2025-08-10,2,Size Issue,131387.1
1252,14796,30333,2025-02-16,1,Damaged,592.42
1253,14809,30354,2025-06-20,1,Size Issue,12086.37
1254,14828,30400,2025-11-24,1,Wrong Item,12974.84
1255,14834,30414,2025-08-26,1,Size Issue,2641.07
1256,14842,30430,2025-06-26,1,Size Issue,3183.51
1257,14846,30439,2025-11-17,1,Damaged,6242.89
1258,14849,30444,2025-03-15,1,Changed Mind,4791.33
1259,14859,30467,2025-12-17,1,Size Issue,8319.11
1260,14863,30476,2025-06-22,3,Size Issue,10118.42
1261,14863,30478,2025-06-17,1,Wrong Item,26969.99
1262,14866,30485,2025-09-30,1,Changed Mind,16852.86
1263,14868,30488,2025-01-20,1,Size Issue,59932.45
1264,14885,30526,2025-05-27,1,Not as Expected,3830.29
1265,14908,30571,2025-03-22,1,Size Issue,13191.41
1266,14927,30610,2025-07-30,1,Size Issue,1109.22
1267,14928,30612,2025-11-14,1,Not as Expected,50664.49
1268,14930,30619,2025-12-22,1,Damaged,419.33
1269,14930,30620,2025-12-11,1,Not as Expected,2265.0
1270,14935,30633,2025-04-22,1,Wrong Item,10720.13
1271,14948,30661,2025-08-15,1,Size Issue,7216.89
1272,14950,30665,2025-08-20,1,Size Issue,15587.42
1273,14970,30707,2025-12-17,1,Damaged,16112.74
1274,14973,30711,2025-08-15,2,Size Issue,26382.82
1275,14975,30717,2025-03-11,1,Size Issue,31516.75
1276,14982,30734,2025-07-01,1,Wrong Item,14789.39
1277,14985,30739,2025-03-28,1,Damaged,69107.48
1278,14987,30744,2025-12-08,4,Changed Mind,7148.28
1279,15038,30852,2025-01-18,1,Size Issue,6628.98
1280,15054,30885,2025-11-04,2,Wrong Item,14158.5
1281,15064,30900,2025-05-30,1,Changed Mind,22745.66
1282,15091,30947,2025-10-14,1,Damaged,73631.83
1283,15094,30952,2025-07-30,1,Damaged,3976.55
1284,15102,30965,2025-04-16,4,Size Issue,34740.32
1285,15122,31016,2025-11-09,1,Not as Expected,11728.56
1286,15139,31050,2025-05-16,3,Damaged,11080.48
1287,15140,31052,2025-03-30,1,Wrong Item,27311.82
1288,15170,31123,2025-12-31,1,Not as Expected,3608.53
1289,15183,31148,2025-08-01,2,Damaged,5507.13
1290,15186,31156,2025-03-03,1,Wrong Item,3577.69
1291,15191,31168,2025-10-11,1,Size Issue,6949.85
1292,15191,31170,2025-10-21,1,Not as Expected,5367.04
1293,15192,31171,2025-01-21,1,Wrong Item,6667.39
1294,15199,31191,2025-05-11,1,Size Issue,2585.96
1295,15204,31200,2025-07-09,1,Changed Mind,17278.36
1296,15206,31203,2025-08-22,1,Not as Expected,22745.66
1297,15213,31220,2025-03-03,1,Size Issue,16558.65
1298,15222,31234,2025-12-28,2,Wrong Item,50408.8
1299,15251,31282,2025-07-12,1,Size Issue,18334.97
1300,15254,31289,2025-03-28,1,Size Issue,3612.47
1301,15257,31297,2025-02-15,1,Not as Expected,34064.06
1302,15260,31302,2025-01-15,1,Wrong Item,2176.28
1303,15266,31311,2025-09-26,1,Size Issue,47303.54
1304,15267,31315,2025-11-13,1,Wrong Item,5317.02
1305,15269,31318,2025-04-09,3,Size Issue,26108.19
1306,15276,31335,2025-12-31,1,Changed Mind,12666.45
1307,15279,31343,2025-06-11,1,Wrong Item,47896.11
1308,15306,31393,2025-11-28,1,Changed Mind,2432.31
1309,15308,31397,2025-04-12,1,Wrong Item,61829.22
1310,15335,31455,2025-03-26,4,Size Issue,35396.24
1311,15345,31474,2025-03-20,1,Damaged,19996.54
1312,15351,31488,2025-08-23,1,Damaged,63554.53
1313,15383,31557,2025-10-30,1,Not as Expected,53425.19
1314,15386,31561,2025-12-31,1,Size Issue,72895.24
1315,15399,31587,2025-07-25,1,Changed Mind,7591.85
1316,15401,31592,2025-08-27,1,Damaged,3110.45
1317,15404,31596,2025-04-04,1,Not as Expected,8394.29
1318,15408,31605,2025-02-08,2,Size Issue,63011.0
1319,15417,31622,2025-10-04,1,Not as Expected,17226.73
1320,15420,31627,2025-06-13,1,Wrong Item,439.3
1321,15475,31738,2025-05-15,1,Not as Expected,16112.74
1322,15475,31739,2025-05-27,1,Damaged,5053.73
1323,15476,31742,2025-03-04,1,Damaged,30725.79
1324,15483,31760,2025-11-15,1,Wrong Item,5747.07
1325,15492,31781,2025-12-09,1,Wrong Item,5945.57
1326,15504,31804,2025-12-31,1,Damaged,31372.45
1327,15523,31851,2025-11-05,2,Damaged,3682.45
1328,15526,31858,2025-12-12,1,Wrong Item,77286.53
1329,15557,31922,2025-10-26,2,Not as Expected,10376.69
1330,15558,31923,2025-12-31,1,Damaged,12086.37
1331,15558,31924,2025-12-31,1,Not as Expected,11259.06
1332,15596,31995,2025-02-28,1,Not as Expected,3799.01
1333,15599,32001,2025-12-08,3,Damaged,179797.34
1334,15612,32030,2025-12-31,2,Damaged,13467.14
1335,15635,32072,2025-12-02,1,Size Issue,62202.96
1336,15646,32089,2025-02-01,1,Size Issue,8384.42
1337,15660,32115,2025-10-03,1,Changed Mind,19464.27
1338,15695,32193,2025-06-05,1,Damaged,15611.02
1339,15698,32204,2025-04-07,1,Changed Mind,25817.09
1340,15716,32243,2025-02-19,1,Size Issue,9789.98
1341,15732,32276,2025-12-31,1,Damaged,6184.15
1342,15755,32313,2025-11-16,1,Damaged,1109.22
1343,15760,32326,2025-12-31,1,Wrong Item,781.65
1344,15763,32330,2025-11-02,1,Damaged,5947.38
1345,15768,32349,2025-01-30,1,Changed Mind,15978.2
1346,15794,32410,2025-04-12,1,Changed Mind,17700.68
1347,15796,32416,2025-10-04,1,Size Issue,14074.85
1348,15802,32431,2025-10-17,1,Damaged,9289.6
1349,15825,32487,2025-03-01,1,Damaged,3345.49
1350,15835,32503,2025-12-31,1,Changed Mind,8394.29
1351,15835,32505,2025-12-31,1,Not as Expected,14168.7
1352,15836,32507,2025-05-15,1,Changed Mind,20274.81
1353,15854,32548,2025-01-10,1,Wrong Item,3649.94
1354,15872,32582,2025-05-11,1,Changed Mind,76831.52
1355,15876,32596,2025-02-20,1,Changed Mind,61829.22
1356,15884,32611,2025-06-15,1,Wrong Item,3391.72
1357,15885,32616,2025-01-18,3,Not as Expected,41903.26
1358,15888,32621,2025-09-24,1,Wrong Item,3435.24
1359,15891,32629,2025-09-22,2,Changed Mind,3294.82
1360,15901,32644,2025-06-04,1,Size Issue,8889.29
1361,15915,32672,2025-06-28,1,Damaged,5062.75
1362,15924,32691,2025-10-08,2,Wrong Item,35780.68
1363,15925,32693,2025-10-06,1,Size Issue,16335.27
1364,15935,32714,2025-08-02,1,Not as Expected,4160.43
1365,15966,32774,2025-12-03,1,Changed Mind,2916.26
1366,15968,32778,2025-12-05,1,Size Issue,5382.82
1367,15987,32812,2025-11-24,1,Changed Mind,67424.0
1368,16015,32869,2025-03-09,1,Changed Mind,3864.65
1369,16016,32870,2025-10-16,1,Size Issue,12371.39
1370,16024,32885,2025-03-14,1,Wrong Item,21483.76
1371,16046,32935,2025-12-31,2,Damaged,5214.43
1372,16053,32950,2025-06-08,1,Changed Mind,17616.55
1373,16056,32956,2025-05-11,1,Wrong Item,12531.84
1374,16070,32981,2025-03-07,1,Damaged,4218.92
1375,16080,33000,2025-08-17,1,Wrong Item,3939.17
1376,16105,33044,2025-08-07,1,Size Issue,8622.53
1377,16135,33101,2025-10-31,1,Not as Expected,13864.69
1378,16136,33102,2025-12-05,1,Damaged,1263.29
1379,16146,33122,2025-09-18,1,Changed Mind,87242.29
1380,16150,33133,2025-10-03,1,Changed Mind,9205.55
1381,16159,33153,2025-12-04,1,Changed Mind,9664.24
1382,16166,33169,2025-12-31,1,Changed Mind,5654.74
1383,16168,33173,2025-02-28,1,Wrong Item,17324.1
1384,16202,33250,2025-11-29,1,Size Issue,5287.8
1385,16211,33268,2025-08-07,1,Changed Mind,9248.06
1386,16215,33280,2025-12-19,1,Not as Expected,71169.78
1387,16218,33287,2025-08-20,2,Changed Mind,31202.26
1388,16230,33315,2025-08-27,1,Size Issue,31324.52
1389,16232,33319,2025-12-31,1,Changed Mind,6465.46
1390,16236,33323,2025-10-16,1,Wrong Item,462.42
1391,16245,33342,2025-09-10,1,Not as Expected,47896.11
1392,16245,33343,2025-09-07,1,Changed Mind,5363.17
1393,16263,33382,2025-02-23,1,Wrong Item,14943.47
1394,16271,33397,2025-10-01,1,Changed Mind,63678.23
1395,16273,33400,2025-11-13,4,Damaged,110558.55
1396,16299,33450,2025-07-18,1,Wrong Item,2886.82
1397,16302,33456,2025-09-22,1,Wrong Item,1796.52
1398,16328,33508,2025-07-27,2,Size Issue,4817.06
1399,16337,33525,2025-05-19,1,Damaged,15558.01
1400,16366,33582,2025-08-22,1,Damaged,6708.8
1401,16375,33605,2025-09-13,1,Changed Mind,10588.36
1402,16382,33621,2025-03-20,1,Size Issue,23328.86
1403,16399,33657,2025-12-31,1,Changed Mind,9707.0
1404,16423,33706,2025-12-31,2,Wrong Item,9757.74
1405,16429,33720,2025-12-05,1,Changed Mind,18070.37
1406,16431,33723,2025-02-18,1,Not as Expected,16342.34
1407,16454,33772,2025-08-18,1,Changed Mind,67440.52
1408,16477,33820,2025-05-13,1,Damaged,4557.56
1409,16483,33833,2025-05-31,1,Damaged,29878.91
1410,16503,33874,2025-03-16,1,Size Issue,17166.85
1411,16508,33885,2025-10-31,2,Damaged,102183.97
1412,16517,33904,2025-08-12,1,Size Issue,8664.05
1413,16522,33917,2025-07-08,1,Size Issue,7964.15
1414,16555,33980,2025-10-11,1,Changed Mind,26779.67
1415,16563,33997,2025-02-03,1,Wrong Item,24526.24
1416,16565,34002,2025-12-15,1,Changed Mind,14686.61
1417,16577,34028,2025-12-25,1,Wrong Item,68796.64
1418,16577,34030,2025-12-29,1,Wrong Item,51710.7
1419,16589,34051,2025-07-24,1,Not as Expected,9289.6
1420,16607,34087,2025-03-17,1,Size Issue,14681.25
1421,16619,34113,2025-11-22,1,Size Issue,10576.4
1422,16622,34118,2025-09-04,2,Wrong Item,13095.85
1423,16633,34139,2025-09-16,1,Not as Expected,13826.85
1424,16639,34150,2025-01-28,1,Wrong Item,16349.12
1425,16639,34151,2025-02-15,1,Wrong Item,7397.32
1426,16650,34170,2025-08-09,1,Not as Expected,45501.3
1427,16652,34173,2025-09-20,1,Size Issue,2347.62
1428,16682,34237,2025-08-13,1,Wrong Item,2753.57
1429,16734,34346,2025-04-08,3,Wrong Item,12384.36
1430,16737,34352,2025-10-06,1,Size Issue,16385.63
1431,16747,34371,2025-03-23,1,Damaged,16412.58
1432,16758,34391,2025-03-12,1,Damaged,16381.93
1433,16773,34415,2025-09-13,1,Changed Mind,18396.48
1434,16785,34438,2025-07-07,1,Changed Mind,3556.3
1435,16795,34457,2025-10-17,1,Not as Expected,3758.83
1436,16814,34489,2025-08-29,1,Size Issue,5241.04
1437,16822,34506,2025-09-24,1,Not as Expected,77722.48
1438,16828,34515,2025-04-03,1,Damaged,7196.21
1439,16861,34573,2025-03-28,3,Size Issue,1125.57
1440,16863,34578,2025-11-01,1,Changed Mind,6708.8
1441,16874,34605,2025-02-14,3,Damaged,30930.02
1442,16875,34606,2025-05-05,2,Size Issue,118879.49
1443,16899,34657,2025-05-25,1,Size Issue,2241.13
1444,16911,34683,2025-05-18,2,Wrong Item,34180.14
1445,16935,34727,2025-08-26,1,Damaged,4035.2
1446,16936,34728,2025-04-01,1,Changed Mind,13191.41
1447,16952,34760,2025-04-16,1,Damaged,3940.76
1448,16954,34762,2025-06-03,1,Changed Mind,14821.07
1449,16968,34792,2025-08-30,1,Size Issue,15427.02
1450,16975,34806,2025-01-29,1,Size Issue,12760.97
1451,16975,34807,2025-01-25,1,Size Issue,21407.68
1452,16981,34818,2025-03-26,1,Damaged,47303.54
1453,17015,34895,2025-06-19,2,Wrong Item,12520.8
1454,17031,34927,2025-02-17,1,Size Issue,3797.49
1455,17051,34975,2025-09-12,1,Size Issue,5823.38
1456,17054,34984,2025-03-28,2,Changed Mind,11193.72
1457,17063,35001,2025-10-06,1,Wrong Item,5199.03
1458,17064,35006,2025-10-15,1,Damaged,1385.69
1459,17068,35014,2025-07-12,1,Damaged,1680.19
1460,17075,35032,2025-07-15,2,Size Issue,5572.45
1461,17083,35048,2025-04-21,1,Changed Mind,6526.24
1462,17129,35147,2025-12-09,1,Changed Mind,9150.7
1463,17135,35153,2025-08-15,1,Not as Expected,6392.08
1464,17186,35250,2025-01-08,1,Wrong Item,2425.6
1465,17190,35257,2025-05-14,1,Changed Mind,6838.71
1466,17200,35284,2025-03-11,1,Damaged,56768.87
1467,17201,35287,2025-05-18,1,Changed Mind,1744.32
1468,17202,35292,2025-08-14,1,Not as Expected,8968.66
1469,17210,35308,2025-11-26,1,Not as Expected,19164.28
1470,17232,35359,2025-03-03,1,Not as Expected,5662.67
1471,17248,35389,2025-05-23,1,Changed Mind,22327.6
1472,17253,35396,2025-09-26,1,Size Issue,3903.1
1473,17263,35419,2025-12-31,1,Wrong Item,67919.37
1474,17265,35421,2025-05-07,1,Size Issue,3853.73
1475,17290,35472,2025-11-27,1,Not as Expected,70616.14
1476,17305,35503,2025-08-23,1,Wrong Item,4791.33
1477,17320,35537,2025-02-07,2,Size Issue,2653.18
1478,17323,35542,2025-03-02,1,Changed Mind,2567.87
1479,17327,35550,2025-10-07,1,Size Issue,72922.62
1480,17333,35569,2025-08-30,2,Size Issue,23044.16
1481,17354,35608,2025-10-23,1,Damaged,5188.34
1482,17360,35622,2025-07-14,1,Not as Expected,11703.97
1483,17368,35636,2025-12-31,2,Wrong Item,9899.75
1484,17373,35646,2025-06-27,1,Wrong Item,28354.95
1485,17380,35659,2025-08-14,1,Not as Expected,4826.85
1486,17381,35662,2025-09-08,1,Not as Expected,20978.57
1487,17387,35675,2025-12-20,1,Not as Expected,34805.92
1488,17393,35687,2025-03-05,1,Wrong Item,2167.68
1489,17419,35730,2025-04-04,1,Wrong Item,21047.46
1490,17439,35770,2025-11-15,1,Size Issue,3733.16
1491,17444,35781,2025-07-03,1,Wrong Item,14160.11
1492,17463,35825,2025-08-20,1,Size Issue,12133.75
1493,17464,35829,2025-08-18,1,Wrong Item,3248.26
1494,17471,35843,2025-06-03,2,Changed Mind,25017.98
1495,17482,35874,2025-06-02,1,Wrong Item,3556.3
1496,17487,35880,2025-05-27,1,Changed Mind,17303.65
1497,17506,35913,2025-10-10,1,Size Issue,74915.56
1498,17511,35923,2025-12-24,2,Wrong Item,90830.19
1499,17544,36004,2025-06-15,1,Size Issue,43653.53
1500,17579,36071,2025-05-10,1,Not as Expected,781.7
1501,17583,36078,2025-09-04,1,Damaged,65861.96
1502,17586,36084,2025-07-17,1,Size Issue,57746.08
1503,17588,36088,2025-10-28,1,Damaged,8664.05
1504,17620,36139,2025-04-02,1,Not as Expected,2208.77
1505,17622,36142,2025-10-12,1,Changed Mind,3134.5
1506,17629,36153,2025-09-15,1,Not as Expected,7222.23
1507,17632,36162,2025-06-09,1,Size Issue,8035.03
1508,17634,36169,2025-08-20,4,Changed Mind,247936.91
1509,17646,36194,2025-06-07,1,Not as Expected,14642.72
1510,17660,36222,2025-03-19,1,Damaged,7451.65
1511,17681,36263,2025-03-28,1,Size Issue,3487.73
1512,17690,36285,2025-10-24,1,Size Issue,5167.6
1513,17693,36291,2025-12-22,1,Not as Expected,11220.34
1514,17698,36299,2025-12-04,1,Damaged,14279.62
1515,17700,36305,2025-10-11,1,Changed Mind,14982.59
1516,17704,36314,2025-06-07,1,Damaged,14642.83
1517,17705,36316,2025-05-25,1,Wrong Item,3956.66
1518,17709,36324,2025-02-10,2,Wrong Item,49889.72
1519,17721,36350,2025-08-10,1,Changed Mind,2934.52
1520,17734,36382,2025-12-31,1,Wrong Item,3569.33
1521,17737,36388,2025-12-29,1,Wrong Item,29930.22
1522,17753,36416,2025-09-19,1,Wrong Item,75909.88
1523,17764,36437,2025-06-15,1,Not as Expected,2325.02
1524,17782,36476,2025-09-14,1,Changed Mind,4506.5
1525,17784,36482,2025-08-01,1,Not as Expected,9914.61
1526,17785,36486,2025-05-18,1,Changed Mind,9930.66
1527,17786,36489,2025-03-07,2,Changed Mind,56470.09
1528,17790,36498,2025-02-24,1,Damaged,3864.65
1529,17847,36611,2025-09-17,1,Size Issue,43348.18
1530,17854,36625,2025-12-04,1,Damaged,10824.51
1531,17899,36714,2025-10-30,1,Size Issue,80782.95
1532,17906,36726,2025-06-08,1,Not as Expected,2562.62
1533,17914,36744,2025-10-27,1,Damaged,53159.78
1534,17918,36756,2025-09-05,1,Damaged,1938.13
1535,17936,36789,2025-10-02,1,Wrong Item,61829.22
1536,17936,36790,2025-10-29,1,Size Issue,4054.53
1537,17952,36821,2025-11-07,1,Wrong Item,6260.4
1538,17958,36831,2025-11-23,1,Wrong Item,15381.02
1539,17958,36832,2025-11-25,1,Wrong Item,7231.53
1540,17966,36847,2025-05-30,1,Damaged,2355.55
1541,17974,36865,2025-03-06,1,Size Issue,3546.5
1542,17983,36878,2025-04-24,1,Damaged,10423.25
1543,17999,36909,2025-12-02,1,Size Issue,7349.36
1544,18008,36930,2025-12-02,1,Changed Mind,16385.63
1545,18009,36933,2025-05-27,1,Damaged,8576.1
1546,18034,36981,2025-02-08,1,Wrong Item,13855.49
1547,18040,36994,2025-12-14,1,Wrong Item,74933.91
1548,18061,37043,2025-02-04,1,Changed Mind,22334.76
1549,18068,37054,2025-04-10,1,Damaged,7183.84
1550,18079,37074,2025-02-20,1,Size Issue,16852.86
1551,18083,37083,2025-06-25,1,Not as Expected,14545.44
1552,18087,37092,2025-05-08,1,Not as Expected,9788.47
1553,18091,37096,2025-09-05,2,Wrong Item,12941.11
1554,18093,37098,2025-06-12,1,Damaged,87242.29
1555,18110,37128,2025-11-13,1,Size Issue,5611.77
1556,18110,37130,2025-11-06,1,Damaged,9826.28
1557,18118,37143,2025-06-14,1,Damaged,1796.24
1558,18119,37146,2025-06-26,3,Not as Expected,3792.93
1559,18125,37156,2025-08-08,1,Damaged,3956.29
1560,18143,37198,2025-04-09,1,Not as Expected,10830.06
1561,18158,37227,2025-11-01,1,Damaged,2253.25
1562,18175,37266,2025-03-07,1,Changed Mind,16815.65
1563,18236,37381,2025-01-29,1,Size Issue,14178.86
1564,18242,37393,2025-05-25,2,Size Issue,1908.51
1565,18255,37418,2025-06-17,1,Damaged,4294.05
1566,18257,37423,2025-06-27,1,Not as Expected,71169.78
1567,18277,37460,2025-04-05,1,Not as Expected,4346.94
1568,18282,37468,2025-05-30,1,Size Issue,9855.98
1569,18300,37501,2025-10-23,2,Size Issue,53550.12
1570,18312,37523,2025-04-30,1,Size Issue,5667.28
1571,18313,37525,2025-11-17,1,Size Issue,879.35
1572,18315,37528,2025-05-24,1,Size Issue,13820.29
1573,18317,37532,2025-05-22,1,Changed Mind,7787.84
1574,18324,37546,2025-11-19,1,Damaged,50197.74
1575,18352,37605,2025-11-06,1,Wrong Item,15359.81
1576,18375,37658,2025-08-07,1,Not as Expected,2960.36
1577,18389,37685,2025-06-11,1,Damaged,9692.23
1578,18407,37725,2025-06-03,2,Changed Mind,53497.98
1579,18411,37732,2025-04-05,1,Not as Expected,94538.19
1580,18415,37738,2025-02-08,1,Damaged,1938.13
1581,18427,37770,2025-10-31,1,Not as Expected,4791.33
1582,18431,37781,2025-07-26,3,Size Issue,11094.48
1583,18466,37856,2025-11-13,1,Damaged,14397.76
1584,18511,37939,2025-04-28,2,Size Issue,99586.4
1585,18518,37952,2025-01-27,1,Changed Mind,599.79
1586,18540,37999,2025-03-05,1,Size Issue,4432.76
1587,18579,38076,2025-03-04,1,Wrong Item,2365.54
1588,18580,38079,2025-02-11,1,Size Issue,6949.85
1589,18584,38084,2025-11-08,1,Changed Mind,54858.78
1590,18589,38093,2025-10-23,1,Not as Expected,16432.65
1591,18589,38094,2025-11-06,1,Changed Mind,6962.18
1592,18595,38108,2025-12-14,1,Changed Mind,13146.12
1593,18613,38146,2025-06-14,1,Damaged,26522.53
1594,18614,38148,2025-05-07,1,Not as Expected,7912.51
1595,18624,38170,2025-06-30,1,Not as Expected,1436.99
1596,18624,38172,2025-07-20,1,Size Issue,16558.65
1597,18641,38209,2025-12-12,1,Not as Expected,5061.04
1598,18645,38219,2025-12-28,1,Wrong Item,75913.25
1599,18674,38281,2025-10-31,1,Not as Expected,9595.34
1600,18683,38301,2025-06-29,1,Wrong Item,17257.41
1601,18701,38338,2025-10-22,1,Not as Expected,3929.29
1602,18719,38376,2025-10-04,1,Damaged,5390.24
1603,18724,38387,2025-12-31,1,Damaged,25262.93
1604,18742,38420,2025-08-05,1,Not as Expected,8394.29
1605,18750,38433,2025-09-30,1,Not as Expected,3260.61
1606,18758,38446,2025-03-20,2,Size Issue,794.52
1607,18766,38459,2025-08-06,1,Changed Mind,5257.17
1608,18770,38469,2025-02-15,2,Changed Mind,35171.7
1609,18792,38513,2025-11-18,1,Wrong Item,12528.55
1610,18805,38539,2025-11-30,1,Size Issue,18520.4
1611,18812,38557,2025-12-24,1,Not as Expected,7830.78
1612,18832,38597,2025-12-20,1,Changed Mind,27703.03
1613,18842,38614,2025-11-06,1,Not as Expected,2013.34
1614,18888,38711,2025-10-26,1,Not as Expected,3570.23
1615,18891,38716,2025-07-28,1,Changed Mind,25349.04
1616,18898,38731,2025-05-29,1,Size Issue,12162.19
1617,18903,38738,2025-08-12,1,Size Issue,71187.21
1618,18908,38748,2025-11-02,1,Wrong Item,19996.54
1619,18930,38793,2025-02-28,1,Not as Expected,17278.36
1620,18949,38825,2025-09-30,1,Damaged,19354.54
1621,18953,38830,2025-02-14,1,Not as Expected,15626.46
1622,18964,38855,2025-09-17,1,Changed Mind,1122.65
1623,18978,38887,2025-02-07,1,Wrong Item,30478.37
1624,18997,38921,2025-08-29,1,Size Issue,21056.8
1625,19002,38929,2025-07-31,1,Damaged,26013.78
1626,19012,38951,2025-03-13,1,Changed Mind,72922.62
1627,19035,39001,2025-03-07,1,Not as Expected,68294.68
1628,19058,39051,2025-04-16,1,Damaged,5363.17
1629,19066,39067,2025-03-13,1,Wrong Item,17007.89
1630,19091,39119,2025-10-22,1,Wrong Item,2008.41
1631,19091,39120,2025-10-09,1,Not as Expected,56768.87
1632,19093,39125,2025-12-19,1,Not as Expected,7037.18
1633,19101,39144,2025-02-10,1,Changed Mind,9240.33
1634,19102,39147,2025-08-26,1,Size Issue,6334.02
1635,19111,39161,2025-10-07,1,Changed Mind,3483.74
1636,19117,39176,2025-11-11,1,Wrong Item,2961.18
1637,19137,39217,2025-07-11,1,Wrong Item,710.61
1638,19145,39231,2025-10-20,1,Not as Expected,1125.91
1639,19158,39267,2025-03-09,1,Wrong Item,508.34
1640,19164,39279,2025-04-03,1,Changed Mind,39817.78
1641,19173,39298,2025-08-01,1,Size Issue,15315.33
1642,19178,39306,2025-07-16,1,Changed Mind,29971.86
1643,19198,39339,2025-05-31,1,Changed Mind,2562.62
1644,19258,39464,2025-09-07,1,Size Issue,13191.41
1645,19261,39471,2025-08-20,1,Damaged,18165.69
1646,19277,39506,2025-05-19,1,Not as Expected,34139.77
1647,19287,39527,2025-05-19,1,Wrong Item,17278.36
1648,19295,39539,2025-09-03,1,Wrong Item,10720.13
1649,19302,39547,2025-04-14,1,Size Issue,51357.09
1650,19303,39548,2025-08-05,1,Size Issue,57746.08
1651,19317,39578,2025-09-07,1,Damaged,3088.13
1652,19329,39600,2025-02-01,2,Changed Mind,5349.92
1653,19358,39659,2025-06-13,1,Changed Mind,2390.84
1654,19366,39676,2025-12-24,1,Damaged,21056.8
1655,19377,39701,2025-02-05,2,Changed Mind,43274.61
1656,19383,39712,2025-12-15,1,Changed Mind,74915.56
1657,19390,39723,2025-06-17,1,Damaged,27918.45
1658,19402,39744,2025-05-25,1,Damaged,16061.42
1659,19405,39751,2025-03-10,1,Not as Expected,6628.98
1660,19406,39752,2025-03-06,1,Wrong Item,50501.79
1661,19419,39780,2025-11-10,1,Not as Expected,67295.29
1662,19435,39808,2025-05-03,2,Not as Expected,80269.72
1663,19449,39846,2025-07-08,1,Size Issue,2023.95
1664,19450,39847,2025-08-11,1,Not as Expected,6260.4
1665,19450,39848,2025-08-08,1,Wrong Item,2786.99
1666,19474,39898,2025-02-12,1,Size Issue,9877.75
1667,19481,39917,2025-07-30,1,Damaged,23776.88
1668,19483,39922,2025-04-08,1,Changed Mind,5702.48
1669,19489,39934,2025-09-12,2,Size Issue,48167.28
1670,19490,39935,2025-09-27,2,Wrong Item,31459.94
1671,19499,39951,2025-05-14,1,Changed Mind,7451.65
1672,19505,39964,2025-09-12,1,Changed Mind,8319.11
1673,19537,40032,2025-11-07,1,Size Issue,11961.19
1674,19576,40108,2025-12-04,1,Not as Expected,4159.41
1675,19577,40112,2025-06-27,2,Not as Expected,20994.3
1676,19607,40177,2025-04-05,1,Damaged,7965.2
1677,19616,40198,2025-10-24,1,Changed Mind,31516.75
1678,19636,40243,2025-08-12,1,Wrong Item,9103.58
1679,19661,40280,2025-02-28,1,Wrong Item,12974.84
1680,19663,40287,2025-09-02,2,Not as Expected,10734.08
1681,19685,40328,2025-05-08,1,Size Issue,19784.08
1682,19702,40368,2025-03-07,1,Not as Expected,18844.01
1683,19707,40375,2025-09-23,1,Not as Expected,5674.0
1684,19745,40447,2025-09-20,1,Size Issue,14526.56
1685,19755,40471,2025-05-30,1,Size Issue,17303.65
1686,19768,40499,2025-10-12,2,Changed Mind,11625.81
1687,19780,40526,2025-11-18,1,Damaged,9889.66
1688,19785,40536,2025-12-16,1,Not as Expected,5095.01
1689,19787,40539,2025-03-25,1,Wrong Item,6856.05
1690,19788,40541,2025-12-08,1,Wrong Item,74915.56
1691,19796,40557,2025-05-10,2,Changed Mind,7770.58
1692,19812,40585,2025-11-14,4,Changed Mind,207885.89
1693,19812,40586,2025-11-01,1,Size Issue,3367.24
1694,19813,40588,2025-06-19,1,Changed Mind,9747.05
1695,19814,40590,2025-11-22,1,Not as Expected,682.74
1696,19824,40611,2025-05-14,1,Damaged,6102.26
1697,19826,40616,2025-12-31,1,Not as Expected,15434.94
1698,19832,40628,2025-10-23,1,Wrong Item,19995.09
1699,19856,40681,2025-02-19,1,Damaged,2516.67
1700,19857,40683,2025-04-02,1,Size Issue,67919.37
1701,19861,40690,2025-06-21,1,Not as Expected,16342.34
1702,19896,40754,2025-08-29,1,Wrong Item,1366.02
1703,19937,40830,2025-10-28,1,Size Issue,53395.67
1704,19957,40870,2025-12-25,1,Size Issue,749.74
1705,19959,40875,2025-04-15,1,Damaged,7931.36
1706,19971,40897,2025-10-21,1,Wrong Item,2434.49
1707,20001,40948,2025-09-15,1,Not as Expected,71169.78
1708,20012,40968,2025-06-06,1,Not as Expected,5186.92
1709,20061,41070,2025-12-16,1,Not as Expected,2304.3
1710,20064,41075,2025-07-12,1,Not as Expected,28306.76
1711,20080,41109,2025-02-21,1,Damaged,2408.53
1712,20091,41134,2025-08-29,1,Changed Mind,3009.33
1713,20095,41142,2025-10-28,1,Damaged,3359.37
1714,20107,41172,2025-04-08,1,Wrong Item,4005.78
1715,20111,41180,2025-08-17,1,Not as Expected,2567.87
1716,20118,41195,2025-02-25,1,Size Issue,2248.83
1717,20121,41201,2025-06-19,1,Damaged,19573.94
1718,20130,41215,2025-02-16,1,Wrong Item,67440.52
1719,20136,41232,2025-12-31,1,Size Issue,9878.7
1720,20147,41251,2025-08-01,1,Damaged,16473.19
1721,20147,41254,2025-08-25,2,Not as Expected,1858.33
1722,20157,41268,2025-07-29,2,Not as Expected,7414.91
1723,20178,41309,2025-01-17,1,Size Issue,4469.42
1724,20179,41312,2025-12-23,1,Damaged,7903.37
1725,20186,41325,2025-11-06,1,Not as Expected,29506.58
1726,20196,41346,2025-07-09,1,Wrong Item,61442.62
1727,20209,41372,2025-09-16,1,Wrong Item,7079.25
1728,20211,41377,2025-10-11,1,Damaged,74915.56
1729,20231,41420,2025-02-06,1,Not as Expected,6829.78
1730,20233,41425,2025-07-03,1,Size Issue,6239.9
1731,20240,41443,2025-02-23,1,Damaged,5470.98
1732,20258,41487,2025-02-04,1,Size Issue,30388.87
1733,20275,41518,2025-12-31,1,Not as Expected,11683.13
1734,20298,41569,2025-12-19,1,Changed Mind,83230.53
1735,20335,41628,2025-10-15,2,Damaged,178434.24
1736,20350,41655,2025-06-29,1,Changed Mind,23242.19
1737,20352,41662,2025-12-07,1,Size Issue,3345.49
1738,20360,41687,2025-07-27,1,Not as Expected,85034.68
1739,20375,41727,2025-06-14,1,Not as Expected,5914.31
1740,20403,41781,2025-07-27,1,Damaged,23328.86
1741,20431,41847,2025-12-21,1,Damaged,14380.38
1742,20453,41891,2025-07-15,1,Size Issue,6911.7
1743,20465,41917,2025-11-27,1,Size Issue,8659.61
1744,20466,41919,2025-11-24,1,Size Issue,10553.13
1745,20474,41937,2025-12-25,4,Not as Expected,29529.03
1746,20475,41939,2025-01-21,1,Size Issue,4222.19
1747,20477,41944,2025-10-28,1,Wrong Item,89217.12
1748,20518,42026,2025-10-29,1,Not as Expected,2398.2
1749,20520,42030,2025-11-11,1,Damaged,10824.51
1750,20523,42039,2025-11-10,1,Changed Mind,29971.86
1751,20543,42072,2025-10-14,1,Size Issue,21982.31
1752,20560,42124,2025-07-01,1,Size Issue,7126.76
1753,20570,42147,2025-12-28,1,Not as Expected,6007.76
1754,20571,42148,2025-12-31,1,Size Issue,2269.19
1755,20595,42194,2025-12-06,1,Wrong Item,2432.31
1756,20597,42197,2025-10-19,1,Changed Mind,50501.79
1757,20610,42227,2025-02-14,1,Size Issue,102637.99
1758,20651,42312,2025-09-30,1,Wrong Item,6341.61
1759,20652,42316,2025-06-27,1,Wrong Item,13146.12
1760,20669,42350,2025-09-11,1,Size Issue,32008.06
1761,20673,42357,2025-11-30,2,Damaged,48026.78
1762,20674,42363,2025-08-24,1,Wrong Item,77286.53
1763,20687,42392,2025-12-31,1,Damaged,15179.22
1764,20689,42395,2025-12-10,2,Wrong Item,52129.3
1765,20690,42397,2025-11-27,1,Not as Expected,17547.94
1766,20709,42438,2025-12-31,1,Wrong Item,50501.79
1767,20729,42484,2025-02-17,2,Not as Expected,6084.16
1768,20736,42501,2025-12-31,1,Damaged,34139.77
1769,20751,42530,2025-09-12,2,Changed Mind,6084.16
1770,20756,42538,2025-12-31,1,Wrong Item,4567.71
1771,20759,42543,2025-11-10,1,Not as Expected,17997.2
1772,20773,42575,2025-02-02,1,Changed Mind,50501.79
1773,20773,42576,2025-02-01,1,Size Issue,3956.66
1774,20781,42596,2025-02-22,1,Changed Mind,26775.06
1775,20802,42641,2025-04-05,1,Wrong Item,42740.15
1776,20818,42679,2025-11-11,1,Damaged,1669.73
1777,20862,42779,2025-04-05,1,Wrong Item,397.26
1778,20874,42799,2025-12-12,1,Size Issue,3797.49
1779,20878,42809,2025-03-30,1,Not as Expected,6254.87
1780,20912,42886,2025-04-14,1,Changed Mind,61476.94
1781,20919,42902,2025-10-16,1,Damaged,24772.71
1782,20934,42929,2025-07-03,1,Wrong Item,29585.03
1783,20942,42944,2025-01-31,1,Wrong Item,3176.51
1784,20946,42950,2025-09-23,1,Damaged,37595.57
1785,20951,42962,2025-04-21,1,Changed Mind,71169.78
1786,20966,42999,2025-04-24,1,Wrong Item,20883.19
1787,20977,43027,2025-04-04,1,Damaged,30579.33
1788,20979,43030,2025-08-21,1,Not as Expected,5321.34
1789,20985,43046,2025-05-15,2,Not as Expected,1760.53
1790,20991,43062,2025-03-29,1,Not as Expected,11924.3
1791,20995,43069,2025-12-11,1,Size Issue,10486.19
1792,21029,43123,2025-11-07,2,Not as Expected,1564.91
1793,21038,43139,2025-07-01,1,Wrong Item,1109.22
1794,21048,43168,2025-03-25,1,Size Issue,5303.18
1795,21050,43173,2025-11-30,1,Wrong Item,69557.88
1796,21053,43180,2025-09-03,1,Wrong Item,2600.53
1797,21067,43207,2025-11-26,1,Changed Mind,15381.02
1798,21086,43247,2025-04-11,1,Changed Mind,2347.62
1799,21092,43258,2025-06-17,2,Size Issue,17290.86
1800,21106,43287,2025-04-03,1,Wrong Item,21066.07
1801,21115,43306,2025-02-07,1,Damaged,72922.62
1802,21142,43367,2025-05-19,1,Damaged,24526.24
1803,21143,43368,2025-07-30,1,Size Issue,1697.72
1804,21148,43381,2025-07-13,1,Not as Expected,9401.25
1805,21156,43397,2025-10-16,1,Changed Mind,3042.08
1806,21174,43435,2025-10-10,1,Wrong Item,1072.93
1807,21175,43437,2025-03-02,1,Size Issue,879.35
1808,21179,43446,2025-05-22,1,Wrong Item,14073.83
1809,21195,43478,2025-02-03,1,Size Issue,3405.03
1810,21204,43491,2025-04-29,2,Wrong Item,706.24
1811,21229,43544,2025-11-25,1,Changed Mind,3802.6
1812,21233,43552,2025-03-04,1,Changed Mind,749.74
1813,21238,43572,2025-08-12,1,Damaged,3671.29
1814,21239,43573,2025-06-14,1,Damaged,15454.53
1815,21262,43618,2025-04-17,1,Wrong Item,76531.21
1816,21270,43637,2025-06-09,1,Size Issue,5923.53
1817,21281,43663,2025-12-31,1,Changed Mind,56576.62
1818,21287,43679,2025-11-23,1,Damaged,11719.86
1819,21307,43720,2025-01-24,1,Damaged,53004.96
1820,21309,43723,2025-11-22,1,Size Issue,19995.09
1821,21313,43730,2025-07-27,1,Wrong Item,33302.07
1822,21321,43754,2025-10-25,1,Size Issue,1266.38
1823,21374,43851,2025-06-02,3,Wrong Item,4618.95
1824,21396,43896,2025-01-30,2,Size Issue,7487.44
1825,21406,43913,2025-03-26,1,Wrong Item,7216.89
1826,21410,43921,2025-05-28,2,Size Issue,74697.28
1827,21413,43927,2025-07-11,4,Changed Mind,242263.04
1828,21422,43943,2025-03-09,2,Damaged,36709.12
1829,21425,43949,2025-11-02,1,Wrong Item,4622.7
1830,21432,43963,2025-04-03,1,Wrong Item,9543.37
1831,21434,43967,2025-11-05,1,Size Issue,26759.6
1832,21463,44027,2025-11-03,1,Size Issue,2432.31
1833,21465,44031,2025-08-01,1,Changed Mind,10553.13
1834,21470,44040,2025-08-23,1,Not as Expected,3987.62
1835,21477,44054,2025-12-05,1,Size Issue,19226.28
1836,21484,44069,2025-02-03,1,Changed Mind,17272.71
1837,21487,44073,2025-02-25,1,Damaged,5726.69
1838,21502,44105,2025-11-07,1,Damaged,6811.11
1839,21513,44125,2025-10-15,1,Not as Expected,6341.53
1840,21513,44128,2025-10-25,1,Changed Mind,23458.19
1841,21516,44133,2025-10-10,2,Wrong Item,2814.18
1842,21520,44147,2025-04-27,1,Changed Mind,63554.53
1843,21531,44168,2025-09-17,1,Wrong Item,11438.37
1844,21548,44205,2025-06-26,1,Wrong Item,18363.32
1845,21550,44208,2025-07-05,1,Not as Expected,11212.7
1846,21559,44227,2025-07-19,1,Wrong Item,57794.31
1847,21559,44228,2025-07-17,2,Damaged,4695.23
1848,21561,44233,2025-06-26,1,Size Issue,19784.08
1849,21575,44258,2025-08-05,1,Damaged,21103.03
1850,21591,44292,2025-02-01,1,Changed Mind,50501.79
1851,21600,44311,2025-04-07,1,Changed Mind,4622.7
1852,21624,44360,2025-05-18,1,Size Issue,393.06
1853,21639,44385,2025-11-16,2,Not as Expected,58591.04
1854,21640,44387,2025-03-05,1,Not as Expected,11728.56
1855,21644,44392,2025-12-31,3,Wrong Item,13000.67
1856,21647,44399,2025-11-08,2,Damaged,7757.86
1857,21660,44421,2025-08-04,1,Wrong Item,1785.2
1858,21663,44428,2025-08-31,1,Size Issue,4791.33
1859,21679,44457,2025-06-03,1,Size Issue,21570.55
1860,21710,44521,2025-08-16,1,Damaged,70160.77
1861,21722,44548,2025-11-26,1,Size Issue,14322.43
1862,21738,44584,2025-11-12,1,Changed Mind,13822.69
1863,21746,44602,2025-05-11,1,Changed Mind,11872.27
1864,21754,44620,2025-12-04,1,Not as Expected,13837.65
1865,21767,44646,2025-03-25,1,Wrong Item,1074.66
1866,21770,44652,2025-08-18,3,Not as Expected,16924.05
1867,21794,44697,2025-12-28,1,Size Issue,4856.61
1868,21807,44718,2025-06-27,1,Wrong Item,65693.55
1869,21822,44750,2025-12-09,1,Wrong Item,56205.97
1870,21827,44758,2025-12-04,1,Wrong Item,674.77
1871,21831,44767,2025-01-25,1,Changed Mind,801.78
1872,21840,44787,2025-12-19,2,Changed Mind,17937.32
1873,21860,44827,2025-01-30,1,Wrong Item,6341.53
1874,21861,44831,2025-11-27,1,Wrong Item,3570.23
1875,21907,44932,2025-05-27,1,Damaged,12850.1
1876,21913,44943,2025-11-17,1,Changed Mind,56768.87
1877,21919,44955,2025-12-13,1,Changed Mind,7787.84
1878,21919,44957,2025-12-31,1,Damaged,12086.37
1879,21921,44962,2025-12-11,1,Size Issue,24526.24
1880,21932,44980,2025-09-12,1,Not as Expected,7349.36
1881,21955,45030,2025-11-06,1,Changed Mind,57746.08
1882,21958,45038,2025-09-06,1,Size Issue,9710.9
1883,21971,45063,2025-06-11,1,Size Issue,22154.95
1884,21978,45076,2025-03-15,1,Changed Mind,10294.53
1885,21992,45111,2025-04-06,1,Size Issue,9747.05
1886,22023,45173,2025-06-22,1,Changed Mind,3042.08
1887,22027,45182,2025-07-06,1,Changed Mind,9564.29
1888,22036,45203,2025-12-02,2,Wrong Item,24961.81
1889,22062,45261,2025-02-28,1,Changed Mind,5532.21
1890,22072,45274,2025-12-31,1,Changed Mind,3042.08
1891,22093,45326,2025-08-09,1,Size Issue,11142.13
1892,22099,45335,2025-09-21,1,Changed Mind,8734.47
1893,22103,45339,2025-12-31,1,Damaged,8664.05
1894,22109,45348,2025-11-10,1,Wrong Item,462.42
1895,22113,45352,2025-04-02,1,Changed Mind,10000.45
1896,22114,45357,2025-11-04,1,Size Issue,3483.74
1897,22116,45362,2025-02-14,1,Wrong Item,8095.73
1898,22128,45383,2025-09-29,1,Size Issue,6911.7
1899,22151,45437,2025-09-05,1,Damaged,58195.78
1900,22159,45451,2025-03-20,1,Changed Mind,1815.35
1901,22160,45455,2025-02-10,1,Not as Expected,8551.67
1902,22191,45513,2025-01-30,1,Changed Mind,3483.74
1903,22206,45538,2025-01-29,1,Size Issue,3683.11
1904,22206,45539,2025-02-09,1,Wrong Item,94538.19
1905,22219,45563,2025-04-26,1,Changed Mind,4826.85
1906,22228,45579,2025-05-20,1,Not as Expected,85560.78
1907,22235,45593,2025-09-21,1,Changed Mind,3829.28
1908,22272,45661,2025-04-28,1,Size Issue,15673.42
1909,22279,45676,2025-12-08,1,Changed Mind,416.18
1910,22296,45715,2025-11-06,1,Size Issue,6392.08
1911,22304,45737,2025-03-31,1,Not as Expected,3170.63
1912,22312,45756,2025-12-18,4,Damaged,21761.42
1913,22312,45758,2025-12-16,1,Changed Mind,39817.78
1914,22320,45773,2025-03-12,2,Not as Expected,6687.4
1915,22326,45787,2025-07-19,1,Wrong Item,6360.89
1916,22328,45795,2025-04-03,3,Changed Mind,214121.09
1917,22359,45851,2025-09-02,1,Changed Mind,4710.77
1918,22363,45861,2025-08-23,1,Not as Expected,2607.21
1919,22373,45882,2025-12-31,1,Damaged,12137.91
1920,22390,45910,2025-11-25,1,Damaged,1767.3
1921,22398,45925,2025-02-10,1,Wrong Item,2306.36
1922,22404,45937,2025-10-06,1,Not as Expected,61984.23
1923,22412,45950,2025-12-29,2,Not as Expected,23490.0
1924,22414,45955,2025-06-12,1,Damaged,4477.49
1925,22418,45965,2025-02-08,1,Changed Mind,13783.8
1926,22439,46006,2025-04-18,2,Changed Mind,1564.91
1927,22449,46036,2025-11-02,3,Wrong Item,55277.97
1928,22451,46040,2025-06-01,1,Not as Expected,6392.08
1929,22454,46048,2025-05-02,1,Changed Mind,24761.42
1930,22464,46066,2025-03-09,1,Changed Mind,3575.54
1931,22467,46072,2025-12-30,1,Not as Expected,5532.21
1932,22467,46073,2025-12-31,1,Size Issue,6037.92
1933,22487,46111,2025-10-22,2,Damaged,73157.78
1934,22502,46140,2025-07-23,3,Size Issue,6071.84
1935,22553,46245,2025-10-28,1,Size Issue,2705.98
1936,22563,46265,2025-08-25,1,Wrong Item,9874.66
1937,22578,46303,2025-05-11,3,Changed Mind,128220.46
1938,22605,46357,2025-07-20,1,Size Issue,439.3
1939,22645,46427,2025-05-31,1,Not as Expected,16772.6
1940,22648,46431,2025-04-20,1,Size Issue,10576.4
1941,22686,46492,2025-02-02,1,Size Issue,16292.43
1942,22687,46494,2025-11-05,1,Size Issue,6130.0
1943,22689,46496,2025-08-13,1,Wrong Item,58403.09
1944,22718,46556,2025-06-28,1,Wrong Item,72922.62
1945,22720,46558,2025-11-07,1,Damaged,3034.7
1946,22730,46578,2025-11-17,1,Changed Mind,58403.09
1947,22762,46642,2025-10-05,1,Size Issue,70088.86
1948,22771,46663,2025-04-08,1,Changed Mind,942.84
1949,22776,46671,2025-11-20,1,Changed Mind,14789.39
1950,22800,46715,2025-12-28,1,Wrong Item,1575.33
1951,22809,46729,2025-06-27,1,Changed Mind,11142.13
1952,22814,46745,2025-09-18,1,Size Issue,5989.16
1953,22818,46752,2025-07-24,1,Not as Expected,18386.81
1954,22842,46806,2025-07-14,1,Not as Expected,6379.17
1955,22860,46849,2025-09-16,1,Size Issue,18491.06
1956,22876,46885,2025-01-17,1,Not as Expected,6811.11
1957,22883,46906,2025-10-19,1,Damaged,13713.8
1958,22887,46918,2025-01-27,1,Changed Mind,72922.62
1959,22892,46927,2025-02-22,1,Size Issue,369.94
1960,22926,46990,2025-08-24,1,Damaged,3173.19
1961,22929,46996,2025-05-26,1,Not as Expected,49084.17
1962,22930,47000,2025-12-16,1,Size Issue,16342.34
1963,22936,47013,2025-12-31,2,Damaged,103421.4
1964,22940,47018,2025-11-29,2,Wrong Item,5526.12
1965,22953,47043,2025-05-14,1,Wrong Item,47843.8
1966,22972,47081,2025-10-09,1,Damaged,7902.2
1967,22978,47092,2025-12-22,1,Damaged,7768.72
1968,22990,47111,2025-04-09,1,Not as Expected,72279.48
1969,23004,47139,2025-05-10,1,Wrong Item,11142.13
1970,23007,47145,2025-07-05,1,Wrong Item,2304.3
1971,23011,47154,2025-12-10,1,Size Issue,6547.92
1972,23012,47155,2025-11-19,1,Damaged,48082.67
1973,23017,47167,2025-12-13,1,Damaged,1762.49
1974,23072,47270,2025-08-01,1,Size Issue,6667.39
1975,23075,47276,2025-09-20,1,Changed Mind,17303.65
1976,23119,47367,2025-05-13,3,Wrong Item,19485.6
1977,23140,47405,2025-02-17,1,Size Issue,10738.05
1978,23183,47505,2025-07-28,1,Size Issue,27918.45
1979,23190,47519,2025-07-06,2,Size Issue,107860.85
1980,23195,47529,2025-07-06,1,Size Issue,4164.52
1981,23201,47545,2025-11-14,1,Not as Expected,14951.04
1982,23209,47557,2025-12-31,1,Not as Expected,13342.58
1983,23217,47574,2025-09-09,2,Wrong Item,23457.12
1984,23221,47583,2025-12-18,1,Changed Mind,1251.01
1985,23221,47584,2025-12-28,1,Size Issue,6037.9
1986,23234,47613,2025-05-07,1,Size Issue,1963.67
1987,23243,47630,2025-07-01,1,Not as Expected,3016.84
1988,23244,47631,2025-06-29,1,Wrong Item,4746.86
1989,23246,47634,2025-02-26,1,Damaged,17076.63
1990,23256,47654,2025-06-20,1,Changed Mind,19813.09
1991,23271,47686,2025-07-22,1,Damaged,4613.78
1992,23289,47726,2025-09-09,1,Not as Expected,15454.53
1993,23292,47733,2025-05-26,1,Size Issue,14038.96
1994,23300,47748,2025-08-09,1,Wrong Item,15978.2
1995,23318,47776,2025-08-31,1,Damaged,4949.87
1996,23322,47782,2025-12-21,1,Damaged,25436.31
1997,23342,47826,2025-10-31,1,Size Issue,93611.59
1998,23376,47894,2025-01-28,1,Changed Mind,13581.47
1999,23391,47922,2025-01-31,1,Damaged,21661.9
2000,23426,47986,2025-08-05,1,Size Issue,3419.22
2001,23436,48002,2025-12-31,2,Not as Expected,58037.61
2002,23478,48082,2025-01-19,1,Damaged,11751.56
2003,23508,48145,2025-10-28,1,Changed Mind,14899.85
2004,23526,48180,2025-07-21,1,Damaged,2282.92
2005,23530,48190,2025-02-23,2,Damaged,30358.45
2006,23543,48216,2025-09-22,1,Size Issue,67085.33
2007,23553,48238,2025-12-31,1,Size Issue,1264.31
2008,23565,48265,2025-06-03,1,Changed Mind,3733.16
2009,23610,48363,2025-10-07,1,Wrong Item,11013.32
2010,23622,48386,2025-06-11,1,Size Issue,3698.16
2011,23627,48392,2025-06-19,1,Not as Expected,43348.18
2012,23644,48416,2025-09-19,1,Size Issue,11664.25
2013,23658,48443,2025-10-29,1,Wrong Item,23235.38
2014,23659,48444,2025-12-04,1,Wrong Item,69394.53
2015,23720,48578,2025-12-25,1,Damaged,17007.89
2016,23735,48610,2025-02-28,1,Wrong Item,9243.45
2017,23756,48648,2025-12-10,1,Not as Expected,75763.11
2018,23760,48658,2025-07-14,1,Not as Expected,1787.07
2019,23773,48685,2025-12-05,1,Wrong Item,10650.27
2020,23774,48687,2025-06-05,1,Wrong Item,6838.71
2021,23841,48820,2025-12-31,2,Size Issue,6050.56
2022,23856,48856,2025-08-02,2,Changed Mind,5411.97
2023,23864,48870,2025-09-03,1,Damaged,5773.51
2024,23878,48901,2025-03-21,1,Damaged,17149.93
2025,23894,48930,2025-02-22,1,Damaged,2050.1
2026,23895,48932,2025-04-23,1,Wrong Item,2265.0
2027,23919,48977,2025-01-23,1,Not as Expected,17278.36
2028,23921,48980,2025-07-11,2,Size Issue,7224.94
2029,23950,49042,2025-11-19,4,Size Issue,20028.88
2030,23956,49055,2025-12-02,1,Damaged,49084.17
2031,23959,49060,2025-05-21,1,Changed Mind,2432.31
2032,23969,49080,2025-04-22,1,Damaged,9672.55
2033,23972,49086,2025-07-27,1,Changed Mind,17996.89
2034,23982,49102,2025-02-18,1,Changed Mind,16668.36
2035,24007,49151,2025-09-07,1,Size Issue,3483.74
2036,24026,49195,2025-10-02,1,Not as Expected,5989.16
2037,24030,49207,2025-04-17,1,Wrong Item,8384.42
2038,24052,49252,2025-05-07,1,Not as Expected,6349.7
2039,24063,49272,2025-09-18,1,Not as Expected,31505.5
2040,24083,49310,2025-12-31,1,Size Issue,12776.5
2041,24083,49312,2025-12-31,1,Changed Mind,5648.29
2042,24084,49313,2025-12-27,1,Wrong Item,890.87
2043,24091,49329,2025-11-21,1,Wrong Item,2960.36
2044,24091,49330,2025-11-14,2,Damaged,8512.58
2045,24097,49338,2025-12-31,1,Not as Expected,3435.24
2046,24127,49396,2025-10-25,1,Changed Mind,586.98
2047,24141,49421,2025-05-22,1,Size Issue,4494.63
2048,24141,49422,2025-05-31,1,Not as Expected,39817.78
2049,24145,49430,2025-07-14,1,Changed Mind,72563.1
2050,24147,49433,2025-12-15,1,Changed Mind,13508.0
2051,24148,49435,2025-10-26,1,Size Issue,4949.87
2052,24154,49445,2025-09-11,1,Size Issue,14545.44
2053,24179,49495,2025-08-07,1,Not as Expected,55329.25
2054,24186,49511,2025-03-05,1,Changed Mind,33845.11
2055,24187,49513,2025-11-24,1,Not as Expected,2126.55
2056,24192,49520,2025-08-23,1,Size Issue,2378.43
2057,24198,49533,2025-03-27,1,Wrong Item,10184.12
2058,24240,49608,2025-11-26,1,Not as Expected,10497.83
2059,24241,49612,2025-02-13,1,Changed Mind,72922.62
2060,24256,49644,2025-08-11,1,Size Issue,5363.17
2061,24266,49664,2025-06-04,2,Damaged,47705.44
2062,24274,49681,2025-11-02,1,Wrong Item,7469.53
2063,24305,49739,2025-05-19,2,Changed Mind,1173.96
2064,24322,49777,2025-07-27,1,Wrong Item,2425.6
2065,24355,49839,2025-10-26,1,Changed Mind,12910.24
2066,24362,49856,2025-07-04,1,Not as Expected,3010.94
2067,24387,49911,2025-12-17,1,Damaged,1436.99
2068,24409,49955,2025-09-21,2,Size Issue,22876.74
2069,24427,49991,2025-04-20,4,Wrong Item,31329.83
2070,24455,50059,2025-08-04,2,Size Issue,19758.42
2071,24466,50082,2025-06-02,1,Size Issue,6182.76
2072,24479,50104,2025-10-18,1,Wrong Item,69557.88
2073,24491,50128,2025-04-21,1,Wrong Item,1855.25
2074,24498,50145,2025-12-25,2,Wrong Item,5707.3
2075,24503,50156,2025-09-15,1,Damaged,3173.19
2076,24506,50166,2025-04-11,1,Size Issue,61476.94
2077,24540,50225,2025-11-22,1,Wrong Item,9150.7
2078,24560,50268,2025-03-29,1,Size Issue,4881.81
2079,24565,50279,2025-09-15,1,Wrong Item,16432.65
2080,24566,50281,2025-11-23,1,Changed Mind,7799.87
2081,24574,50297,2025-11-21,1,Not as Expected,5433.27
2082,24581,50316,2025-10-17,4,Not as Expected,6408.32
2083,24601,50354,2025-05-12,3,Size Issue,39782.88
2084,24615,50381,2025-07-05,2,Size Issue,41350.52
2085,24644,50444,2025-03-05,2,Not as Expected,19938.55
2086,24654,50464,2025-12-31,1,Not as Expected,3183.51
2087,24665,50484,2025-01-25,1,Changed Mind,1796.52
2088,24668,50490,2025-05-23,1,Changed Mind,71169.78
2089,24669,50492,2025-12-31,1,Changed Mind,2265.0
2090,24674,50499,2025-04-26,1,Size Issue,19784.08
2091,24676,50501,2025-02-06,2,Not as Expected,170315.32
2092,24684,50521,2025-05-09,1,Size Issue,3797.84
2093,24691,50541,2025-12-31,1,Changed Mind,60023.72
2094,24714,50584,2025-09-26,1,Not as Expected,15978.2
2095,24717,50587,2025-04-18,1,Not as Expected,61984.23
2096,24722,50598,2025-03-30,1,Changed Mind,1073.23
2097,24732,50613,2025-09-02,1,Size Issue,10294.53
2098,24738,50627,2025-08-08,2,Damaged,27645.38
2099,24748,50647,2025-10-15,1,Damaged,26064.65
2100,24761,50679,2025-09-21,3,Not as Expected,2828.51
2101,24777,50712,2025-12-02,2,Not as Expected,50843.24
2102,24795,50750,2025-09-12,1,Wrong Item,2139.17
2103,24799,50756,2025-08-05,1,Wrong Item,1824.58
2104,24808,50777,2025-07-08,1,Damaged,17388.53
2105,24825,50817,2025-10-31,1,Size Issue,4556.48
2106,24846,50861,2025-06-30,1,Changed Mind,53395.67
2107,24859,50886,2025-10-21,1,Wrong Item,50753.93
2108,24862,50897,2025-04-04,1,Not as Expected,18181.8
2109,24896,50956,2025-07-09,1,Size Issue,5622.58
2110,24899,50962,2025-12-31,1,Damaged,84371.49
2111,24946,51065,2025-07-16,1,Not as Expected,3483.74
2112,24955,51090,2025-07-01,1,Changed Mind,3940.76
2113,24976,51136,2025-12-31,2,Changed Mind,34458.8
2114,24983,51148,2025-12-31,1,Wrong Item,625.33
2115,25007,51200,2025-08-29,3,Size Issue,9529.54
2116,25008,51201,2025-10-09,2,Wrong Item,21106.26
2117,25048,51281,2025-06-18,1,Wrong Item,29765.82
2118,25056,51300,2025-08-09,1,Size Issue,11380.64
2119,25063,51315,2025-04-15,1,Size Issue,2516.67
2120,25065,51321,2025-12-01,1,Damaged,57458.25
2121,25087,51364,2025-09-03,1,Size Issue,81099.93
2122,25089,51371,2025-11-20,1,Size Issue,10060.79
2123,25091,51376,2025-11-17,2,Size Issue,32727.24
2124,25100,51394,2025-12-31,1,Not as Expected,2155.73
2125,25108,51408,2025-03-12,1,Size Issue,2516.67
2126,25122,51435,2025-08-15,3,Changed Mind,54910.62
2127,25152,51508,2025-06-28,1,Wrong Item,73422.2
2128,25152,51510,2025-06-05,1,Wrong Item,6102.26
2129,25159,51526,2025-08-02,1,Changed Mind,579.07
2130,25160,51527,2025-09-08,1,Damaged,2934.52
2131,25175,51555,2025-10-04,1,Changed Mind,3359.84
2132,25202,51604,2025-12-25,1,Size Issue,10881.96
2133,25223,51639,2025-04-18,3,Size Issue,79567.58
2134,25243,51676,2025-08-08,1,Wrong Item,7126.76
2135,25247,51687,2025-07-24,2,Size Issue,35812.32
2136,25247,51688,2025-08-10,1,Size Issue,1787.07
2137,25273,51751,2025-07-25,1,Damaged,81099.93
2138,25276,51759,2025-10-08,1,Not as Expected,18396.48
2139,25334,51893,2025-12-31,1,Size Issue,2176.28
2140,25337,51897,2025-02-02,1,Not as Expected,6102.26
2141,25337,51898,2025-01-28,1,Wrong Item,8743.15
2142,25355,51932,2025-01-28,1,Damaged,6628.98
2143,25355,51934,2025-02-01,1,Damaged,13672.06
2144,25371,51968,2025-10-09,1,Wrong Item,4160.43
2145,25381,51991,2025-05-18,1,Not as Expected,15504.06
2146,25389,52009,2025-03-13,1,Wrong Item,33302.07
2147,25428,52087,2025-10-29,1,Wrong Item,39817.78
2148,25443,52115,2025-04-15,1,Wrong Item,2865.16
2149,25454,52144,2025-03-06,1,Damaged,463.26
2150,25457,52152,2025-05-19,1,Damaged,11212.7
2151,25462,52160,2025-08-16,1,Not as Expected,5974.0
2152,25465,52165,2025-03-23,1,Not as Expected,13803.12
2153,25476,52184,2025-10-28,1,Not as Expected,2832.37
2154,25483,52203,2025-04-12,1,Changed Mind,17517.84
2155,25504,52252,2025-06-09,1,Damaged,18069.09
2156,25507,52258,2025-08-18,1,Wrong Item,9197.8
2157,25519,52279,2025-09-21,1,Changed Mind,21982.31
2158,25524,52287,2025-02-01,1,Size Issue,8024.7
2159,25535,52308,2025-04-13,1,Not as Expected,9914.61
2160,25540,52320,2025-07-23,2,Damaged,8260.7
2161,25550,52343,2025-04-07,2,Not as Expected,101507.86
2162,25567,52377,2025-02-10,1,Not as Expected,7832.46
2163,25621,52498,2025-06-27,1,Size Issue,3482.78
2164,25640,52540,2025-07-30,1,Wrong Item,20978.57
2165,25645,52548,2025-12-29,2,Wrong Item,1885.67
2166,25647,52552,2025-03-02,1,Size Issue,85034.68
2167,25669,52602,2025-12-16,1,Size Issue,11086.37
2168,25685,52631,2025-08-16,1,Wrong Item,71070.16
2169,25687,52637,2025-02-09,1,Damaged,11963.88
2170,25692,52648,2025-02-19,2,Changed Mind,11978.32
2171,25692,52649,2025-02-27,2,Size Issue,55836.9
2172,25694,52653,2025-09-15,1,Size Issue,5797.15
2173,25695,52657,2025-01-30,1,Size Issue,7469.53
2174,25707,52686,2025-11-23,1,Not as Expected,7145.27
2175,25730,52735,2025-10-04,1,Damaged,5947.38
2176,25755,52787,2025-06-17,1,Damaged,18181.8
2177,25772,52820,2025-10-19,1,Damaged,9054.71
2178,25804,52897,2025-03-31,1,Damaged,18425.99
2179,25807,52903,2025-09-25,1,Not as Expected,72563.1
2180,25818,52921,2025-12-14,2,Size Issue,997.87
2181,25826,52938,2025-09-21,1,Size Issue,85368.35
2182,25831,52947,2025-11-08,1,Not as Expected,3778.57
2183,25837,52965,2025-04-04,1,Size Issue,72922.62
2184,25839,52970,2025-12-31,1,Wrong Item,85034.68
2185,25840,52972,2025-12-31,1,Not as Expected,75763.11
2186,25854,53002,2025-06-21,1,Wrong Item,13821.12
2187,25856,53008,2025-10-30,2,Damaged,8703.33
2188,25858,53015,2025-02-12,1,Size Issue,5095.01
2189,25868,53037,2025-02-25,1,Wrong Item,71169.78
2190,25878,53059,2025-06-19,2,Size Issue,25486.74
2191,25885,53072,2025-01-28,1,Wrong Item,80357.46
2192,25900,53106,2025-05-24,2,Not as Expected,36272.42
2193,25902,53112,2025-02-17,1,Changed Mind,50501.79
2194,25904,53118,2025-10-06,1,Changed Mind,3089.0
2195,25912,53134,2025-11-25,1,Size Issue,63924.11
2196,25914,53140,2025-05-23,1,Changed Mind,4580.07
2197,25934,53180,2025-03-22,1,Damaged,5333.91
2198,25937,53185,2025-06-05,1,Not as Expected,4388.5
2199,25959,53225,2025-08-06,1,Damaged,4272.57
2200,25960,53230,2025-06-22,1,Size Issue,9595.34
2201,25962,53236,2025-08-05,1,Not as Expected,50197.74
2202,25974,53259,2025-07-14,2,Damaged,17475.82
2203,25980,53274,2025-07-15,1,Changed Mind,53425.19
2204,25983,53277,2025-07-10,2,Wrong Item,56783.9
2205,26012,53338,2025-05-26,1,Wrong Item,7817.88
2206,26030,53366,2025-08-10,1,Changed Mind,18827.29
2207,26037,53380,2025-05-22,1,Damaged,1122.65
2208,26073,53462,2025-06-03,3,Changed Mind,15285.03
2209,26083,53478,2025-08-28,1,Not as Expected,3612.47
2210,26086,53489,2025-12-31,1,Damaged,17997.2
2211,26087,53490,2025-06-18,1,Wrong Item,14074.85
2212,26089,53496,2025-06-03,1,Size Issue,2023.95
2213,26102,53522,2025-11-18,2,Size Issue,8001.68
2214,26115,53549,2025-10-27,2,Damaged,12699.4
2215,26140,53600,2025-08-07,1,Size Issue,54858.78
2216,26155,53631,2025-05-01,1,Damaged,17007.89
2217,26156,53634,2025-05-07,1,Changed Mind,8589.03
2218,26177,53677,2025-08-15,1,Not as Expected,14789.39
2219,26205,53728,2025-11-23,3,Size Issue,8477.82
2220,26217,53751,2025-12-31,1,Changed Mind,5773.51
2221,26219,53755,2025-09-27,1,Damaged,6838.71
2222,26231,53783,2025-12-05,1,Not as Expected,21063.32
2223,26244,53804,2025-10-14,1,Not as Expected,4081.0
2224,26251,53821,2025-08-24,1,Damaged,1539.65
2225,26252,53822,2025-09-15,1,Wrong Item,18491.06
2226,26271,53874,2025-12-11,1,Changed Mind,4856.61
2227,26289,53908,2025-12-13,1,Damaged,36845.95
2228,26290,53910,2025-07-31,1,Wrong Item,18956.99
2229,26298,53929,2025-10-12,1,Not as Expected,13370.47
2230,26311,53957,2025-03-30,1,Not as Expected,14532.55
2231,26322,53978,2025-04-21,1,Wrong Item,17229.4
2232,26326,53989,2025-09-22,1,Size Issue,39013.36
2233,26337,54013,2025-05-28,1,Size Issue,26064.65
2234,26357,54046,2025-11-08,1,Size Issue,4121.36
2235,26359,54048,2025-08-09,2,Not as Expected,28082.03
2236,26366,54064,2025-06-01,2,Wrong Item,6495.35
2237,26381,54095,2025-10-24,1,Damaged,3698.16
2238,26387,54105,2025-10-18,1,Size Issue,67424.0
2239,26388,54106,2025-01-25,1,Size Issue,4621.57
2240,26389,54108,2025-05-16,1,Size Issue,10720.13
2241,26403,54131,2025-03-12,1,Changed Mind,7358.24
2242,26406,54135,2025-08-26,1,Damaged,2023.95
2243,26408,54139,2025-04-27,1,Not as Expected,2433.85
2244,26408,54140,2025-04-19,1,Damaged,67295.29
2245,26426,54171,2025-12-29,1,Not as Expected,14686.61
2246,26447,54211,2025-10-11,1,Wrong Item,14777.85
2247,26453,54224,2025-08-03,1,Changed Mind,47843.8
2248,26463,54239,2025-07-08,1,Not as Expected,801.78
2249,26485,54284,2025-10-05,2,Not as Expected,35780.68
2250,26500,54318,2025-01-18,1,Wrong Item,74299.68
2251,26508,54335,2025-04-21,1,Damaged,10866.45
2252,26509,54337,2025-06-24,1,Changed Mind,12264.73
2253,26512,54347,2025-08-24,1,Damaged,11994.62
2254,26526,54377,2025-05-14,1,Damaged,4756.46
2255,26530,54385,2025-06-19,1,Wrong Item,19443.51
2256,26540,54406,2025-12-01,1,Not as Expected,1576.96
2257,26562,54459,2025-08-27,1,Size Issue,13191.41
2258,26586,54506,2025-04-06,1,Size Issue,77286.53
2259,26625,54573,2025-02-10,1,Changed Mind,14464.6
2260,26646,54613,2025-07-25,1,Size Issue,13368.39
2261,26667,54654,2025-03-16,1,Wrong Item,31324.52
2262,26671,54662,2025-11-12,1,Wrong Item,5585.74
2263,26680,54684,2025-04-24,1,Not as Expected,26064.65
2264,26687,54699,2025-12-10,1,Wrong Item,9214.1
2265,26688,54703,2025-03-06,1,Not as Expected,5167.6
2266,26708,54751,2025-06-17,1,Changed Mind,2248.83
2267,26735,54805,2025-03-30,1,Wrong Item,2288.1
2268,26756,54844,2025-12-30,1,Wrong Item,13260.96
2269,26759,54858,2025-04-05,1,Not as Expected,85034.68
2270,26799,54940,2025-12-31,1,Wrong Item,21407.68
2271,26800,54941,2025-07-29,1,Damaged,5879.49
2272,26804,54953,2025-05-21,1,Size Issue,10310.01
2273,26824,54998,2025-06-23,1,Size Issue,46221.38
2274,26828,55007,2025-10-22,1,Wrong Item,8048.63
2275,26858,55064,2025-03-20,1,Changed Mind,5342.21
2276,26866,55081,2025-06-11,1,Damaged,7037.18
2277,26898,55150,2025-09-12,1,Size Issue,5532.21
2278,26940,55242,2025-04-24,4,Size Issue,25511.4
2279,26950,55267,2025-08-05,2,Changed Mind,30909.06
2280,26983,55335,2025-08-14,1,Wrong Item,14821.07
2281,26983,55336,2025-08-07,1,Wrong Item,6869.73
2282,26992,55352,2025-02-04,1,Changed Mind,26641.66
2283,27037,55444,2025-03-09,1,Changed Mind,21944.53
2284,27042,55454,2025-07-18,1,Damaged,16342.34
2285,27044,55456,2025-12-29,1,Size Issue,3225.5
2286,27044,55457,2025-12-15,1,Not as Expected,53930.43
2287,27045,55459,2025-10-19,1,Not as Expected,75763.11
2288,27049,55468,2025-12-11,2,Changed Mind,2203.99
2289,27050,55472,2025-08-08,1,Size Issue,25436.31
2290,27057,55490,2025-07-30,1,Not as Expected,13282.49
2291,27059,55494,2025-12-26,1,Changed Mind,13837.65
2292,27084,55554,2025-07-28,1,Changed Mind,31092.06
2293,27087,55562,2025-02-12,1,Not as Expected,4031.88
2294,27108,55604,2025-05-17,1,Size Issue,77004.7
2295,27113,55614,2025-06-12,1,Changed Mind,12273.98
2296,27140,55674,2025-07-16,2,Not as Expected,3570.41
2297,27162,55713,2025-05-08,1,Not as Expected,85368.35
2298,27183,55755,2025-12-05,1,Damaged,66869.71
2299,27185,55763,2025-05-05,1,Not as Expected,5968.89
2300,27205,55805,2025-01-11,2,Damaged,37993.43
2301,27215,55822,2025-02-25,1,Size Issue,24847.65
2302,27221,55832,2025-10-26,1,Wrong Item,3363.16
2303,27234,55853,2025-04-05,1,Damaged,2946.49
2304,27235,55856,2025-12-31,1,Size Issue,58543.96
2305,27254,55889,2025-04-04,1,Wrong Item,17903.04
2306,27254,55890,2025-04-12,2,Damaged,123968.45
2307,27266,55914,2025-12-04,1,Not as Expected,1053.76
2308,27272,55923,2025-05-18,2,Not as Expected,16768.84
2309,27283,55943,2025-11-06,1,Damaged,6297.53
2310,27286,55949,2025-06-12,1,Wrong Item,50918.96
2311,27290,55956,2025-12-03,2,Wrong Item,6367.02
2312,27290,55957,2025-12-11,1,Damaged,16363.62
2313,27305,55986,2025-12-01,1,Wrong Item,19164.28
2314,27308,55989,2025-02-04,1,Wrong Item,25552.76
2315,27317,56006,2025-07-30,1,Not as Expected,11522.08
2316,27323,56017,2025-01-29,4,Damaged,61353.22
2317,27329,56025,2025-09-19,1,Not as Expected,1554.98
2318,27336,56036,2025-11-19,2,Size Issue,66322.56
2319,27342,56048,2025-04-01,2,Not as Expected,16070.06
2320,27351,56062,2025-11-25,1,Damaged,32009.71
2321,27377,56114,2025-03-01,2,Wrong Item,24504.53
2322,27378,56116,2025-06-25,1,Damaged,11872.27
2323,27410,56189,2025-06-27,1,Size Issue,35836.0
2324,27444,56253,2025-06-17,1,Wrong Item,15179.29
2325,27512,56381,2025-02-10,1,Changed Mind,3617.85
2326,27540,56438,2025-08-27,1,Damaged,12669.57
2327,27546,56447,2025-10-04,1,Damaged,5319.79
2328,27554,56463,2025-11-04,1,Wrong Item,2023.95
2329,27592,56544,2025-07-01,1,Size Issue,62114.88
2330,27595,56553,2025-04-26,1,Size Issue,14721.46
2331,27606,56579,2025-07-04,1,Size Issue,11683.13
2332,27608,56581,2025-04-26,1,Wrong Item,5674.0
2333,27611,56585,2025-04-07,1,Not as Expected,462.42
2334,27615,56592,2025-10-27,1,Wrong Item,9988.83
2335,27627,56614,2025-04-21,1,Not as Expected,14041.02
2336,27636,56631,2025-09-10,1,Not as Expected,2856.16
2337,27661,56683,2025-12-16,2,Changed Mind,75086.83
2338,27687,56729,2025-09-04,2,Changed Mind,35806.08
2339,27697,56757,2025-02-09,1,Size Issue,11683.13
2340,27700,56760,2025-10-09,1,Size Issue,23802.49
2341,27709,56777,2025-08-18,2,Changed Mind,60777.74
2342,27719,56792,2025-08-18,2,Size Issue,8320.86
2343,27734,56822,2025-02-26,2,Size Issue,30630.66
2344,27740,56837,2025-04-05,1,Damaged,15268.16
2345,27766,56883,2025-02-06,1,Changed Mind,53425.19
2346,27828,57016,2025-02-23,1,Changed Mind,18795.95
2347,27837,57043,2025-04-25,2,Not as Expected,8578.94
2348,27842,57054,2025-03-29,1,Not as Expected,7493.55
2349,27867,57107,2025-04-29,1,Changed Mind,74915.56
2350,27870,57118,2025-11-02,1,Wrong Item,14902.79
2351,27872,57120,2025-04-28,1,Wrong Item,1109.22
2352,27877,57131,2025-06-12,1,Damaged,15830.51
2353,27941,57255,2025-08-26,1,Size Issue,61796.6
2354,27966,57321,2025-12-13,1,Not as Expected,24097.55
2355,27968,57329,2025-10-17,1,Not as Expected,8685.01
2356,27982,57356,2025-05-05,1,Changed Mind,8849.06
2357,27984,57359,2025-12-31,1,Size Issue,928.21
2358,27990,57371,2025-04-11,1,Size Issue,8635.81
2359,27994,57383,2025-09-19,1,Wrong Item,10971.84
2360,27997,57387,2025-12-30,1,Changed Mind,14160.54
2361,28027,57452,2025-12-17,1,Damaged,66283.02
2362,28030,57460,2025-10-06,1,Changed Mind,10372.19
2363,28046,57493,2025-03-25,1,Not as Expected,5090.79
2364,28051,57504,2025-06-02,1,Wrong Item,1647.41
2365,28066,57536,2025-11-22,1,Not as Expected,16363.62
2366,28069,57543,2025-03-17,1,Wrong Item,5470.98
2367,28083,57569,2025-08-08,2,Wrong Item,16382.81
2368,28092,57589,2025-12-31,1,Not as Expected,7964.15
2369,28122,57655,2025-03-02,1,Changed Mind,12618.58
2370,28139,57695,2025-06-25,2,Size Issue,9426.89
2371,28140,57698,2025-12-01,1,Damaged,5740.07
2372,28146,57710,2025-09-07,1,Damaged,58338.1
2373,28153,57729,2025-04-13,1,Size Issue,15673.42
2374,28162,57749,2025-12-11,1,Changed Mind,3963.29
2375,28172,57769,2025-12-26,1,Not as Expected,14218.95
2376,28179,57782,2025-08-20,1,Damaged,17906.16
2377,28187,57793,2025-02-11,1,Damaged,59305.86
2378,28224,57866,2025-11-17,1,Size Issue,3372.81
2379,28226,57868,2025-10-27,1,Damaged,5945.57
2380,28227,57873,2025-04-10,1,Damaged,42236.34
2381,28230,57879,2025-03-10,1,Changed Mind,4149.2
2382,28233,57888,2025-02-13,1,Damaged,6161.16
2383,28236,57897,2025-11-13,1,Size Issue,15427.02
2384,28248,57917,2025-03-23,1,Wrong Item,15031.18
2385,28250,57920,2025-06-26,1,Wrong Item,18206.26
2386,28259,57937,2025-06-03,1,Size Issue,15061.83
2387,28263,57947,2025-08-07,1,Wrong Item,2710.97
2388,28296,58006,2025-09-19,1,Not as Expected,14160.54
2389,28300,58014,2025-04-27,1,Size Issue,3546.37
2390,28302,58019,2025-04-28,1,Not as Expected,3193.35
2391,28308,58031,2025-02-11,1,Damaged,610.11
2392,28314,58044,2025-12-24,1,Damaged,3232.21
2393,28332,58077,2025-10-28,1,Not as Expected,59932.45
2394,28338,58088,2025-03-17,1,Wrong Item,14504.75
2395,28365,58144,2025-10-27,2,Wrong Item,51634.18
2396,28369,58158,2025-07-21,1,Not as Expected,2282.92
2397,28369,58159,2025-08-01,1,Wrong Item,22747.35
2398,28386,58190,2025-03-15,1,Size Issue,24761.42
2399,28403,58222,2025-05-27,1,Damaged,24133.16
2400,28405,58225,2025-08-11,1,Size Issue,22745.66
2401,28408,58231,2025-12-25,1,Damaged,7818.13
2402,28412,58241,2025-11-30,1,Damaged,31659.42
2403,28415,58247,2025-11-17,1,Not as Expected,11257.59
2404,28416,58249,2025-06-06,1,Damaged,9543.37
2405,28428,58278,2025-05-01,1,Not as Expected,8796.48
2406,28430,58286,2025-06-25,1,Changed Mind,93611.59
2407,28445,58318,2025-12-02,1,Not as Expected,5439.58
2408,28450,58324,2025-11-28,1,Not as Expected,6628.98
2409,28469,58366,2025-11-14,1,Size Issue,2126.55
2410,28474,58378,2025-08-22,2,Size Issue,7881.52
2411,28479,58389,2025-11-17,1,Size Issue,710.61
2412,28485,58398,2025-02-22,1,Changed Mind,3078.28
2413,28519,58480,2025-12-31,1,Wrong Item,2705.98
2414,28520,58481,2025-12-09,1,Not as Expected,59932.45
2415,28570,58587,2025-04-14,1,Wrong Item,3135.37
2416,28586,58630,2025-09-02,2,Damaged,8511.66
2417,28594,58647,2025-04-18,1,Not as Expected,23534.07
2418,28595,58652,2025-06-20,1,Wrong Item,3956.66
2419,28606,58670,2025-05-14,2,Not as Expected,8805.21
2420,28625,58709,2025-12-18,1,Changed Mind,74915.56
2421,28628,58718,2025-06-26,1,Size Issue,65693.55
2422,28638,58735,2025-07-04,1,Damaged,15179.29
2423,28663,58796,2025-07-03,1,Size Issue,4445.38
2424,28693,58864,2025-12-05,1,Wrong Item,978.07
2425,28695,58870,2025-10-30,1,Size Issue,7493.55
2426,28696,58874,2025-06-15,1,Size Issue,18990.6
2427,28700,58880,2025-07-20,1,Size Issue,2641.07
2428,28702,58885,2025-02-01,1,Changed Mind,40977.35
2429,28705,58891,2025-05-22,1,Wrong Item,11728.56
2430,28711,58902,2025-12-31,2,Not as Expected,4266.73
2431,28713,58911,2025-03-30,1,Wrong Item,4691.32
2432,28728,58943,2025-06-12,1,Wrong Item,6708.8
2433,28740,58967,2025-04-30,2,Size Issue,9060.27
2434,28743,58972,2025-11-15,1,Changed Mind,56768.87
2435,28745,58975,2025-11-22,1,Not as Expected,3546.37
2436,28756,58995,2025-11-26,2,Size Issue,103421.4
2437,28780,59037,2025-08-20,1,Damaged,4949.87
2438,28797,59076,2025-07-02,1,Not as Expected,56768.87
2439,28807,59103,2025-05-25,1,Damaged,29161.08
2440,28817,59126,2025-05-04,1,Changed Mind,12782.56
2441,28842,59174,2025-06-13,1,Not as Expected,9197.8
2442,28842,59176,2025-06-10,1,Size Issue,42527.82
2443,28856,59204,2025-06-28,1,Damaged,21944.53
2444,28858,59208,2025-03-20,1,Wrong Item,1926.82
2445,28863,59218,2025-08-17,1,Wrong Item,8590.44
2446,28894,59287,2025-10-21,1,Wrong Item,7397.32
2447,28897,59294,2025-02-13,1,Not as Expected,20381.3
2448,28906,59310,2025-05-28,1,Damaged,3830.66
2449,28908,59317,2025-12-09,1,Size Issue,1911.51
2450,28914,59331,2025-06-06,1,Size Issue,33613.78
2451,28931,59372,2025-02-07,2,Wrong Item,30536.32
2452,28934,59381,2025-08-10,1,Size Issue,15571.42
2453,28943,59402,2025-06-18,1,Wrong Item,5559.88
2454,28943,59403,2025-05-29,1,Damaged,20883.19
2455,28950,59423,2025-06-20,1,Size Issue,4043.48
2456,28953,59427,2025-08-23,1,Size Issue,639.55
2457,28954,59429,2025-04-21,1,Wrong Item,10767.49
2458,28969,59463,2025-06-24,1,Changed Mind,11096.09
2459,28981,59492,2025-05-14,2,Damaged,52489.94
2460,28993,59517,2025-04-01,1,Damaged,11212.7
2461,28995,59523,2025-11-22,1,Wrong Item,2155.73
2462,29003,59540,2025-12-30,2,Changed Mind,19977.65
2463,29006,59547,2025-03-11,1,Changed Mind,11762.0
2464,29075,59682,2025-03-01,1,Damaged,15454.53
2465,29086,59707,2025-02-10,1,Size Issue,13837.65
2466,29088,59711,2025-08-14,1,Wrong Item,3213.21
2467,29110,59755,2025-05-06,1,Size Issue,53425.19
2468,29131,59796,2025-12-31,1,Size Issue,1122.65
2469,29144,59821,2025-10-25,1,Damaged,21982.31
2470,29144,59824,2025-11-03,2,Damaged,1100.23
2471,29161,59862,2025-12-15,1,Damaged,9385.25
2472,29163,59867,2025-05-22,2,Not as Expected,44309.9
2473,29168,59878,2025-10-06,1,Wrong Item,3232.21
2474,29194,59933,2025-11-26,1,Size Issue,9466.74
2475,29202,59949,2025-01-30,1,Damaged,26759.6
2476,29207,59958,2025-08-15,1,Wrong Item,11762.0
2477,29216,59979,2025-12-31,1,Size Issue,85560.78
2478,29252,60047,2025-03-29,2,Not as Expected,39993.08
2479,29260,60064,2025-03-26,1,Wrong Item,2178.23
2480,29295,60136,2025-10-21,1,Changed Mind,7397.32
2481,29301,60152,2025-05-03,1,Changed Mind,550.12
2482,29323,60195,2025-11-10,1,Changed Mind,19172.88
2483,29358,60269,2025-08-08,1,Wrong Item,10553.13
2484,29382,60320,2025-03-14,1,Changed Mind,16414.44
2485,29390,60332,2025-10-08,2,Damaged,16268.67
2486,29395,60344,2025-12-31,1,Damaged,21661.9
2487,29401,60355,2025-11-13,1,Not as Expected,24097.55
2488,29405,60362,2025-11-20,1,Size Issue,19359.69
2489,29434,60412,2025-09-24,1,Size Issue,6911.7
2490,29443,60432,2025-06-05,1,Size Issue,13146.12
2491,29450,60445,2025-02-02,3,Wrong Item,80246.97
2492,29452,60448,2025-12-20,1,Wrong Item,5667.28
2493,29460,60463,2025-08-04,1,Wrong Item,26759.6
2494,29543,60636,2025-04-03,1,Not as Expected,95119.13
2495,29553,60661,2025-06-24,1,Wrong Item,3733.16
2496,29554,60664,2025-12-17,1,Damaged,2961.18
2497,29571,60690,2025-06-26,1,Not as Expected,7554.86
2498,29578,60701,2025-11-19,1,Wrong Item,3078.28
2499,29615,60774,2025-11-19,1,Changed Mind,87611.08
2500,29616,60775,2025-12-24,1,Changed Mind,8048.63
2501,29622,60786,2025-08-11,1,Not as Expected,61476.94
2502,29625,60790,2025-11-16,1,Changed Mind,15179.22
2503,29634,60812,2025-12-17,1,Damaged,5150.83
2504,29640,60830,2025-12-31,1,Changed Mind,21066.07
2505,29653,60859,2025-10-22,1,Size Issue,3526.82
2506,29679,60918,2025-12-31,1,Wrong Item,664.45
2507,29687,60932,2025-03-30,2,Changed Mind,21186.23
2508,29712,60983,2025-11-30,1,Changed Mind,10288.56
2509,29724,61012,2025-04-04,1,Changed Mind,15427.02
2510,29740,61043,2025-06-27,1,Damaged,12991.18
2511,29751,61066,2025-07-04,2,Damaged,11678.54
2512,29753,61070,2025-11-25,1,Not as Expected,15611.02
2513,29762,61087,2025-05-24,1,Not as Expected,5075.23
2514,29766,61097,2025-08-07,3,Damaged,44947.78
2515,29770,61106,2025-04-27,1,Damaged,5773.51
2516,29772,61109,2025-08-12,1,Damaged,7799.87
2517,29779,61122,2025-08-05,1,Changed Mind,59305.86
2518,29783,61128,2025-09-02,1,Changed Mind,1554.98
2519,29795,61160,2025-10-16,1,Changed Mind,12452.32
2520,29814,61205,2025-02-04,1,Size Issue,1385.69
2521,29819,61216,2025-02-22,1,Wrong Item,28391.95
2522,29830,61241,2025-08-30,3,Wrong Item,42224.56
2523,29837,61254,2025-10-01,1,Damaged,30407.66
2524,29851,61280,2025-04-06,1,Not as Expected,62202.96
2525,29867,61308,2025-12-14,1,Not as Expected,2167.68
2526,29868,61309,2025-06-06,1,Damaged,11751.56
2527,29870,61314,2025-03-25,1,Wrong Item,3929.29
2528,29903,61381,2025-12-18,1,Not as Expected,4391.56
2529,29904,61383,2025-06-22,2,Size Issue,9268.64
2530,29909,61391,2025-06-12,1,Wrong Item,78849.97
2531,29909,61392,2025-05-23,1,Not as Expected,18647.62
2532,29921,61421,2025-02-06,1,Changed Mind,35616.85
2533,29923,61426,2025-02-03,1,Changed Mind,10700.98
2534,29969,61507,2025-12-31,1,Size Issue,3009.39
2535,29973,61514,2025-05-17,1,Changed Mind,5102.28
2536,30002,61578,2025-02-10,2,Not as Expected,12830.53
2537,30013,61606,2025-12-11,3,Size Issue,18306.78
2538,30014,61607,2025-08-23,1,Damaged,18165.69
2539,30040,61663,2025-06-14,1,Damaged,5723.14
2540,30048,61681,2025-11-28,1,Size Issue,14279.89
2541,30050,61684,2025-02-16,1,Damaged,4634.32
2542,30060,61699,2025-01-17,2,Changed Mind,13622.22
2543,30082,61750,2025-01-22,1,Changed Mind,11925.49
2544,30099,61792,2025-08-31,1,Wrong Item,14777.85
2545,30099,61793,2025-08-30,1,Changed Mind,81099.93
2546,30113,61823,2025-08-05,1,Not as Expected,56492.91
2547,30151,61897,2025-01-17,1,Not as Expected,5186.92
2548,30176,61948,2025-06-23,1,Size Issue,3753.06
2549,30189,61980,2025-02-05,1,Damaged,17589.46
2550,30194,61993,2025-12-05,1,Changed Mind,5667.28
2551,30212,62024,2025-05-09,1,Not as Expected,6134.36
2552,30215,62030,2025-03-01,1,Damaged,27218.41
2553,30240,62084,2025-12-11,1,Size Issue,7856.93
2554,30244,62095,2025-05-13,1,Changed Mind,10545.58
2555,30263,62134,2025-11-20,1,Size Issue,3405.03
2556,30282,62172,2025-05-25,2,Not as Expected,3853.65
2557,30307,62221,2025-11-25,1,Size Issue,9326.06
2558,30310,62229,2025-02-12,3,Wrong Item,20268.93
2559,30327,62265,2025-12-20,1,Damaged,14545.44
2560,30333,62274,2025-12-31,1,Size Issue,25552.76
2561,30335,62279,2025-04-29,1,Changed Mind,27918.45
2562,30356,62322,2025-12-31,1,Wrong Item,2934.52
2563,30358,62325,2025-09-02,1,Not as Expected,5925.06
2564,30364,62339,2025-09-24,1,Changed Mind,10379.87
2565,30384,62384,2025-11-10,1,Changed Mind,11751.56
2566,30391,62398,2025-12-24,1,Damaged,4650.33
2567,30392,62402,2025-10-23,2,Damaged,26127.7
2568,30398,62408,2025-12-10,1,Size Issue,2516.67
2569,30399,62409,2025-10-15,1,Changed Mind,5797.15
2570,30402,62415,2025-04-04,1,Not as Expected,1926.82
2571,30410,62433,2025-12-08,1,Damaged,4622.7
2572,30414,62443,2025-03-08,1,Damaged,62794.44
2573,30436,62485,2025-04-22,1,Wrong Item,7521.7
2574,30454,62528,2025-04-04,1,Changed Mind,5390.24
2575,30456,62531,2025-12-25,1,Size Issue,11163.98
2576,30472,62558,2025-12-10,1,Damaged,3753.06
2577,30493,62602,2025-08-13,1,Wrong Item,3583.61
2578,30500,62614,2025-12-31,1,Changed Mind,9571.1
2579,30501,62618,2025-10-08,1,Not as Expected,3343.7
2580,30507,62630,2025-10-25,3,Wrong Item,47189.91
2581,30523,62662,2025-12-07,1,Size Issue,13146.12
2582,30546,62714,2025-06-22,2,Wrong Item,27640.57
2583,30560,62741,2025-12-16,1,Damaged,19573.94
2584,30566,62748,2025-02-18,1,Size Issue,10928.94
2585,30600,62820,2025-12-08,1,Not as Expected,42324.22
2586,30612,62842,2025-06-01,1,Wrong Item,12348.38
2587,30623,62863,2025-12-31,1,Not as Expected,954.25
2588,30647,62907,2025-05-15,1,Wrong Item,45415.1
2589,30661,62935,2025-10-24,1,Damaged,2825.94
2590,30669,62958,2025-01-11,2,Size Issue,2673.47
2591,30675,62970,2025-05-08,1,Not as Expected,67919.37
2592,30720,63065,2025-02-20,1,Wrong Item,979.55
2593,30722,63071,2025-04-08,1,Wrong Item,1201.09
2594,30722,63072,2025-04-19,1,Wrong Item,76095.3
2595,30723,63075,2025-08-14,1,Changed Mind,11053.15
2596,30750,63138,2025-08-21,1,Changed Mind,6334.02
2597,30754,63149,2025-08-29,1,Changed Mind,4060.18
2598,30777,63203,2025-08-18,1,Not as Expected,61984.23
2599,30784,63219,2025-06-27,1,Damaged,3743.72
2600,30803,63261,2025-04-03,2,Size Issue,29578.77
2601,30812,63282,2025-07-23,1,Damaged,1785.2
2602,30825,63310,2025-07-09,1,Damaged,38566.92
2603,30832,63323,2025-08-24,1,Size Issue,24761.42
2604,30837,63330,2025-07-18,1,Damaged,5836.89
2605,30840,63339,2025-03-08,1,Size Issue,2126.55
2606,30873,63411,2025-06-15,1,Not as Expected,3422.34
2607,30879,63422,2025-12-24,2,Not as Expected,1564.91
2608,30885,63439,2025-09-28,1,Damaged,24786.92
2609,30901,63472,2025-09-12,1,Changed Mind,19573.94
2610,30924,63524,2025-07-30,2,Not as Expected,9268.64
2611,30929,63536,2025-10-29,1,Changed Mind,14905.38
2612,30934,63548,2025-03-27,1,Size Issue,14073.83
2613,30955,63580,2025-02-02,1,Changed Mind,16238.97
2614,30977,63625,2025-11-03,2,Not as Expected,8086.95
2615,30996,63665,2025-02-12,2,Changed Mind,2326.44
2616,31008,63690,2025-06-30,1,Changed Mind,14577.44
2617,31020,63714,2025-09-26,1,Size Issue,3830.29
2618,31021,63717,2025-07-10,1,Damaged,78849.97
2619,31035,63747,2025-05-01,1,Wrong Item,10496.12
2620,31040,63758,2025-11-13,1,Not as Expected,17149.93
2621,31055,63781,2025-10-16,1,Wrong Item,7623.36
2622,31055,63783,2025-10-18,1,Changed Mind,33845.11
2623,31074,63827,2025-03-08,1,Size Issue,5026.43
2624,31094,63859,2025-02-28,1,Size Issue,10725.79
2625,31112,63900,2025-10-09,1,Wrong Item,18025.33
2626,31116,63914,2025-02-24,2,Size Issue,12856.05
2627,31180,64046,2025-07-14,1,Size Issue,72922.62
2628,31180,64048,2025-07-13,2,Wrong Item,32006.39
2629,31184,64056,2025-10-05,1,Wrong Item,7902.2
2630,31185,64060,2025-05-05,1,Changed Mind,16342.34
2631,31193,64084,2025-12-19,1,Damaged,18181.8
2632,31198,64092,2025-03-15,1,Changed Mind,13018.03
2633,31213,64121,2025-07-01,1,Size Issue,2155.73
2634,31216,64129,2025-07-14,1,Size Issue,85034.68
2635,31234,64165,2025-10-22,1,Not as Expected,6325.41
2636,31236,64169,2025-12-10,1,Damaged,6470.55
2637,31237,64170,2025-06-26,1,Not as Expected,58338.1
2638,31242,64182,2025-01-27,1,Wrong Item,2100.24
2639,31286,64271,2025-05-20,1,Damaged,2503.61
2640,31292,64285,2025-05-09,1,Not as Expected,7358.24
2641,31298,64298,2025-11-11,1,Not as Expected,9722.61
2642,31299,64300,2025-12-31,1,Size Issue,5839.27
2643,31305,64308,2025-02-21,1,Not as Expected,8622.53
2644,31325,64347,2025-05-31,1,Changed Mind,23309.52
2645,31325,64348,2025-05-26,1,Damaged,85560.78
2646,31346,64400,2025-04-17,2,Wrong Item,31222.03
2647,31356,64424,2025-02-27,1,Wrong Item,28510.78
2648,31404,64524,2025-08-14,1,Changed Mind,13063.85
2649,31412,64537,2025-12-12,1,Not as Expected,4445.38
2650,31425,64564,2025-06-11,1,Damaged,17226.73
2651,31447,64621,2025-06-11,1,Changed Mind,53004.96
2652,31452,64637,2025-12-31,1,Changed Mind,7902.2
2653,31482,64692,2025-06-26,1,Size Issue,19755.86
2654,31510,64738,2025-09-04,2,Not as Expected,47005.48
2655,31514,64748,2025-12-08,1,Damaged,1653.3
2656,31518,64752,2025-06-21,3,Size Issue,11199.48
2657,31526,64768,2025-09-09,1,Not as Expected,5945.57
2658,31533,64779,2025-05-31,1,Changed Mind,3556.3
2659,31533,64780,2025-05-09,1,Changed Mind,9095.83
2660,31536,64786,2025-06-01,1,Not as Expected,18165.69
2661,31556,64838,2025-02-18,1,Wrong Item,19573.94
2662,31591,64900,2025-04-27,1,Damaged,6037.92
2663,31602,64919,2025-11-16,1,Damaged,12910.24
2664,31603,64923,2025-10-09,2,Damaged,116676.19
2665,31625,64972,2025-09-11,1,Changed Mind,48082.67
2666,31637,64993,2025-04-12,1,Not as Expected,2503.61
2667,31638,64994,2025-07-15,1,Size Issue,36578.89
2668,31641,65005,2025-07-30,1,Changed Mind,3570.23
2669,31658,65030,2025-03-27,1,Size Issue,50753.93
2670,31664,65038,2025-02-23,1,Damaged,7275.47
2671,31693,65093,2025-03-09,1,Changed Mind,644.0
2672,31700,65109,2025-04-25,1,Damaged,6106.26
2673,31704,65116,2025-05-28,1,Changed Mind,19226.28
2674,31715,65139,2025-12-20,1,Wrong Item,34139.77
2675,31731,65172,2025-08-18,3,Wrong Item,15723.13
2676,31737,65186,2025-05-10,1,Damaged,3575.54
2677,31746,65201,2025-12-31,1,Wrong Item,7623.46
2678,31754,65214,2025-11-25,1,Wrong Item,9086.08
2679,31757,65221,2025-12-31,1,Changed Mind,4646.65
2680,31765,65235,2025-08-26,1,Wrong Item,21047.46
2681,31765,65236,2025-08-26,4,Not as Expected,12957.96
2682,31780,65271,2025-01-20,3,Changed Mind,7550.01
2683,31788,65286,2025-11-11,1,Size Issue,7965.2
2684,31792,65296,2025-12-24,1,Size Issue,26759.6
2685,31813,65343,2025-12-28,1,Not as Expected,48082.67
2686,31813,65344,2025-12-25,1,Wrong Item,1122.65
2687,31826,65369,2025-02-27,1,Wrong Item,67424.0
2688,31828,65372,2025-05-25,1,Size Issue,21934.92
2689,31848,65423,2025-05-21,1,Not as Expected,19464.27
2690,31849,65425,2025-01-22,1,Damaged,4622.7
2691,31869,65471,2025-10-23,1,Wrong Item,23235.38
2692,31877,65492,2025-11-07,2,Changed Mind,68279.54
2693,31881,65500,2025-03-26,1,Changed Mind,5090.79
2694,31923,65596,2025-05-26,3,Wrong Item,32786.82
2695,31924,65597,2025-02-05,1,Damaged,7477.01
2696,31942,65626,2025-07-31,1,Damaged,3802.6
2697,31942,65629,2025-08-02,1,Size Issue,51357.09
2698,31943,65632,2025-09-18,1,Wrong Item,55037.31
2699,31947,65642,2025-04-17,2,Size Issue,18254.68
2700,31951,65652,2025-10-22,1,Wrong Item,12664.79
2701,31977,65704,2025-07-20,2,Size Issue,12368.3
2702,31983,65719,2025-12-16,1,Not as Expected,63924.11
2703,31985,65723,2025-01-20,1,Not as Expected,2126.55
2704,31985,65724,2025-01-30,1,Size Issue,4031.88
2705,31986,65726,2025-03-03,1,Size Issue,5199.03
2706,32037,65839,2025-04-23,1,Size Issue,4022.48
2707,32073,65905,2025-11-11,1,Size Issue,19996.54
2708,32085,65930,2025-09-06,1,Wrong Item,18956.99
2709,32090,65940,2025-10-31,1,Wrong Item,3802.6
2710,32103,65966,2025-04-20,1,Damaged,9331.4
2711,32105,65971,2025-12-17,1,Changed Mind,31659.42
2712,32118,66003,2025-05-27,1,Not as Expected,42740.15
2713,32126,66022,2025-10-24,1,Size Issue,20851.72
2714,32185,66148,2025-05-17,1,Changed Mind,17007.89
2715,32187,66152,2025-12-31,1,Size Issue,16206.34
2716,32232,66257,2025-02-04,1,Wrong Item,6007.51
2717,32234,66262,2025-08-26,1,Size Issue,17090.07
2718,32234,66263,2025-08-19,1,Damaged,4505.03
2719,32237,66268,2025-12-27,1,Changed Mind,19573.94
2720,32258,66296,2025-11-13,1,Size Issue,14374.7
2721,32269,66313,2025-12-31,1,Not as Expected,5747.07
2722,32284,66350,2025-12-31,1,Size Issue,8384.42
2723,32286,66356,2025-11-24,1,Changed Mind,12776.5
2724,32307,66401,2025-09-17,1,Wrong Item,62794.44
2725,32317,66425,2025-11-07,3,Size Issue,245439.42
2726,32337,66470,2025-05-21,1,Not as Expected,3977.02
2727,32345,66488,2025-11-27,1,Wrong Item,51357.09
2728,32371,66533,2025-12-31,1,Wrong Item,57746.08
2729,32376,66541,2025-12-01,1,Size Issue,15730.72
2730,32383,66554,2025-02-28,1,Size Issue,929.17
2731,32385,66557,2025-09-04,1,Damaged,10725.79
2732,32402,66586,2025-10-30,1,Damaged,4747.3
2733,32457,66686,2025-07-30,1,Damaged,1884.8
2734,32464,66700,2025-02-08,1,Damaged,3840.94
2735,32469,66714,2025-09-09,1,Changed Mind,11963.88
2736,32479,66735,2025-12-31,1,Not as Expected,5037.17
2737,32491,66763,2025-05-17,1,Not as Expected,60610.49
2738,32512,66807,2025-12-18,1,Changed Mind,13855.49
2739,32553,66887,2025-12-31,1,Changed Mind,61984.23
2740,32572,66923,2025-12-29,1,Damaged,6182.76
2741,32585,66951,2025-10-03,1,Changed Mind,68027.74
2742,32596,66978,2025-05-03,1,Not as Expected,17906.16
2743,32600,66988,2025-02-13,1,Changed Mind,12553.15
2744,32621,67031,2025-02-11,1,Changed Mind,10920.38
2745,32625,67043,2025-09-21,1,Wrong Item,63678.23
2746,32637,67062,2025-08-14,3,Wrong Item,184430.82
2747,32654,67092,2025-09-27,1,Not as Expected,15930.61
2748,32686,67151,2025-07-13,1,Changed Mind,749.74
2749,32703,67181,2025-05-27,1,Size Issue,4622.7
2750,32748,67280,2025-09-07,1,Not as Expected,4047.01
2751,32755,67293,2025-12-31,1,Not as Expected,63924.11
2752,32761,67310,2025-06-23,1,Not as Expected,17278.36
2753,32768,67327,2025-11-07,1,Damaged,2155.73
2754,32798,67392,2025-12-30,1,Changed Mind,2674.96
2755,32807,67415,2025-07-19,1,Not as Expected,77286.53
2756,32815,67428,2025-02-15,1,Size Issue,4164.52
2757,32822,67445,2025-11-09,1,Not as Expected,6708.8
2758,32826,67452,2025-12-29,2,Size Issue,85055.65
2759,32862,67532,2025-03-10,1,Damaged,9205.55
2760,32863,67536,2025-10-25,2,Not as Expected,7588.34
2761,32891,67578,2025-07-17,1,Not as Expected,8071.79
2762,32898,67592,2025-03-27,1,Damaged,682.74
2763,32914,67624,2025-03-09,1,Changed Mind,1519.01
2764,32917,67629,2025-03-13,1,Changed Mind,14721.46
2765,32923,67643,2025-11-30,4,Not as Expected,133208.28
2766,32932,67665,2025-10-29,1,Not as Expected,10280.08
2767,32936,67674,2025-05-11,1,Wrong Item,1142.56
2768,32945,67691,2025-07-30,1,Not as Expected,33302.07
2769,32947,67698,2025-11-26,1,Not as Expected,28014.89
2770,32956,67712,2025-07-21,1,Changed Mind,6149.66
2771,32965,67736,2025-06-13,1,Size Issue,10928.94
2772,32980,67767,2025-09-27,1,Damaged,61984.23
2773,32983,67772,2025-10-28,1,Size Issue,15659.15
2774,32994,67794,2025-06-07,1,Damaged,3698.16
2775,33004,67813,2025-09-12,1,Changed Mind,10294.53
2776,33023,67845,2025-05-11,1,Wrong Item,14902.79
2777,33030,67864,2025-11-02,1,Damaged,6341.53
2778,33032,67869,2025-06-11,2,Damaged,29095.34
2779,33036,67878,2025-09-02,1,Damaged,3422.34
2780,33045,67897,2025-06-30,2,Changed Mind,32730.79
2781,33053,67913,2025-10-27,1,Damaged,6392.08
2782,33062,67930,2025-01-20,1,Changed Mind,19813.09
2783,33077,67964,2025-07-19,1,Wrong Item,2013.34
2784,33082,67970,2025-10-12,1,Not as Expected,4505.03
2785,33089,67984,2025-07-29,1,Wrong Item,1109.22
2786,33091,67986,2025-04-24,1,Size Issue,81099.93
2787,33098,68006,2025-07-04,1,Changed Mind,3886.01
2788,33102,68012,2025-12-03,1,Not as Expected,15179.29
2789,33136,68072,2025-06-09,1,Not as Expected,3683.11
2790,33147,68094,2025-07-11,3,Size Issue,213509.35
2791,33151,68102,2025-12-31,1,Wrong Item,4506.5
2792,33155,68110,2025-02-09,1,Wrong Item,3240.29
2793,33163,68126,2025-01-31,1,Damaged,58338.1
2794,33164,68129,2025-08-07,3,Damaged,10430.88
2795,33168,68140,2025-02-08,1,Not as Expected,682.74
2796,33175,68155,2025-11-20,2,Size Issue,3524.97
2797,33182,68165,2025-01-28,2,Size Issue,31861.22
2798,33182,68167,2025-01-23,2,Size Issue,112587.76
2799,33196,68193,2025-05-27,1,Changed Mind,5448.89
2800,33204,68207,2025-05-05,1,Wrong Item,6154.84
2801,33221,68246,2025-12-20,2,Not as Expected,5869.04
2802,33224,68256,2025-10-02,1,Wrong Item,2886.82
2803,33237,68284,2025-03-04,1,Size Issue,3578.9
2804,33269,68341,2025-05-18,1,Changed Mind,8406.61
2805,33332,68475,2025-04-06,1,Wrong Item,2285.18
2806,33339,68488,2025-09-24,1,Size Issue,7623.36
2807,33354,68513,2025-05-05,1,Not as Expected,17226.73
2808,33354,68514,2025-05-24,1,Size Issue,16850.66
2809,33384,68565,2025-12-31,1,Wrong Item,23697.62
2810,33391,68580,2025-09-10,1,Changed Mind,2516.67
2811,33391,68582,2025-09-01,1,Wrong Item,33065.62
2812,33399,68598,2025-11-24,1,Changed Mind,1264.31
2813,33432,68660,2025-11-06,1,Damaged,5907.37
2814,33439,68668,2025-12-31,1,Changed Mind,28353.62
2815,33455,68707,2025-12-20,3,Damaged,11487.83
2816,33470,68737,2025-10-12,1,Damaged,3042.08
2817,33476,68750,2025-10-15,1,Wrong Item,4878.87
2818,33493,68783,2025-03-07,1,Changed Mind,22416.54
2819,33495,68788,2025-11-01,1,Not as Expected,3349.65
2820,33515,68831,2025-03-06,1,Damaged,10553.13
2821,33538,68881,2025-07-16,1,Size Issue,18647.62
2822,33538,68882,2025-06-30,1,Not as Expected,2042.27
2823,33543,68890,2025-12-31,1,Size Issue,18206.26
2824,33556,68917,2025-07-07,1,Changed Mind,20274.81
2825,33579,68966,2025-06-18,1,Not as Expected,12669.57
2826,33581,68973,2025-12-09,1,Not as Expected,1073.23
2827,33587,68984,2025-09-21,1,Changed Mind,5674.0
2828,33592,68996,2025-01-20,1,Not as Expected,4230.24
2829,33639,69074,2025-06-30,1,Wrong Item,5662.67
2830,33659,69114,2025-07-11,1,Size Issue,1124.82
2831,33662,69119,2025-01-18,1,Damaged,6459.16
2832,33662,69120,2025-01-13,1,Changed Mind,13430.62
2833,33698,69199,2025-07-25,1,Size Issue,6428.02
2834,33699,69202,2025-07-09,1,Not as Expected,5241.04
2835,33721,69249,2025-09-26,1,Not as Expected,2355.55
2836,33728,69266,2025-03-03,1,Changed Mind,12086.37
2837,33730,69272,2025-08-05,1,Not as Expected,6485.43
2838,33746,69301,2025-08-03,1,Wrong Item,2282.92
2839,33761,69327,2025-06-11,1,Size Issue,33638.14
2840,33766,69337,2025-04-26,1,Wrong Item,5241.04
2841,33837,69481,2025-08-24,1,Not as Expected,11216.24
2842,33865,69532,2025-06-02,1,Not as Expected,2986.53
2843,33866,69533,2025-10-16,1,Not as Expected,6792.63
2844,33888,69576,2025-10-14,1,Damaged,5702.48
2845,33890,69581,2025-11-15,1,Changed Mind,6838.71
2846,33906,69617,2025-09-15,1,Size Issue,21420.05
2847,33915,69636,2025-07-26,2,Not as Expected,149831.12
2848,33918,69641,2025-11-22,1,Not as Expected,16296.95
2849,33931,69670,2025-11-13,1,Damaged,2047.25
2850,33937,69682,2025-04-12,2,Damaged,25339.15
2851,33941,69688,2025-12-31,1,Not as Expected,3649.94
2852,33942,69690,2025-12-20,1,Size Issue,51710.7
2853,33943,69696,2025-11-17,2,Size Issue,36363.6
2854,33946,69705,2025-11-08,2,Size Issue,138552.98
2855,33951,69715,2025-09-24,3,Changed Mind,35962.95
2856,33956,69725,2025-03-30,1,Damaged,8384.42
2857,33961,69733,2025-09-14,1,Size Issue,14279.62
2858,33970,69748,2025-12-31,3,Damaged,107570.73
2859,33970,69749,2025-12-31,2,Size Issue,8446.22
2860,33973,69759,2025-08-03,1,Changed Mind,6756.31
2861,33998,69817,2025-07-19,1,Not as Expected,10916.48
2862,34025,69866,2025-07-05,1,Not as Expected,4172.2
2863,34038,69889,2025-05-19,1,Not as Expected,13213.12
2864,34064,69937,2025-09-16,1,Changed Mind,45415.1
2865,34065,69938,2025-08-19,1,Wrong Item,17272.71
2866,34067,69948,2025-04-30,1,Not as Expected,4816.21
2867,34070,69954,2025-02-14,1,Not as Expected,14777.85
2868,34084,69982,2025-03-19,1,Wrong Item,6838.71
2869,34107,70024,2025-03-06,1,Not as Expected,15930.61
2870,34111,70033,2025-05-13,1,Changed Mind,27953.6
2871,34131,70079,2025-10-03,1,Damaged,6811.11
2872,34171,70152,2025-12-31,1,Size Issue,6369.52
2873,34173,70158,2025-01-31,1,Wrong Item,2178.23
2874,34185,70184,2025-03-07,2,Wrong Item,2117.31
2875,34188,70189,2025-11-22,1,Wrong Item,80152.92
2876,34209,70243,2025-07-28,3,Not as Expected,5523.67
2877,34233,70291,2025-10-26,1,Not as Expected,19413.49
2878,34245,70324,2025-06-15,1,Changed Mind,6707.54
2879,34247,70327,2025-08-09,1,Size Issue,19996.54
2880,34253,70342,2025-06-06,1,Damaged,22334.76
2881,34272,70376,2025-12-31,1,Changed Mind,59932.45
2882,34274,70381,2025-04-11,1,Damaged,6733.57
2883,34278,70389,2025-06-07,1,Wrong Item,18206.26
2884,34283,70399,2025-12-31,1,Damaged,1653.3
2885,34302,70435,2025-12-11,1,Changed Mind,17106.69
2886,34303,70437,2025-12-20,1,Not as Expected,6260.4
2887,34311,70452,2025-12-01,1,Damaged,11745.0
2888,34313,70460,2025-12-26,1,Wrong Item,5674.0
2889,34319,70469,2025-09-11,1,Changed Mind,521.16
2890,34333,70504,2025-11-28,1,Wrong Item,20076.77
2891,34345,70534,2025-10-28,1,Wrong Item,19226.28
2892,34349,70541,2025-11-12,1,Damaged,13783.8
2893,34354,70553,2025-04-05,1,Damaged,6058.96
2894,34360,70561,2025-09-26,1,Not as Expected,67424.0
2895,34372,70594,2025-10-16,1,Wrong Item,6102.26
2896,34377,70606,2025-09-30,1,Damaged,10479.64
2897,34413,70674,2025-07-06,1,Changed Mind,18491.06
2898,34430,70719,2025-10-28,1,Size Issue,22144.04
2899,34460,70783,2025-12-31,1,Not as Expected,397.26
2900,34487,70844,2025-10-18,1,Changed Mind,13741.34
2901,34492,70851,2025-05-13,1,Not as Expected,5689.7
2902,34493,70854,2025-12-29,1,Not as Expected,604.02
2903,34499,70864,2025-02-05,1,Not as Expected,677.9
2904,34522,70903,2025-11-25,1,Changed Mind,21982.31
2905,34529,70919,2025-10-17,1,Damaged,17303.65
2906,34541,70940,2025-05-09,1,Wrong Item,54752.51
2907,34549,70957,2025-10-10,2,Size Issue,9026.16
2908,34571,71008,2025-03-24,1,Not as Expected,4000.84
2909,34578,71027,2025-07-12,2,Not as Expected,12878.46
2910,34581,71039,2025-09-12,2,Changed Mind,6495.35
2911,34590,71057,2025-12-12,1,Size Issue,12802.31
2912,34591,71060,2025-12-31,1,Not as Expected,9197.8
2913,34592,71061,2025-02-28,1,Wrong Item,16322.59
2914,34597,71070,2025-01-10,1,Not as Expected,17303.65
2915,34599,71079,2025-09-20,2,Size Issue,116676.19
2916,34610,71104,2025-09-06,1,Changed Mind,4650.33
2917,34634,71143,2025-05-28,1,Changed Mind,19784.08
2918,34656,71192,2025-08-16,1,Damaged,51971.47
2919,34665,71206,2025-11-19,1,Damaged,60836.12
2920,34675,71226,2025-08-31,1,Damaged,20838.17
2921,34677,71230,2025-12-31,1,Changed Mind,5470.98
2922,34684,71243,2025-04-12,1,Wrong Item,26779.67
2923,34732,71333,2025-11-30,1,Size Issue,84250.43
2924,34733,71337,2025-06-04,1,Size Issue,4445.38
2925,34766,71397,2025-10-24,1,Not as Expected,20411.38
2926,34776,71416,2025-06-06,1,Not as Expected,14684.94
2927,34781,71428,2025-11-06,1,Changed Mind,21066.07
2928,34784,71434,2025-03-07,1,Wrong Item,3605.54
2929,34794,71447,2025-06-22,1,Not as Expected,2853.65
2930,34825,71511,2025-02-06,1,Not as Expected,11098.97
2931,34827,71518,2025-03-24,1,Wrong Item,15730.72
2932,34856,71572,2025-11-11,1,Damaged,11365.69
2933,34866,71592,2025-11-29,1,Not as Expected,8777.47
2934,34875,71610,2025-12-17,1,Changed Mind,56768.87
2935,34890,71636,2025-04-14,1,Wrong Item,3405.03
2936,34896,71649,2025-05-10,1,Changed Mind,3173.19
2937,34901,71657,2025-02-23,1,Damaged,439.3
2938,34907,71667,2025-07-31,2,Damaged,22327.96
2939,34907,71670,2025-08-07,1,Wrong Item,80152.92
2940,34936,71729,2025-05-10,1,Damaged,26522.53
2941,34937,71730,2025-11-04,1,Damaged,2857.21
2942,34937,71731,2025-10-31,1,Size Issue,9289.6
2943,34945,71752,2025-07-19,1,Size Issue,69016.53
2944,34956,71773,2025-09-02,2,Wrong Item,17040.45
2945,34957,71775,2025-02-08,1,Changed Mind,1519.01
2946,34981,71826,2025-06-27,1,Damaged,4022.48
2947,34986,71834,2025-12-31,1,Changed Mind,20653.67
2948,34993,71855,2025-03-30,1,Damaged,73157.95
2949,35019,71903,2025-11-21,1,Damaged,69394.53
2950,35020,71904,2025-12-10,1,Damaged,15454.53
2951,35028,71925,2025-06-18,1,Damaged,3487.73
2952,35031,71929,2025-01-18,1,Changed Mind,3707.46
2953,35034,71937,2025-02-07,1,Changed Mind,15571.42
2954,35038,71943,2025-12-31,1,Size Issue,557.63
2955,35040,71945,2025-10-22,1,Changed Mind,18303.54
2956,35045,71962,2025-12-17,1,Not as Expected,1385.69
2957,35058,71987,2025-12-06,1,Not as Expected,5470.97
2958,35069,72015,2025-09-24,1,Not as Expected,703.53
2959,35072,72021,2025-03-15,2,Not as Expected,112985.82
2960,35080,72038,2025-11-06,1,Wrong Item,20653.67
2961,35115,72115,2025-10-14,1,Size Issue,29263.11
2962,35134,72151,2025-12-31,1,Size Issue,33267.68
2963,35135,72152,2025-07-12,1,Changed Mind,2560.33
2964,35154,72194,2025-09-30,2,Size Issue,103421.4
2965,35166,72228,2025-04-15,1,Wrong Item,61829.22
2966,35169,72234,2025-08-16,1,Changed Mind,12252.26
2967,35179,72251,2025-04-14,1,Size Issue,93611.59
2968,35206,72312,2025-04-28,1,Wrong Item,710.61
2969,35213,72325,2025-06-03,1,Damaged,24772.71
2970,35221,72350,2025-11-16,1,Changed Mind,4658.7
2971,35245,72392,2025-08-02,1,Wrong Item,15475.52
2972,35255,72407,2025-08-29,1,Not as Expected,978.07
2973,35261,72416,2025-04-18,1,Damaged,12342.42
2974,35272,72438,2025-12-31,1,Not as Expected,2265.0
2975,35277,72447,2025-09-23,1,Not as Expected,48082.67
2976,35315,72526,2025-08-30,1,Damaged,2516.67
2977,35315,72527,2025-08-19,2,Changed Mind,44160.16
2978,35335,72561,2025-12-03,1,Wrong Item,13370.47
2979,35341,72578,2025-12-05,1,Not as Expected,77286.53
2980,35345,72586,2025-05-26,1,Damaged,11499.76
2981,35357,72612,2025-03-25,2,Damaged,53519.2
2982,35367,72631,2025-03-28,1,Damaged,23458.19
2983,35380,72658,2025-12-29,3,Size Issue,190015.96
2984,35398,72693,2025-01-21,1,Changed Mind,1669.73
2985,35399,72698,2025-09-27,2,Not as Expected,1931.27
2986,35404,72708,2025-03-08,1,Not as Expected,24772.71
2987,35425,72747,2025-08-20,1,Damaged,16414.44
2988,35442,72779,2025-10-11,1,Wrong Item,9595.34
2989,35456,72802,2025-01-26,1,Not as Expected,10184.12
2990,35472,72838,2025-12-02,1,Damaged,12405.25
2991,35520,72946,2025-12-03,1,Not as Expected,3042.08
2992,35551,73017,2025-10-25,1,Damaged,46196.86
2993,35556,73025,2025-12-31,1,Not as Expected,28807.25
2994,35605,73127,2025-09-06,1,Changed Mind,4294.05
2995,35616,73151,2025-01-13,1,Size Issue,23955.35
2996,35625,73172,2025-11-17,1,Not as Expected,2155.73
2997,35630,73183,2025-07-21,1,Damaged,14902.79
2998,35650,73224,2025-10-16,1,Damaged,7816.51
2999,35657,73240,2025-04-14,1,Changed Mind,34139.77
3000,35684,73305,2025-11-21,1,Changed Mind,12480.9
3001,35687,73310,2025-05-15,1,Damaged,102637.99
3002,35698,73332,2025-07-30,2,Wrong Item,65842.0
3003,35730,73399,2025-08-08,1,Damaged,18181.8
3004,35730,73400,2025-08-08,1,Changed Mind,1264.31
3005,35761,73463,2025-04-27,1,Not as Expected,2100.24
3006,35790,73516,2025-11-05,1,Not as Expected,3864.65
3007,35824,73579,2025-02-08,1,Damaged,3165.33
3008,35830,73591,2025-09-02,1,Damaged,22144.04
3009,35832,73594,2025-11-11,1,Changed Mind,1641.36
3010,35832,73595,2025-10-25,3,Wrong Item,224746.68
3011,35834,73598,2025-10-12,1,Not as Expected,14905.38
3012,35844,73616,2025-01-31,1,Changed Mind,16432.65
3013,35850,73630,2025-02-20,1,Size Issue,4622.7
3014,35853,73640,2025-06-21,1,Wrong Item,7382.26
3015,35866,73663,2025-11-29,3,Wrong Item,19714.38
3016,35872,73679,2025-10-15,1,Size Issue,1251.01
3017,35894,73720,2025-04-18,1,Size Issue,54930.31
3018,35901,73735,2025-06-04,1,Changed Mind,7882.42
3019,35903,73741,2025-07-31,1,Size Issue,19226.28
3020,35905,73743,2025-07-23,1,Size Issue,11365.69
3021,35909,73752,2025-12-31,1,Size Issue,3173.19
3022,35919,73772,2025-02-12,2,Size Issue,6084.16
3023,35919,73773,2025-02-06,1,Damaged,6184.15
3024,35958,73835,2025-01-25,1,Not as Expected,1855.25
3025,35962,73841,2025-12-23,1,Wrong Item,18181.8
3026,35972,73856,2025-12-05,1,Damaged,15315.46
3027,35989,73885,2025-03-04,1,Wrong Item,13191.41
3028,35992,73889,2025-02-28,1,Not as Expected,26064.65
3029,35998,73899,2025-12-18,1,Changed Mind,16852.86
3030,36019,73943,2025-05-09,1,Changed Mind,66283.02
3031,36029,73962,2025-03-01,1,Size Issue,2853.65
3032,36032,73967,2025-01-24,1,Changed Mind,27218.41
3033,36042,73988,2025-08-13,1,Size Issue,6072.48
3034,36120,74153,2025-08-07,1,Damaged,1462.67
3035,36133,74179,2025-05-06,1,Not as Expected,12336.69
3036,36140,74193,2025-03-13,1,Damaged,13146.12
3037,36140,74194,2025-04-04,1,Changed Mind,9648.12
3038,36140,74195,2025-03-27,1,Changed Mind,8537.46
3039,36147,74208,2025-02-05,1,Damaged,369.94
3040,36177,74278,2025-12-30,1,Not as Expected,11438.37
3041,36187,74299,2025-09-23,1,Changed Mind,7931.36
3042,36190,74306,2025-10-05,3,Damaged,48338.21
3043,36248,74415,2025-03-26,1,Not as Expected,1436.99
3044,36250,74418,2025-02-26,1,Wrong Item,48082.67
3045,36250,74419,2025-02-18,1,Wrong Item,35856.91
3046,36264,74447,2025-05-07,1,Changed Mind,10928.94
3047,36269,74458,2025-12-20,1,Changed Mind,18007.04
3048,36281,74485,2025-09-10,1,Damaged,21944.53
3049,36286,74492,2025-03-09,1,Wrong Item,4521.82
3050,36291,74504,2025-07-09,1,Changed Mind,5747.07
3051,36291,74508,2025-07-05,2,Changed Mind,39147.88
3052,36322,74567,2025-02-16,1,Not as Expected,2710.97
3053,36332,74587,2025-10-20,2,Size Issue,5007.22
3054,36350,74630,2025-04-24,1,Size Issue,4658.7
3055,36384,74704,2025-10-13,1,Not as Expected,66283.02
3056,36386,74707,2025-06-19,1,Changed Mind,17517.84
3057,36400,74734,2025-08-08,1,Wrong Item,10810.5
3058,36402,74738,2025-07-14,1,Not as Expected,46196.86
3059,36408,74753,2025-12-31,1,Damaged,1063.36
3060,36448,74833,2025-05-16,1,Not as Expected,6667.39
3061,36464,74869,2025-09-05,1,Size Issue,10670.18
3062,36482,74908,2025-02-15,1,Not as Expected,7469.53
3063,36486,74916,2025-11-22,1,Damaged,58338.1
3064,36513,74960,2025-02-01,1,Not as Expected,4509.94
3065,36532,75000,2025-05-07,1,Damaged,6628.98
3066,36536,75010,2025-08-02,4,Size Issue,19582.49
3067,36542,75025,2025-06-30,3,Damaged,170306.61
3068,36566,75078,2025-10-31,1,Wrong Item,15381.02
3069,36569,75085,2025-06-13,1,Size Issue,18181.8
3070,36580,75108,2025-03-29,1,Wrong Item,16556.83
3071,36596,75142,2025-07-25,1,Changed Mind,6149.66
3072,36606,75165,2025-01-29,1,Damaged,35856.91
3073,36621,75202,2025-01-27,1,Not as Expected,4613.78
3074,36627,75213,2025-05-20,1,Not as Expected,5470.98
3075,36630,75222,2025-03-29,3,Damaged,22431.02
3076,36669,75307,2025-03-11,1,Not as Expected,46196.86
3077,36721,75418,2025-07-23,1,Size Issue,4005.78
3078,36747,75471,2025-12-07,1,Size Issue,4370.95
3079,36754,75488,2025-10-16,1,Wrong Item,19226.28
3080,36761,75504,2025-12-03,1,Size Issue,9836.05
3081,36763,75510,2025-02-07,1,Not as Expected,7882.42
3082,36783,75546,2025-08-08,1,Wrong Item,28391.95
3083,36795,75571,2025-09-08,1,Size Issue,13967.75
3084,36799,75580,2025-09-30,1,Size Issue,3183.51
3085,36803,75589,2025-10-30,1,Changed Mind,6345.09
3086,36805,75595,2025-12-28,1,Changed Mind,5776.7
3087,36823,75625,2025-01-31,1,Damaged,3649.94
3088,36832,75643,2025-03-16,3,Damaged,4825.09
3089,36865,75706,2025-09-12,1,Changed Mind,56128.62
3090,36872,75723,2025-05-01,1,Wrong Item,7493.55
3091,36903,75772,2025-03-04,1,Wrong Item,1109.22
3092,36922,75811,2025-02-07,1,Size Issue,4949.87
3093,36924,75818,2025-08-30,1,Size Issue,6628.98
3094,36935,75843,2025-04-22,1,Not as Expected,5390.24
3095,36950,75874,2025-12-11,1,Not as Expected,23309.52
3096,36967,75914,2025-01-31,1,Damaged,50501.79
3097,36975,75925,2025-04-23,1,Not as Expected,3940.76
3098,36981,75936,2025-07-04,1,Wrong Item,85560.78
3099,36998,75972,2025-08-05,2,Changed Mind,41957.14
3100,37001,75975,2025-10-02,1,Wrong Item,782.46
3101,37005,75986,2025-05-16,1,Wrong Item,11712.54
3102,37008,75993,2025-11-02,2,Changed Mind,170736.7
3103,37034,76060,2025-09-10,1,Damaged,19995.09
3104,37062,76125,2025-05-15,1,Damaged,15315.33
3105,37063,76130,2025-12-26,1,Not as Expected,12776.5
3106,37082,76174,2025-02-06,1,Damaged,1109.22
3107,37087,76188,2025-10-27,1,Damaged,5596.86
3108,37087,76190,2025-11-17,1,Changed Mind,1196.03
3109,37092,76200,2025-12-07,1,Not as Expected,45411.41
3110,37123,76265,2025-06-08,1,Damaged,10971.04
3111,37131,76284,2025-08-01,1,Damaged,5968.89
3112,37132,76286,2025-04-17,1,Not as Expected,2856.18
3113,37134,76291,2025-01-22,1,Changed Mind,102637.99
3114,37135,76292,2025-03-20,1,Not as Expected,4390.49
3115,37142,76307,2025-04-25,1,Changed Mind,15532.36
3116,37171,76359,2025-10-31,2,Size Issue,35035.69
3117,37184,76380,2025-07-05,1,Size Issue,6602.36
3118,37202,76416,2025-12-01,1,Changed Mind,11394.89
3119,37226,76464,2025-02-24,1,Not as Expected,19226.28
3120,37240,76495,2025-03-28,1,Damaged,5989.16
3121,37253,76527,2025-05-21,1,Wrong Item,21063.32
3122,37253,76528,2025-05-21,1,Not as Expected,10670.18
3123,37267,76552,2025-08-26,1,Size Issue,57746.08
3124,37279,76571,2025-07-13,2,Damaged,11064.42
3125,37304,76626,2025-09-24,1,Not as Expected,19930.64
3126,37313,76646,2025-05-27,1,Changed Mind,49084.17
3127,37330,76676,2025-08-04,2,Wrong Item,9135.41
3128,37348,76708,2025-11-03,2,Damaged,22002.27
3129,37348,76711,2025-11-08,1,Size Issue,49181.55
3130,37353,76721,2025-12-05,1,Changed Mind,15611.02
3131,37356,76728,2025-04-07,1,Wrong Item,9326.06
3132,37363,76745,2025-06-18,1,Not as Expected,5299.61
3133,37381,76781,2025-12-23,1,Damaged,7965.2
3134,37387,76792,2025-03-27,1,Size Issue,4223.11
3135,37399,76812,2025-04-16,1,Size Issue,11719.86
3136,37400,76815,2025-11-13,1,Changed Mind,60836.12
3137,37401,76817,2025-02-17,1,Wrong Item,13028.11
3138,37406,76828,2025-04-02,1,Damaged,8931.59
3139,37413,76840,2025-07-30,1,Size Issue,15558.01
3140,37421,76858,2025-06-08,2,Wrong Item,112411.94
3141,37423,76863,2025-11-14,1,Size Issue,6182.76
3142,37452,76925,2025-05-23,1,Changed Mind,24083.64
3143,37462,76947,2025-03-18,1,Wrong Item,11961.19
3144,37468,76960,2025-04-06,3,Damaged,12384.36
3145,37471,76963,2025-10-04,1,Changed Mind,8299.48
3146,37497,77025,2025-07-24,1,Not as Expected,25204.4
3147,37504,77042,2025-12-09,1,Not as Expected,21157.77
3148,37530,77106,2025-06-23,1,Not as Expected,6811.11
3149,37533,77113,2025-08-18,1,Changed Mind,6058.96
3150,37542,77135,2025-03-10,1,Wrong Item,9200.83
3151,37564,77175,2025-05-07,1,Damaged,498.93
3152,37587,77229,2025-02-12,1,Damaged,10310.01
3153,37676,77411,2025-03-22,1,Damaged,21603.9
3154,37684,77430,2025-03-15,1,Changed Mind,6235.3
3155,37690,77443,2025-03-28,1,Changed Mind,74915.56
3156,37700,77460,2025-06-01,1,Changed Mind,40711.69
3157,37729,77518,2025-03-07,1,Size Issue,5634.36
3158,37758,77571,2025-06-28,1,Wrong Item,6962.18
3159,37758,77572,2025-07-03,1,Not as Expected,1911.51
3160,37782,77614,2025-09-13,1,Damaged,977.06
3161,37783,77618,2025-09-26,1,Not as Expected,3608.53
3162,37812,77675,2025-03-21,1,Changed Mind,3435.24
3163,37824,77702,2025-11-03,1,Not as Expected,42668.08
3164,37832,77716,2025-07-22,1,Wrong Item,12480.9
3165,37833,77718,2025-12-03,1,Changed Mind,30837.39
3166,37835,77721,2025-07-27,1,Changed Mind,1109.22
3167,37838,77725,2025-08-12,1,Size Issue,10971.84
3168,37869,77779,2025-08-16,1,Not as Expected,3232.21
3169,37870,77782,2025-04-05,1,Changed Mind,30388.87
3170,37882,77809,2025-08-22,1,Changed Mind,2347.62
3171,37904,77855,2025-04-05,1,Size Issue,5461.63
3172,37907,77863,2025-05-08,1,Changed Mind,39889.88
3173,37913,77875,2025-04-24,2,Damaged,18395.6
3174,37922,77894,2025-02-22,1,Size Issue,11751.56
3175,37940,77923,2025-04-16,1,Wrong Item,419.33
3176,37944,77931,2025-05-02,1,Not as Expected,30388.87
3177,37950,77943,2025-10-10,1,Changed Mind,85368.35
3178,37955,77951,2025-06-10,1,Not as Expected,3088.13
3179,37969,77978,2025-08-29,1,Not as Expected,6547.92
3180,37982,77997,2025-04-23,1,Changed Mind,369.94
3181,37995,78020,2025-05-25,1,Damaged,74915.56
3182,38014,78052,2025-10-22,1,Size Issue,15550.52
3183,38023,78069,2025-08-06,1,Not as Expected,2136.39
3184,38038,78112,2025-05-16,1,Damaged,2516.67
3185,38041,78118,2025-06-19,1,Wrong Item,4272.57
3186,38042,78120,2025-07-25,1,Not as Expected,5167.6
3187,38044,78122,2025-03-12,1,Changed Mind,419.33
3188,38067,78169,2025-07-06,1,Changed Mind,1231.72
3189,38085,78224,2025-07-07,1,Changed Mind,23534.07
3190,38088,78232,2025-04-25,1,Size Issue,2829.87
3191,38097,78246,2025-08-30,1,Wrong Item,18264.97
3192,38115,78284,2025-03-24,1,Changed Mind,30891.36
3193,38116,78285,2025-09-24,2,Damaged,44833.09
3194,38118,78290,2025-07-14,1,Damaged,8901.58
3195,38121,78294,2025-05-09,2,Not as Expected,8070.41
3196,38137,78325,2025-11-15,1,Wrong Item,5241.04
3197,38145,78349,2025-04-13,1,Damaged,23135.65
3198,38187,78437,2025-08-31,1,Changed Mind,30725.79
3199,38189,78441,2025-04-28,2,Size Issue,1856.41
3200,38198,78459,2025-03-19,1,Size Issue,13145.77
3201,38203,78469,2025-09-06,1,Wrong Item,17303.65
3202,38215,78490,2025-09-15,1,Wrong Item,63678.23
3203,38224,78507,2025-11-13,1,Size Issue,4189.73
3204,38233,78521,2025-12-06,1,Not as Expected,1928.81
3205,38261,78576,2025-04-01,1,Wrong Item,3343.7
3206,38262,78579,2025-12-31,1,Wrong Item,10767.49
3207,38264,78582,2025-05-07,1,Wrong Item,74933.91
3208,38277,78609,2025-06-27,1,Wrong Item,14642.72
3209,38287,78626,2025-07-27,1,Damaged,5162.94
3210,38294,78644,2025-03-23,1,Changed Mind,19813.09
3211,38311,78679,2025-10-17,1,Damaged,10423.25
3212,38319,78696,2025-08-23,1,Wrong Item,71169.78
3213,38334,78723,2025-10-24,1,Size Issue,2176.28
3214,38342,78743,2025-01-26,1,Damaged,26972.35
3215,38344,78749,2025-11-07,1,Wrong Item,2786.22
3216,38353,78768,2025-03-06,1,Wrong Item,15359.81
3217,38357,78779,2025-11-29,1,Size Issue,439.3
3218,38376,78805,2025-01-28,1,Changed Mind,53159.78
3219,38389,78833,2025-08-21,1,Changed Mind,3698.16
3220,38411,78888,2025-11-24,1,Size Issue,9444.87
3221,38423,78915,2025-03-23,1,Size Issue,46929.27
3222,38434,78934,2025-06-16,1,Wrong Item,11963.88
3223,38471,79009,2025-09-24,2,Wrong Item,15661.55
3224,38498,79069,2025-01-27,1,Size Issue,4581.35
3225,38512,79088,2025-02-03,1,Damaged,12086.37
3226,38547,79156,2025-11-19,1,Wrong Item,1109.22
3227,38555,79171,2025-11-06,1,Changed Mind,3422.34
3228,38615,79300,2025-05-12,1,Size Issue,18181.8
3229,38615,79301,2025-05-10,1,Size Issue,15550.52
3230,38626,79324,2025-02-10,1,Size Issue,17319.36
3231,38631,79332,2025-12-19,2,Not as Expected,30881.67
3232,38651,79384,2025-02-06,1,Changed Mind,1938.13
3233,38663,79416,2025-10-01,1,Size Issue,6824.65
3234,38672,79431,2025-04-09,1,Not as Expected,42527.82
3235,38690,79474,2025-08-23,1,Wrong Item,59305.86
3236,38729,79551,2025-11-18,1,Wrong Item,15611.02
3237,38752,79591,2025-02-16,2,Wrong Item,36483.2
3238,38780,79652,2025-08-29,3,Not as Expected,60824.44
3239,38781,79654,2025-02-07,1,Not as Expected,5585.74
3240,38792,79684,2025-09-25,1,Damaged,67424.0
3241,38808,79717,2025-04-25,2,Wrong Item,13204.72
3242,38826,79759,2025-12-31,1,Not as Expected,11103.02
3243,38852,79810,2025-10-25,1,Damaged,18363.32
3244,38866,79836,2025-01-16,3,Changed Mind,31659.38
3245,38873,79846,2025-11-03,1,Wrong Item,10830.06
3246,38873,79847,2025-10-09,4,Wrong Item,12902.02
3247,38896,79891,2025-06-16,1,Size Issue,3929.29
3248,38908,79917,2025-12-30,1,Damaged,9703.54
3249,38951,80006,2025-12-25,1,Not as Expected,4245.95
3250,38959,80026,2025-11-08,1,Wrong Item,17278.36
3251,38977,80059,2025-04-28,1,Wrong Item,22295.44
3252,38994,80096,2025-11-13,1,Not as Expected,72726.66
3253,38997,80099,2025-05-02,1,Size Issue,2568.29
3254,39015,80133,2025-06-17,1,Changed Mind,53425.19
3255,39019,80141,2025-04-02,2,Damaged,739.87
3256,39039,80184,2025-06-28,1,Wrong Item,9243.45
3257,39046,80197,2025-08-21,1,Size Issue,2023.95
3258,39048,80199,2025-03-23,1,Changed Mind,56128.62
3259,39054,80210,2025-12-31,1,Not as Expected,31505.5
3260,39059,80222,2025-10-30,1,Size Issue,3498.95
3261,39061,80229,2025-09-18,1,Damaged,2641.07
3262,39124,80356,2025-01-15,1,Damaged,13837.65
3263,39130,80371,2025-08-19,1,Changed Mind,11220.34
3264,39135,80377,2025-11-29,1,Wrong Item,18181.8
3265,39149,80399,2025-10-13,2,Changed Mind,46619.04
3266,39156,80416,2025-03-25,1,Damaged,2408.53
3267,39168,80439,2025-01-14,1,Wrong Item,10169.3
3268,39169,80443,2025-07-21,1,Damaged,5797.15
3269,39177,80458,2025-07-30,1,Changed Mind,28306.76
3270,39182,80468,2025-09-29,1,Size Issue,10810.5
3271,39196,80493,2025-03-27,1,Wrong Item,26641.66
3272,39214,80525,2025-09-14,1,Not as Expected,4060.18
3273,39223,80539,2025-02-01,1,Damaged,10288.56
3274,39229,80550,2025-05-16,1,Not as Expected,7349.36
3275,39242,80568,2025-05-24,2,Not as Expected,2859.31
3276,39250,80585,2025-09-30,1,Damaged,441.4
3277,39260,80600,2025-03-06,1,Changed Mind,69276.49
3278,39288,80653,2025-06-13,1,Damaged,3697.26
3279,39307,80689,2025-12-19,1,Size Issue,14777.85
3280,39308,80691,2025-06-14,1,Damaged,12553.15
3281,39320,80719,2025-09-03,1,Damaged,47896.11
3282,39320,80721,2025-09-08,1,Wrong Item,10479.64
3283,39321,80723,2025-02-10,1,Size Issue,7554.86
3284,39331,80740,2025-05-12,1,Size Issue,23309.52
3285,39371,80814,2025-06-10,1,Size Issue,3612.47
3286,39384,80845,2025-06-11,2,Changed Mind,101507.86
3287,39387,80848,2025-10-06,1,Damaged,95119.13
3288,39428,80931,2025-04-24,1,Wrong Item,70160.77
3289,39438,80952,2025-03-21,1,Not as Expected,61442.62
3290,39447,80970,2025-06-07,1,Changed Mind,4779.87
3291,39487,81053,2025-05-09,1,Changed Mind,7534.79
3292,39492,81060,2025-04-19,1,Wrong Item,67588.31
3293,39495,81067,2025-09-02,1,Changed Mind,7394.76
3294,39508,81094,2025-09-15,1,Size Issue,10169.3
3295,39514,81109,2025-09-23,1,Changed Mind,21346.56
3296,39515,81110,2025-08-04,1,Changed Mind,7409.88
3297,39516,81112,2025-12-11,1,Wrong Item,6708.8
3298,39520,81118,2025-04-11,1,Not as Expected,462.42
3299,39521,81122,2025-06-09,1,Changed Mind,15558.01
3300,39526,81132,2025-11-16,2,Changed Mind,11193.72
3301,39539,81167,2025-08-15,1,Wrong Item,5907.37
3302,39539,81169,2025-08-08,1,Changed Mind,16349.12
3303,39541,81171,2025-06-22,2,Changed Mind,42132.14
3304,39548,81184,2025-08-06,1,Wrong Item,3830.66
3305,39590,81262,2025-11-16,1,Wrong Item,5009.97
3306,39593,81269,2025-06-18,1,Damaged,2684.64
3307,39594,81275,2025-11-30,3,Size Issue,12648.03
3308,39623,81338,2025-06-17,1,Changed Mind,18491.06
3309,39656,81403,2025-07-05,1,Size Issue,22758.8
3310,39668,81424,2025-11-26,1,Size Issue,53479.19
3311,39675,81439,2025-02-21,1,Not as Expected,11297.83
3312,39689,81466,2025-09-27,1,Damaged,16292.43
3313,39697,81480,2025-12-31,1,Wrong Item,3733.16
3314,39702,81491,2025-04-28,1,Wrong Item,8664.05
3315,39708,81504,2025-02-06,1,Wrong Item,67424.0
3316,39709,81508,2025-11-13,1,Damaged,31505.5
3317,39712,81516,2025-11-26,1,Size Issue,4000.84
3318,39716,81520,2025-04-03,1,Damaged,21420.05
3319,39719,81525,2025-04-07,2,Damaged,49545.42
3320,39738,81567,2025-06-10,1,Changed Mind,6102.26
3321,39766,81620,2025-01-29,1,Size Issue,1928.81
3322,39772,81633,2025-09-24,1,Damaged,1492.42
3323,39775,81643,2025-12-28,2,Changed Mind,19328.49
3324,39789,81667,2025-01-27,1,Damaged,7174.93
3325,39797,81686,2025-04-15,1,Size Issue,48082.67
3326,39806,81706,2025-07-18,1,Size Issue,54930.31
3327,39816,81732,2025-07-07,1,Size Issue,1926.82
3328,39843,81787,2025-02-28,1,Not as Expected,1697.72
3329,39856,81810,2025-08-06,1,Damaged,625.36
3330,39856,81811,2025-08-05,1,Changed Mind,3612.47
3331,39859,81817,2025-10-08,1,Wrong Item,74299.68
3332,39880,81857,2025-07-09,1,Wrong Item,12365.52
3333,39892,81887,2025-09-23,1,Damaged,1762.49
3334,39894,81892,2025-03-07,1,Wrong Item,17517.84
3335,39898,81901,2025-08-29,1,Not as Expected,74915.56
3336,39915,81927,2025-12-25,2,Damaged,32727.24
3337,39929,81962,2025-04-05,1,Wrong Item,16556.83
3338,39947,81996,2025-10-18,1,Wrong Item,2857.21
3339,39958,82023,2025-06-09,1,Wrong Item,4801.18
3340,39965,82040,2025-04-17,1,Wrong Item,2178.23
3341,39967,82044,2025-06-14,1,Size Issue,18491.06
3342,40006,82117,2025-06-11,2,Wrong Item,21106.26
3343,40022,82152,2025-11-30,2,Not as Expected,107860.85
3344,40023,82157,2025-10-28,1,Damaged,3226.37
3345,40030,82173,2025-03-15,1,Size Issue,10555.7
3346,40035,82185,2025-09-20,1,Damaged,69557.88
3347,40054,82221,2025-04-23,1,Wrong Item,23730.68
3348,40055,82223,2025-03-03,1,Size Issue,1125.91
3349,40100,82305,2025-12-04,1,Not as Expected,17229.4
3350,40117,82338,2025-02-19,1,Size Issue,4634.32
3351,40136,82377,2025-12-31,1,Size Issue,4791.33
3352,40144,82392,2025-02-27,1,Size Issue,2408.53
3353,40168,82437,2025-06-10,1,Damaged,3024.33
3354,40189,82479,2025-04-11,1,Wrong Item,28020.68
3355,40204,82508,2025-08-23,2,Changed Mind,162199.86
3356,40223,82546,2025-03-18,2,Damaged,104510.8
3357,40260,82619,2025-12-10,1,Changed Mind,63554.53
3358,40270,82636,2025-04-11,2,Wrong Item,1796.24
3359,40277,82649,2025-11-23,1,Damaged,17903.04
3360,40288,82671,2025-09-11,1,Damaged,11259.06
3361,40288,82673,2025-08-19,2,Not as Expected,71713.82
3362,40291,82677,2025-12-10,1,Size Issue,6811.11
3363,40313,82722,2025-11-26,1,Not as Expected,8356.66
3364,40317,82732,2025-02-13,1,Wrong Item,7589.51
3365,40325,82746,2025-02-15,1,Wrong Item,1206.03
3366,40326,82750,2025-12-15,1,Not as Expected,2934.52
3367,40341,82788,2025-10-04,1,Wrong Item,2568.29
3368,40349,82807,2025-08-22,1,Damaged,11701.9
3369,40355,82818,2025-04-19,1,Wrong Item,67424.0
3370,40359,82826,2025-03-20,2,Not as Expected,1996.6
3371,40365,82837,2025-03-31,1,Size Issue,14545.44
3372,40365,82838,2025-04-05,1,Size Issue,15601.13
3373,40393,82893,2025-12-10,1,Changed Mind,9475.81
3374,40407,82919,2025-11-27,1,Changed Mind,6106.26
3375,40427,82964,2025-11-06,1,Changed Mind,17905.43
3376,40435,82977,2025-11-20,1,Damaged,47775.07
3377,40437,82983,2025-01-16,1,Damaged,61476.94
3378,40444,82999,2025-08-11,1,Changed Mind,2568.29
3379,40448,83009,2025-04-09,1,Size Issue,20675.26
3380,40462,83036,2025-12-31,1,Not as Expected,28014.89
3381,40464,83040,2025-06-13,1,Changed Mind,11380.64
3382,40507,83129,2025-05-12,1,Changed Mind,24496.57
3383,40520,83160,2025-12-30,1,Changed Mind,26718.95
3384,40521,83164,2025-04-26,2,Damaged,38452.56
3385,40525,83174,2025-11-29,1,Changed Mind,5702.48
3386,40535,83192,2025-11-09,1,Wrong Item,10881.96
3387,40540,83203,2025-01-13,1,Changed Mind,36578.89
3388,40569,83251,2025-11-21,1,Changed Mind,80152.92
3389,40580,83273,2025-05-26,1,Damaged,49084.17
3390,40607,83324,2025-04-27,1,Not as Expected,74915.56
3391,40623,83361,2025-11-20,1,Changed Mind,14532.55
3392,40624,83364,2025-02-15,1,Wrong Item,76531.21
3393,40631,83387,2025-03-31,1,Damaged,16349.12
3394,40642,83415,2025-11-22,1,Wrong Item,18165.69
3395,40668,83468,2025-06-18,3,Not as Expected,153275.95
3396,40671,83475,2025-01-12,2,Size Issue,10759.07
3397,40687,83504,2025-02-20,1,Changed Mind,11163.98
3398,40694,83517,2025-04-04,1,Size Issue,6102.26
3399,40728,83589,2025-12-31,1,Changed Mind,39574.28
3400,40749,83630,2025-11-03,1,Damaged,10356.85
3401,40761,83658,2025-09-06,2,Damaged,21832.96
3402,40767,83670,2025-03-20,1,Wrong Item,56768.87
3403,40801,83751,2025-10-07,1,Wrong Item,4222.19
3404,40807,83763,2025-12-05,3,Damaged,64402.34
3405,40815,83785,2025-12-13,1,Damaged,20851.72
3406,40840,83849,2025-07-15,1,Changed Mind,568.15
3407,40847,83866,2025-11-14,1,Changed Mind,1053.76
3408,40848,83872,2025-11-15,1,Not as Expected,25857.49
3409,40864,83903,2025-02-04,1,Changed Mind,18165.69
3410,40869,83913,2025-12-31,2,Not as Expected,14789.52
3411,40872,83916,2025-08-19,1,Damaged,4079.35
3412,40885,83943,2025-09-17,1,Changed Mind,12669.57
3413,40898,83971,2025-03-26,1,Changed Mind,45798.22
3414,40904,83985,2025-06-04,1,Wrong Item,9289.6
3415,40908,83993,2025-01-28,2,Not as Expected,6965.56
3416,40908,83994,2025-01-22,1,Size Issue,15601.13
3417,40912,84000,2025-09-25,1,Size Issue,20851.72
3418,40915,84004,2025-08-22,1,Not as Expected,15315.33
3419,40931,84032,2025-07-22,1,Size Issue,3802.6
3420,40956,84073,2025-11-15,1,Changed Mind,3435.24
3421,40956,84074,2025-11-05,1,Not as Expected,11297.83
3422,40972,84102,2025-10-14,4,Damaged,7140.82
3423,40974,84106,2025-10-27,1,Damaged,1647.41
3424,40985,84123,2025-12-15,1,Not as Expected,1908.8
3425,40989,84133,2025-09-04,1,Wrong Item,801.78
3426,41005,84163,2025-12-08,1,Changed Mind,23447.81
3427,41031,84208,2025-11-23,3,Not as Expected,23399.61
3428,41054,84248,2025-02-22,1,Wrong Item,5726.69
3429,41056,84250,2025-05-01,1,Damaged,13018.03
3430,41059,84257,2025-12-31,1,Damaged,2960.36
3431,41062,84263,2025-04-26,1,Not as Expected,2203.51
3432,41106,84337,2025-09-13,1,Damaged,2617.28
3433,41106,84338,2025-09-09,1,Wrong Item,5797.15
3434,41112,84347,2025-09-16,1,Wrong Item,2754.25
3435,41134,84394,2025-07-03,1,Size Issue,1928.81
3436,41135,84400,2025-06-15,1,Not as Expected,18827.29
3437,41152,84438,2025-02-26,3,Wrong Item,143688.33
3438,41163,84461,2025-12-31,2,Damaged,116726.91
3439,41164,84464,2025-06-16,1,Changed Mind,17319.44
3440,41190,84515,2025-05-11,1,Size Issue,5797.15
3441,41195,84521,2025-08-26,1,Wrong Item,12162.19
3442,41225,84581,2025-04-22,1,Size Issue,3753.06
3443,41225,84582,2025-05-09,1,Not as Expected,4856.61
3444,41249,84628,2025-10-18,1,Damaged,9648.12
3445,41255,84641,2025-12-10,1,Damaged,3042.08
3446,41274,84683,2025-08-03,1,Changed Mind,3422.34
3447,41278,84689,2025-12-31,1,Size Issue,5077.22
3448,41284,84700,2025-02-11,1,Changed Mind,40711.69
3449,41296,84722,2025-04-20,1,Not as Expected,18444.68
3450,41306,84736,2025-07-05,1,Not as Expected,9466.74
3451,41313,84755,2025-07-03,1,Not as Expected,13146.12
3452,41315,84758,2025-02-25,1,Damaged,75934.34
3453,41315,84759,2025-03-24,1,Changed Mind,23309.52
3454,41360,84859,2025-10-29,1,Changed Mind,4272.57
3455,41365,84868,2025-04-14,2,Changed Mind,24504.53
3456,41383,84902,2025-06-28,2,Wrong Item,29065.1
3457,41386,84908,2025-09-04,1,Changed Mind,28354.95
3458,41402,84946,2025-08-11,1,Damaged,17517.84
3459,41405,84950,2025-05-05,1,Damaged,31172.56
3460,41411,84966,2025-08-29,1,Wrong Item,8299.48
3461,41437,85017,2025-11-01,1,Damaged,2108.88
3462,41438,85018,2025-11-29,3,Damaged,270531.6
3463,41438,85019,2025-12-18,2,Not as Expected,2133.03
3464,41438,85021,2025-11-24,1,Size Issue,2434.49
3465,41459,85074,2025-08-28,1,Wrong Item,37348.64
3466,41464,85086,2025-02-08,1,Changed Mind,59305.86
3467,41474,85109,2025-04-22,1,Not as Expected,58338.1
3468,41488,85135,2025-02-02,2,Changed Mind,8446.22
3469,41501,85162,2025-03-15,3,Damaged,12384.36
3470,41559,85277,2025-03-24,1,Damaged,44582.81
3471,41561,85283,2025-06-16,1,Wrong Item,639.55
3472,41563,85285,2025-11-26,1,Wrong Item,7487.73
3473,41565,85291,2025-07-20,1,Damaged,6829.78
3474,41568,85299,2025-06-06,1,Damaged,11482.05
3475,41577,85316,2025-08-11,1,Size Issue,19082.18
3476,41579,85320,2025-12-16,1,Size Issue,4256.29
3477,41607,85372,2025-08-17,1,Size Issue,53425.19
3478,41624,85405,2025-04-10,1,Size Issue,4168.58
3479,41633,85425,2025-09-21,1,Changed Mind,4506.5
3480,41634,85427,2025-08-17,2,Changed Mind,34607.3
3481,41664,85493,2025-03-26,1,Wrong Item,998.3
3482,41696,85556,2025-10-28,2,Not as Expected,8158.69
3483,41704,85569,2025-10-18,1,Changed Mind,95119.13
3484,41713,85586,2025-03-12,1,Size Issue,2408.53
3485,41717,85592,2025-03-13,1,Not as Expected,10273.41
3486,41730,85616,2025-05-09,1,Wrong Item,71715.77
3487,41734,85627,2025-03-20,1,Wrong Item,18959.46
3488,41752,85666,2025-12-28,1,Size Issue,9988.83
3489,41788,85743,2025-06-10,2,Size Issue,22964.1
3490,41796,85762,2025-04-03,1,Not as Expected,13018.03
3491,41824,85812,2025-08-28,1,Changed Mind,11113.54
3492,41839,85836,2025-06-30,1,Changed Mind,2562.62
3493,41855,85873,2025-01-28,1,Wrong Item,6676.82
3494,41858,85876,2025-03-10,1,Changed Mind,8018.49
3495,41862,85886,2025-06-27,1,Damaged,11764.85
3496,41862,85887,2025-07-01,1,Damaged,22295.44
3497,41868,85899,2025-09-26,1,Changed Mind,5585.74
3498,41883,85922,2025-08-20,2,Size Issue,34180.09
3499,41896,85944,2025-12-15,1,Size Issue,28235.04
3500,41907,85969,2025-11-26,1,Wrong Item,27918.45
3501,41941,86030,2025-12-10,1,Not as Expected,1575.33
3502,41946,86044,2025-06-24,1,Changed Mind,15010.4
3503,42003,86173,2025-08-05,1,Size Issue,18429.67
3504,42019,86203,2025-09-05,1,Not as Expected,46929.27
3505,42026,86217,2025-11-05,2,Wrong Item,5831.08
3506,42026,86219,2025-11-13,1,Changed Mind,16637.85
3507,42067,86296,2025-12-20,2,Damaged,74697.28
3508,42085,86329,2025-01-07,2,Wrong Item,832.36
3509,42101,86362,2025-03-17,1,Size Issue,68448.62
3510,42103,86367,2025-01-30,1,Wrong Item,70160.77
3511,42114,86388,2025-05-10,1,Wrong Item,16127.93
3512,42125,86410,2025-10-04,1,Damaged,85607.22
3513,42137,86440,2025-08-28,1,Size Issue,24761.42
3514,42145,86454,2025-12-04,2,Size Issue,22440.68
3515,42157,86477,2025-01-14,1,Not as Expected,61829.22
3516,42194,86565,2025-03-20,1,Changed Mind,17091.54
3517,42206,86592,2025-10-03,1,Not as Expected,3004.07
3518,42235,86654,2025-09-28,1,Not as Expected,3349.65
3519,42235,86655,2025-10-04,1,Size Issue,18647.62
3520,42236,86656,2025-12-21,1,Not as Expected,5812.9
3521,42245,86683,2025-04-03,1,Not as Expected,53425.19
3522,42270,86741,2025-09-14,1,Damaged,6037.92
3523,42279,86763,2025-12-19,1,Wrong Item,10553.13
3524,42305,86816,2025-11-03,1,Damaged,68027.74
3525,42309,86822,2025-08-16,1,Not as Expected,19226.28
3526,42315,86835,2025-02-19,1,Changed Mind,2425.6
3527,42352,86908,2025-02-05,1,Not as Expected,3343.7
3528,42376,86968,2025-10-19,1,Damaged,6007.51
3529,42386,86994,2025-12-16,3,Damaged,211848.42
3530,42409,87039,2025-09-16,1,Not as Expected,53836.23
3531,42410,87041,2025-05-30,1,Changed Mind,15626.46
3532,42411,87043,2025-03-15,2,Wrong Item,28760.76
3533,42412,87044,2025-05-27,1,Not as Expected,7329.15
3534,42421,87059,2025-11-28,1,Size Issue,1669.12
3535,42462,87140,2025-12-28,1,Damaged,21066.07
3536,42512,87244,2025-08-09,1,Damaged,42668.08
3537,42523,87267,2025-12-31,1,Wrong Item,2592.23
3538,42526,87272,2025-08-28,1,Wrong Item,5113.66
3539,42539,87293,2025-12-15,1,Not as Expected,9648.12
3540,42549,87312,2025-12-21,1,Not as Expected,52255.4
3541,42555,87321,2025-12-03,1,Size Issue,9571.1
3542,42567,87343,2025-12-18,2,Wrong Item,20338.6
3543,42568,87345,2025-10-21,1,Damaged,15571.42
3544,42573,87356,2025-12-31,1,Wrong Item,65693.55
3545,42574,87358,2025-07-30,1,Not as Expected,6239.9
3546,42586,87391,2025-10-11,1,Damaged,4391.56
3547,42589,87399,2025-08-11,2,Size Issue,14367.68
3548,42590,87403,2025-01-19,1,Damaged,14789.39
3549,42600,87420,2025-03-26,3,Wrong Item,17391.44
3550,42618,87451,2025-07-30,1,Wrong Item,72922.62
3551,42649,87510,2025-04-12,1,Size Issue,599.79
3552,42661,87530,2025-06-03,1,Size Issue,85034.68
3553,42674,87564,2025-12-12,1,Size Issue,61984.23
3554,42721,87648,2025-09-16,1,Wrong Item,28306.76
3555,42748,87695,2025-10-04,1,Changed Mind,4079.35
3556,42768,87741,2025-09-15,1,Changed Mind,53395.67
3557,42775,87761,2025-02-19,1,Damaged,5367.04
3558,42790,87796,2025-12-30,3,Not as Expected,39437.3
3559,42799,87819,2025-05-22,1,Damaged,14721.46
3560,42815,87854,2025-12-27,1,Not as Expected,37773.98
3561,42816,87857,2025-10-21,2,Damaged,18519.5
3562,42830,87889,2025-06-01,1,Changed Mind,6184.15
3563,42837,87900,2025-05-13,2,Size Issue,115656.7
3564,42837,87901,2025-05-06,1,Size Issue,16127.93
3565,42843,87911,2025-06-05,1,Size Issue,69107.48
3566,42843,87912,2025-05-22,3,Not as Expected,202321.56
3567,42847,87919,2025-03-27,1,Not as Expected,637.28
3568,42852,87929,2025-09-30,1,Damaged,35836.0
3569,42865,87952,2025-07-12,1,Changed Mind,1658.24
3570,42871,87965,2025-11-05,1,Changed Mind,858.34
3571,42880,87980,2025-12-31,1,Damaged,38443.41
3572,42892,88007,2025-10-30,1,Wrong Item,6161.16
3573,42906,88034,2025-08-05,1,Size Issue,1576.96
3574,42911,88048,2025-11-17,1,Wrong Item,31092.06
3575,42914,88055,2025-03-29,1,Not as Expected,9988.83
3576,42945,88120,2025-09-24,1,Size Issue,9243.45
3577,42951,88133,2025-05-09,1,Damaged,6733.57
3578,42955,88141,2025-11-03,1,Damaged,27311.82
3579,42959,88148,2025-04-06,1,Changed Mind,9086.08
3580,42983,88198,2025-05-09,1,Size Issue,3391.72
3581,42994,88216,2025-05-29,1,Wrong Item,45798.22
3582,42998,88228,2025-05-10,1,Damaged,3232.21
3583,42999,88231,2025-12-30,2,Changed Mind,15664.91
3584,43007,88246,2025-05-20,1,Not as Expected,2710.97
3585,43016,88261,2025-08-14,1,Wrong Item,8685.01
3586,43023,88275,2025-02-22,1,Damaged,7079.25
3587,43029,88292,2025-02-10,1,Damaged,9197.8
3588,43033,88302,2025-11-10,2,Damaged,58322.16
3589,43038,88313,2025-12-31,2,Changed Mind,31324.18
3590,43048,88335,2025-04-15,1,Changed Mind,3225.5
3591,43049,88339,2025-09-26,1,Wrong Item,34805.92
3592,43057,88359,2025-05-28,1,Changed Mind,7087.97
3593,43091,88427,2025-06-27,1,Not as Expected,2763.06
3594,43110,88456,2025-10-03,1,Size Issue,9571.1
3595,43113,88460,2025-02-01,1,Damaged,15730.72
3596,43114,88461,2025-06-05,1,Damaged,10830.06
3597,43116,88463,2025-06-27,1,Damaged,79905.14
3598,43119,88468,2025-11-10,1,Not as Expected,39817.78
3599,43133,88502,2025-03-22,1,Damaged,8734.47
3600,43152,88541,2025-11-20,1,Wrong Item,14218.95
3601,43159,88557,2025-12-29,1,Size Issue,11297.83
3602,43176,88596,2025-03-21,1,Size Issue,1790.56
3603,43176,88597,2025-04-11,1,Size Issue,11438.37
3604,43204,88655,2025-12-22,1,Not as Expected,12342.42
3605,43223,88691,2025-08-21,1,Not as Expected,5726.69
3606,43234,88707,2025-11-01,1,Not as Expected,37543.42
3607,43270,88778,2025-05-17,1,Not as Expected,18334.97
3608,43284,88800,2025-09-11,1,Changed Mind,7216.89
3609,43298,88827,2025-03-04,1,Wrong Item,18956.99
3610,43307,88841,2025-12-31,1,Size Issue,2050.1
3611,43316,88861,2025-12-08,1,Not as Expected,11677.36
3612,43320,88871,2025-06-20,1,Size Issue,7349.36
3613,43321,88872,2025-06-20,1,Wrong Item,8095.73
3614,43322,88874,2025-12-12,1,Wrong Item,21056.8
3615,43333,88900,2025-10-15,1,Not as Expected,50501.79
3616,43342,88918,2025-06-19,1,Damaged,74889.27
3617,43386,89011,2025-08-19,1,Damaged,67085.33
3618,43400,89043,2025-07-19,2,Damaged,170069.36
3619,43402,89046,2025-05-10,1,Wrong Item,1224.44
3620,43403,89048,2025-03-16,3,Size Issue,5183.25
3621,43423,89080,2025-12-13,1,Changed Mind,16365.39
3622,43426,89086,2025-12-31,1,Damaged,3698.16
3623,43460,89152,2025-04-28,1,Not as Expected,7469.53
3624,43465,89163,2025-02-27,1,Size Issue,3608.53
3625,43473,89180,2025-12-04,1,Wrong Item,42714.9
3626,43484,89206,2025-07-30,2,Size Issue,6544.86
3627,43522,89280,2025-03-15,1,Damaged,7358.24
3628,43540,89319,2025-08-05,1,Changed Mind,2516.67
3629,43563,89361,2025-09-16,1,Wrong Item,5945.57
3630,43597,89431,2025-06-26,1,Changed Mind,11751.56
3631,43608,89451,2025-07-01,1,Size Issue,542.32
3632,43614,89464,2025-08-10,1,Size Issue,51710.7
3633,43657,89561,2025-11-28,1,Damaged,35836.0
3634,43660,89573,2025-09-18,1,Size Issue,15381.02
3635,43676,89606,2025-04-27,1,Damaged,11365.69
3636,43679,89613,2025-10-14,1,Damaged,9988.83
3637,43682,89618,2025-10-11,1,Changed Mind,1785.2
3638,43686,89627,2025-10-06,1,Damaged,14905.38
3639,43697,89653,2025-03-07,1,Changed Mind,9150.7
3640,43703,89663,2025-04-28,1,Wrong Item,6811.11
3641,43703,89665,2025-04-15,1,Wrong Item,3929.29
3642,43711,89681,2025-04-17,1,Changed Mind,1010.39
3643,43756,89788,2025-06-11,1,Not as Expected,11522.95
3644,43762,89803,2025-03-20,1,Damaged,12561.17
3645,43776,89836,2025-11-06,2,Changed Mind,3551.79
3646,43784,89854,2025-12-07,1,Damaged,61984.23
3647,43791,89867,2025-10-16,1,Not as Expected,12561.17
3648,43810,89898,2025-05-29,1,Wrong Item,2282.55
3649,43824,89930,2025-05-15,2,Not as Expected,2516.82
3650,43825,89932,2025-10-07,2,Damaged,134881.04
3651,43856,90004,2025-08-01,1,Size Issue,6547.92
3652,43918,90135,2025-03-15,1,Damaged,44582.81
3653,43927,90150,2025-12-21,1,Not as Expected,3432.22
3654,43943,90183,2025-02-01,1,Size Issue,15454.53
3655,43968,90230,2025-03-09,1,Changed Mind,5470.98
3656,43968,90231,2025-03-06,1,Wrong Item,19226.28
3657,43971,90239,2025-04-28,2,Size Issue,3730.97
3658,43981,90260,2025-07-22,1,Damaged,16335.27
3659,44020,90319,2025-10-16,1,Wrong Item,6037.92
3660,44023,90325,2025-05-13,1,Not as Expected,73422.2
3661,44023,90326,2025-05-21,1,Wrong Item,441.4
3662,44033,90344,2025-06-04,1,Wrong Item,11522.08
3663,44033,90345,2025-06-11,2,Changed Mind,66131.25
3664,44033,90347,2025-06-06,1,Size Issue,4031.88
3665,44042,90359,2025-02-26,2,Not as Expected,140177.73
3666,44051,90375,2025-01-09,3,Not as Expected,57246.53
3667,44144,90546,2025-02-07,1,Not as Expected,15315.33
3668,44166,90591,2025-05-09,1,Changed Mind,2562.62
3669,44196,90650,2025-02-01,1,Changed Mind,3977.02
3670,44207,90677,2025-11-12,3,Wrong Item,12669.33
3671,44210,90684,2025-04-04,2,Not as Expected,4094.5
3672,44220,90699,2025-07-29,1,Not as Expected,929.17
3673,44223,90705,2025-12-31,1,Changed Mind,580.33
3674,44223,90706,2025-12-24,1,Not as Expected,53159.78
3675,44233,90724,2025-01-19,1,Size Issue,36908.76
3676,44237,90735,2025-05-11,1,Changed Mind,2178.23
3677,44246,90755,2025-10-19,1,Wrong Item,16503.13
3678,44307,90873,2025-03-25,1,Size Issue,17076.63
3679,44312,90882,2025-12-13,1,Wrong Item,5037.17
3680,44315,90890,2025-12-31,1,Size Issue,14905.38
3681,44316,90892,2025-07-02,1,Size Issue,7469.53
3682,44316,90893,2025-07-27,1,Damaged,57458.25
3683,44348,90952,2025-09-15,1,Not as Expected,10928.94
3684,44370,91000,2025-06-23,1,Not as Expected,11592.97
3685,44374,91008,2025-09-11,1,Damaged,12162.19
3686,44375,91010,2025-11-19,1,Changed Mind,71340.9
3687,44394,91048,2025-09-07,1,Wrong Item,13191.41
3688,44406,91077,2025-06-02,1,Size Issue,5740.07
3689,44412,91092,2025-12-03,1,Damaged,11728.56
3690,44416,91100,2025-02-10,1,Not as Expected,63678.23
3691,44420,91106,2025-12-31,1,Damaged,14532.55
3692,44428,91129,2025-03-06,1,Damaged,22154.95
3693,44439,91145,2025-02-07,1,Not as Expected,66652.73
3694,44442,91149,2025-09-18,1,Changed Mind,2136.39
3695,44452,91171,2025-02-05,1,Changed Mind,64526.26
3696,44475,91216,2025-03-30,1,Changed Mind,8781.28
3697,44478,91221,2025-04-12,1,Damaged,15611.02
3698,44485,91236,2025-12-13,1,Changed Mind,469.58
3699,44489,91241,2025-12-05,1,Not as Expected,8743.15
3700,44501,91265,2025-12-31,1,Wrong Item,3797.84
3701,44519,91301,2025-06-22,1,Size Issue,6571.46
3702,44538,91339,2025-07-13,2,Wrong Item,63492.69
3703,44542,91347,2025-01-30,1,Size Issue,70616.14
3704,44560,91377,2025-08-15,1,Changed Mind,12326.1
3705,44571,91403,2025-10-23,1,Size Issue,18264.97
3706,44574,91409,2025-09-05,1,Damaged,17751.73
3707,44578,91415,2025-02-17,2,Damaged,19445.23
3708,44590,91448,2025-11-08,1,Wrong Item,24526.24
3709,44593,91459,2025-11-01,1,Not as Expected,14532.55
3710,44604,91482,2025-11-01,1,Not as Expected,34139.77
3711,44633,91543,2025-02-05,2,Changed Mind,8086.95
3712,44661,91598,2025-05-04,1,Damaged,72279.48
3713,44662,91600,2025-01-19,2,Wrong Item,29886.94
3714,44668,91614,2025-11-14,1,Wrong Item,10590.61
3715,44670,91619,2025-04-25,1,Changed Mind,7019.88
3716,44685,91641,2025-08-22,1,Changed Mind,50753.93
3717,44690,91648,2025-09-26,1,Wrong Item,19320.59
3718,44714,91694,2025-11-13,1,Wrong Item,30388.87
3719,44720,91704,2025-04-04,1,Size Issue,3359.84
3720,44735,91728,2025-08-19,1,Damaged,11987.65
3721,44760,91773,2025-10-06,2,Wrong Item,115492.16
3722,44777,91812,2025-02-15,2,Damaged,114900.13
3723,44788,91833,2025-05-31,1,Wrong Item,74299.68
3724,44800,91862,2025-07-21,2,Not as Expected,170736.7
3725,44813,91893,2025-10-27,1,Wrong Item,20274.81
3726,44815,91896,2025-05-21,1,Wrong Item,4949.87
3727,44820,91910,2025-07-28,1,Wrong Item,8891.29
3728,44829,91928,2025-02-18,1,Not as Expected,76095.3
3729,44841,91952,2025-12-31,1,Changed Mind,11924.3
3730,44843,91955,2025-08-24,1,Not as Expected,682.74
3731,44843,91956,2025-08-11,1,Changed Mind,7087.97
3732,44855,91977,2025-03-12,3,Not as Expected,18318.79
3733,44869,91998,2025-06-02,1,Damaged,3853.73
3734,44889,92041,2025-06-11,1,Wrong Item,5989.16
3735,44892,92048,2025-12-27,1,Changed Mind,42740.15
3736,44914,92102,2025-12-09,1,Changed Mind,7856.93
3737,44917,92111,2025-12-31,1,Damaged,4128.12
3738,44928,92135,2025-01-12,1,Damaged,10810.5
3739,44940,92156,2025-03-30,1,Changed Mind,37826.89
3740,44941,92160,2025-03-01,1,Damaged,10479.64
3741,44945,92169,2025-10-04,1,Wrong Item,67424.0
3742,44975,92228,2025-02-22,1,Changed Mind,10514.82
3743,45027,92328,2025-01-30,1,Wrong Item,31746.34
3744,45040,92354,2025-12-07,2,Wrong Item,2683.08
3745,45050,92379,2025-09-26,1,Wrong Item,4289.47
3746,45085,92462,2025-11-24,1,Wrong Item,6334.02
3747,45115,92526,2025-06-01,1,Wrong Item,2560.33
3748,45137,92570,2025-05-21,2,Changed Mind,89165.61
3749,45148,92596,2025-06-20,1,Not as Expected,3556.3
3750,45151,92600,2025-10-30,1,Size Issue,44856.61
3751,45188,92671,2025-11-26,3,Size Issue,10639.11
3752,45194,92681,2025-02-08,1,Damaged,56768.87
3753,45202,92700,2025-02-02,2,Not as Expected,9899.75
3754,45214,92726,2025-02-18,1,Wrong Item,6628.98
3755,45238,92775,2025-11-25,1,Not as Expected,9197.8
3756,45250,92796,2025-07-31,1,Changed Mind,46221.38
3757,45260,92818,2025-05-04,1,Damaged,42527.82
3758,45277,92850,2025-10-02,1,Size Issue,2408.53
3759,45314,92917,2025-05-08,2,Not as Expected,18401.67
3760,45330,92954,2025-07-20,1,Wrong Item,49084.17
3761,45331,92961,2025-09-01,1,Wrong Item,6708.8
3762,45354,92998,2025-05-10,1,Wrong Item,4910.19
3763,45358,93006,2025-02-26,1,Size Issue,67085.33
3764,45382,93055,2025-07-18,2,Size Issue,13812.08
3765,45419,93127,2025-05-17,2,Changed Mind,4335.35
3766,45425,93141,2025-07-06,1,Wrong Item,21637.3
3767,45441,93170,2025-05-09,1,Damaged,5641.35
3768,45497,93288,2025-08-28,1,Damaged,26759.6
3769,45498,93289,2025-10-27,1,Changed Mind,72922.62
3770,45511,93315,2025-11-28,2,Not as Expected,106850.38
3771,45516,93326,2025-08-29,1,Size Issue,6838.71
3772,45524,93338,2025-06-19,1,Not as Expected,7231.53
3773,45525,93339,2025-03-17,1,Damaged,8931.59
3774,45528,93345,2025-09-26,1,Size Issue,26064.65
3775,45536,93363,2025-10-09,1,Not as Expected,648.6
3776,45542,93381,2025-07-29,1,Not as Expected,11872.27
3777,45563,93422,2025-08-23,1,Changed Mind,12561.17
3778,45570,93437,2025-02-25,1,Wrong Item,1436.99
3779,45582,93453,2025-07-10,1,Size Issue,69541.17
3780,45588,93472,2025-08-05,1,Wrong Item,7676.27
3781,45595,93482,2025-09-01,1,Damaged,9115.57
3782,45625,93541,2025-09-11,2,Damaged,12485.77
3783,45662,93608,2025-12-07,2,Not as Expected,95792.22
3784,45677,93638,2025-02-07,1,Changed Mind,49181.55
3785,45705,93688,2025-09-21,2,Damaged,25594.11
3786,45707,93693,2025-11-20,4,Size Issue,28507.03
3787,45712,93706,2025-03-30,2,Damaged,1908.51
3788,45717,93714,2025-08-23,1,Not as Expected,13756.02
3789,45720,93722,2025-03-20,1,Changed Mind,20851.72
3790,45735,93751,2025-04-13,2,Size Issue,19829.22
3791,45746,93773,2025-05-15,1,Wrong Item,53930.43
3792,45774,93826,2025-10-19,1,Wrong Item,12326.1
3793,45782,93840,2025-09-09,4,Size Issue,46657.0
3794,45794,93869,2025-08-17,1,Damaged,27311.82
3795,45811,93917,2025-04-16,2,Not as Expected,3954.73
3796,45840,93970,2025-05-15,1,Changed Mind,44582.81
3797,45842,93976,2025-10-29,1,Changed Mind,7138.22
3798,45848,93990,2025-03-06,1,Wrong Item,8664.05
3799,45859,94009,2025-03-19,1,Size Issue,22295.44
3800,45860,94013,2025-09-04,1,Not as Expected,17276.4
3801,45886,94065,2025-08-01,1,Wrong Item,14549.56
3802,45904,94099,2025-12-30,1,Damaged,614.47
3803,45942,94178,2025-12-22,1,Damaged,14905.38
3804,46005,94305,2025-09-19,1,Damaged,71169.78
3805,46017,94328,2025-09-13,1,Not as Expected,4881.81
3806,46050,94396,2025-03-27,1,Wrong Item,3575.54
3807,46074,94441,2025-12-19,1,Size Issue,2913.94
3808,46151,94604,2025-02-08,1,Changed Mind,7087.97
3809,46155,94614,2025-09-25,1,Not as Expected,5907.37
3810,46165,94634,2025-10-18,1,Not as Expected,3173.19
3811,46177,94662,2025-04-17,1,Changed Mind,4791.33
3812,46197,94706,2025-06-09,1,Changed Mind,19464.27
3813,46213,94734,2025-08-12,1,Size Issue,15415.78
3814,46222,94750,2025-03-02,1,Damaged,16558.65
3815,46254,94809,2025-09-28,1,Wrong Item,5363.17
3816,46280,94866,2025-10-31,1,Damaged,22154.95
3817,46299,94905,2025-02-23,1,Changed Mind,5359.28
3818,46311,94933,2025-07-09,1,Damaged,17616.55
3819,46322,94955,2025-12-12,1,Changed Mind,18644.68
3820,46327,94965,2025-01-26,1,Damaged,7706.21
3821,46339,94990,2025-09-16,1,Not as Expected,20851.72
3822,46340,94994,2025-08-31,2,Damaged,5851.19
3823,46344,95001,2025-08-20,2,Wrong Item,10734.08
3824,46366,95050,2025-11-07,2,Changed Mind,139115.75
3825,46392,95096,2025-06-21,1,Wrong Item,12553.15
3826,46396,95103,2025-06-12,1,Changed Mind,9722.61
3827,46404,95123,2025-09-03,1,Wrong Item,5641.35
3828,46407,95132,2025-05-29,1,Damaged,80851.26
3829,46440,95194,2025-12-31,2,Damaged,31202.26
3830,46466,95246,2025-12-31,1,Not as Expected,9854.23
3831,46496,95314,2025-04-23,1,Not as Expected,6911.7
3832,46518,95364,2025-09-29,1,Not as Expected,3941.74
3833,46531,95387,2025-02-24,2,Size Issue,2107.52
3834,46535,95397,2025-12-31,1,Changed Mind,65861.96
3835,46557,95439,2025-10-22,1,Damaged,9401.25
3836,46571,95471,2025-10-18,1,Not as Expected,7174.93
3837,46594,95514,2025-12-22,1,Damaged,3830.29
3838,46636,95595,2025-05-08,1,Not as Expected,2304.3
3839,46642,95610,2025-02-07,1,Damaged,9401.25
3840,46648,95621,2025-03-17,2,Changed Mind,13334.78
3841,46660,95641,2025-12-31,2,Wrong Item,1016.68
3842,46667,95653,2025-11-08,1,Not as Expected,68027.74
3843,46684,95686,2025-09-14,1,Size Issue,353.12
3844,46730,95778,2025-11-16,1,Wrong Item,52255.4
3845,46736,95791,2025-08-27,1,Wrong Item,4556.48
3846,46748,95816,2025-09-05,1,Changed Mind,74469.42
3847,46751,95823,2025-07-29,1,Damaged,5007.22
3848,46778,95881,2025-03-08,1,Wrong Item,18206.26
3849,46789,95898,2025-07-25,1,Size Issue,63554.53
3850,46801,95921,2025-11-30,2,Size Issue,20846.5
3851,46804,95927,2025-06-12,1,Not as Expected,14218.95
3852,46821,95960,2025-03-04,1,Not as Expected,67085.33
3853,46830,95978,2025-10-21,1,Changed Mind,23309.52
3854,46836,95987,2025-03-06,3,Size Issue,33424.66
3855,46848,96008,2025-12-07,1,Damaged,11701.9
3856,46864,96042,2025-09-16,1,Size Issue,1125.67
3857,46870,96056,2025-06-15,1,Damaged,6184.15
3858,46879,96076,2025-03-08,1,Size Issue,15978.2
3859,46888,96097,2025-03-19,1,Changed Mind,24083.64
3860,46889,96099,2025-06-05,1,Damaged,14397.76
3861,46907,96143,2025-12-31,1,Changed Mind,65630.36
3862,46908,96146,2025-11-24,1,Changed Mind,4022.48
3863,46909,96150,2025-10-02,1,Wrong Item,39574.28
3864,46921,96176,2025-03-23,2,Wrong Item,4497.66
3865,46958,96239,2025-06-25,1,Size Issue,5702.48
3866,46970,96263,2025-11-14,1,Damaged,27206.85
3867,46974,96272,2025-10-31,1,Wrong Item,5641.35
3868,47016,96363,2025-03-24,1,Damaged,10432.88
3869,47038,96403,2025-08-11,1,Damaged,58338.1
3870,47057,96433,2025-02-25,1,Wrong Item,7451.65
3871,47069,96459,2025-04-16,1,Damaged,15007.06
3872,47077,96475,2025-10-22,1,Size Issue,21056.8
3873,47083,96491,2025-03-14,1,Damaged,15997.23
3874,47096,96515,2025-04-07,1,Size Issue,977.06
3875,47102,96531,2025-09-26,1,Wrong Item,4482.6
3876,47103,96535,2025-06-16,1,Size Issue,17303.65
3877,47116,96561,2025-05-02,1,Not as Expected,16238.97
3878,47125,96583,2025-12-01,1,Wrong Item,8267.59
3879,47135,96600,2025-09-16,1,Damaged,5797.15
3880,47155,96634,2025-12-31,2,Not as Expected,18222.24
3881,47156,96636,2025-11-24,1,Not as Expected,8134.34
3882,47171,96674,2025-10-27,1,Wrong Item,6667.39
3883,47178,96689,2025-12-31,2,Damaged,21340.35
3884,47200,96740,2025-06-09,2,Wrong Item,25332.89
3885,47204,96749,2025-12-14,1,Size Issue,9205.55
3886,47210,96764,2025-11-08,1,Not as Expected,1824.58
3887,47211,96770,2025-05-13,1,Damaged,56768.87
3888,47219,96786,2025-03-29,2,Changed Mind,115492.16
3889,47228,96808,2025-08-20,1,Not as Expected,5989.16
3890,47246,96839,2025-07-13,1,Wrong Item,19784.08
3891,47271,96889,2025-04-20,1,Wrong Item,28685.53
3892,47274,96894,2025-02-13,1,Changed Mind,4613.78
3893,47278,96900,2025-10-24,1,Changed Mind,4915.47
3894,47309,96962,2025-02-23,2,Changed Mind,22876.74
3895,47312,96971,2025-11-18,2,Changed Mind,15599.74
3896,47328,97000,2025-01-17,1,Not as Expected,30407.66
3897,47336,97012,2025-05-16,1,Wrong Item,441.4
3898,47338,97014,2025-10-31,2,Damaged,12075.84
3899,47363,97058,2025-10-01,1,Wrong Item,2378.43
3900,47401,97131,2025-08-17,1,Wrong Item,12531.84
3901,47423,97177,2025-12-24,1,Size Issue,35018.61
3902,47425,97184,2025-05-07,1,Damaged,2600.53
3903,47427,97189,2025-03-29,1,Size Issue,6824.65
3904,47443,97219,2025-12-18,1,Changed Mind,18041.07
3905,47446,97225,2025-11-19,1,Size Issue,77286.53
3906,47467,97283,2025-08-13,1,Changed Mind,16852.86
3907,47487,97323,2025-07-15,1,Not as Expected,4060.18
3908,47503,97355,2025-12-27,1,Damaged,39574.28
3909,47505,97362,2025-06-17,1,Not as Expected,8035.03
3910,47513,97373,2025-09-19,1,Wrong Item,69276.49
3911,47523,97395,2025-12-31,1,Changed Mind,4294.05
3912,47556,97457,2025-10-10,1,Not as Expected,13191.41
3913,47577,97502,2025-02-24,2,Not as Expected,53944.71
3914,47577,97504,2025-02-23,1,Size Issue,942.84
3915,47617,97572,2025-01-14,1,Size Issue,1680.19
3916,47632,97601,2025-03-14,1,Changed Mind,2167.68
3917,47634,97606,2025-12-02,1,Damaged,3009.39
3918,47641,97622,2025-05-23,1,Size Issue,10184.12
3919,47642,97623,2025-03-22,1,Size Issue,68845.5
3920,47657,97646,2025-02-14,1,Wrong Item,3560.99
3921,47676,97685,2025-09-22,1,Not as Expected,831.36
3922,47683,97700,2025-07-26,1,Changed Mind,5670.38
3923,47689,97714,2025-10-27,1,Not as Expected,70160.77
3924,47727,97793,2025-11-10,1,Not as Expected,11522.08
3925,47744,97830,2025-06-09,1,Size Issue,3170.63
3926,47751,97841,2025-05-11,1,Size Issue,12162.19
3927,47756,97855,2025-11-14,1,Damaged,20883.19
3928,47764,97868,2025-12-21,1,Wrong Item,7799.87
3929,47766,97872,2025-04-24,1,Size Issue,3556.3
3930,47768,97877,2025-01-22,1,Damaged,16678.22
3931,47798,97940,2025-12-30,1,Changed Mind,29161.08
3932,47812,97969,2025-11-23,1,Size Issue,12129.42
3933,47821,97995,2025-07-15,1,Damaged,6485.43
3934,47838,98029,2025-06-14,1,Damaged,20010.15
3935,47844,98046,2025-10-16,1,Changed Mind,37595.57
3936,47849,98053,2025-11-24,1,Wrong Item,3578.9
3937,47891,98142,2025-07-31,1,Damaged,3546.68
3938,47916,98195,2025-04-20,1,Changed Mind,85368.35
3939,47916,98197,2025-04-14,1,Not as Expected,1911.51
3940,47929,98221,2025-12-31,2,Wrong Item,5120.66
3941,47933,98229,2025-10-30,1,Not as Expected,5319.79
3942,47940,98245,2025-06-17,1,Changed Mind,51971.47
3943,47940,98246,2025-06-09,2,Size Issue,12485.77
3944,47970,98301,2025-02-06,1,Wrong Item,648.6
3945,47972,98304,2025-07-24,1,Size Issue,3250.66
3946,47991,98341,2025-11-08,1,Damaged,6465.46
3947,47994,98351,2025-11-21,1,Wrong Item,40158.19
3948,47995,98352,2025-08-14,1,Size Issue,2961.18
3949,48001,98366,2025-06-08,1,Changed Mind,4756.86
3950,48003,98368,2025-06-14,1,Damaged,9197.8
3951,48023,98409,2025-12-17,1,Size Issue,44582.81
3952,48024,98412,2025-03-27,2,Damaged,5411.97
3953,48024,98413,2025-04-17,1,Size Issue,46929.27
3954,48038,98441,2025-06-22,1,Not as Expected,3617.85
3955,48045,98459,2025-02-13,1,Not as Expected,19464.27
3956,48068,98511,2025-12-02,1,Size Issue,2050.1
3957,48091,98557,2025-06-21,2,Size Issue,4695.23
3958,48097,98573,2025-03-31,1,Changed Mind,72279.48
3959,48097,98575,2025-04-06,1,Size Issue,17276.4
3960,48108,98597,2025-04-29,2,Changed Mind,95687.6
3961,48113,98611,2025-12-31,1,Changed Mind,1019.28
3962,48113,98613,2025-12-31,1,Size Issue,2139.17
3963,48125,98640,2025-11-20,1,Size Issue,13741.34
3964,48156,98700,2025-12-04,1,Not as Expected,5321.34
3965,48160,98705,2025-06-24,1,Wrong Item,7382.26
3966,48161,98707,2025-03-07,1,Changed Mind,9197.8
3967,48166,98719,2025-06-16,1,Changed Mind,887.38
3968,48192,98773,2025-09-04,1,Not as Expected,17585.85
3969,48215,98819,2025-06-24,1,Not as Expected,61476.94
3970,48254,98897,2025-08-09,1,Wrong Item,15571.42
3971,48257,98903,2025-07-29,1,Size Issue,3261.44
3972,48280,98959,2025-01-18,1,Size Issue,15611.02
3973,48295,98996,2025-07-10,1,Damaged,5667.28
3974,48307,99017,2025-01-25,1,Damaged,17257.41
3975,48308,99019,2025-12-31,1,Not as Expected,13822.69
3976,48333,99068,2025-12-31,1,Changed Mind,2390.84
3977,48337,99078,2025-02-22,2,Damaged,11678.54
3978,48394,99190,2025-04-10,2,Size Issue,6270.73
3979,48402,99203,2025-03-07,1,Changed Mind,5776.7
3980,48407,99215,2025-11-21,1,Not as Expected,4031.88
3981,48408,99220,2025-12-16,1,Wrong Item,5648.29
3982,48423,99250,2025-11-08,1,Changed Mind,12776.5
3983,48430,99261,2025-03-29,1,Wrong Item,5689.7
3984,48431,99263,2025-01-27,1,Size Issue,15217.58
3985,48435,99268,2025-03-26,2,Damaged,26056.22
3986,48451,99299,2025-09-01,1,Changed Mind,12977.94
3987,48457,99312,2025-08-03,1,Wrong Item,16238.97
3988,48459,99317,2025-11-08,1,Wrong Item,5188.55
3989,48512,99419,2025-10-09,1,Damaged,11762.0
3990,48521,99437,2025-09-24,1,Damaged,6571.46
3991,48528,99451,2025-11-06,1,Changed Mind,2486.42
3992,48529,99452,2025-11-19,1,Changed Mind,13368.39
3993,48540,99473,2025-02-10,1,Wrong Item,7856.93
3994,48549,99495,2025-07-25,2,Wrong Item,48753.5
3995,48560,99520,2025-12-31,1,Not as Expected,1926.82
3996,48565,99533,2025-10-22,1,Wrong Item,6824.65
3997,48591,99590,2025-12-18,1,Not as Expected,16363.62
3998,48594,99594,2025-05-31,1,Changed Mind,13146.12
3999,48616,99637,2025-04-12,1,Wrong Item,11786.24
4000,48633,99679,2025-12-08,1,Size Issue,65630.36
4001,48635,99683,2025-09-09,1,Changed Mind,13741.34
4002,48649,99709,2025-03-10,1,Size Issue,2002.89
4003,48665,99736,2025-12-12,1,Size Issue,8071.79
4004,48679,99763,2025-09-09,1,Wrong Item,10866.45
4005,48692,99785,2025-08-06,1,Changed Mind,2288.1
4006,48704,99804,2025-04-22,1,Not as Expected,15031.18
4007,48719,99831,2025-03-24,2,Size Issue,130901.02
4008,48721,99834,2025-12-31,1,Not as Expected,12782.56
4009,48735,99872,2025-11-03,1,Damaged,2961.18
4010,48738,99877,2025-05-09,1,Wrong Item,6184.15
4011,48764,99934,2025-04-20,1,Not as Expected,546.19
4012,48776,99960,2025-12-31,2,Size Issue,3823.01
4013,48803,100016,2025-10-08,1,Damaged,2224.69
4014,48806,100020,2025-12-16,1,Size Issue,8545.5
4015,48820,100042,2025-06-22,2,Not as Expected,8418.1
4016,48821,100048,2025-06-21,1,Size Issue,3483.74
4017,48828,100063,2025-09-14,1,Changed Mind,4919.73
4018,48830,100067,2025-10-21,1,Damaged,12214.53
4019,48874,100157,2025-05-09,1,Wrong Item,22745.66
4020,48884,100181,2025-10-22,1,Damaged,40158.19
4021,48895,100207,2025-11-26,1,Size Issue,7067.66
4022,48900,100217,2025-10-12,1,Size Issue,23309.52
4023,48902,100223,2025-11-30,1,Changed Mind,10720.13
4024,48907,100232,2025-03-24,1,Size Issue,6184.15
4025,48928,100276,2025-09-20,1,Damaged,27206.85
4026,48944,100304,2025-06-09,1,Not as Expected,3963.59
4027,48947,100310,2025-12-30,2,Damaged,47604.98
4028,48953,100326,2025-10-12,1,Damaged,63831.33
4029,48968,100360,2025-03-15,1,Wrong Item,55329.25
4030,48970,100366,2025-10-28,1,Damaged,24311.1
4031,48973,100375,2025-03-12,1,Wrong Item,14549.56
4032,49001,100432,2025-06-12,1,Wrong Item,2408.53
4033,49001,100434,2025-06-03,1,Damaged,4391.56
4034,49025,100482,2025-11-13,1,Damaged,27918.45
4035,49076,100583,2025-05-04,1,Changed Mind,7349.36
4036,49081,100589,2025-09-17,1,Not as Expected,42236.34
4037,49081,100592,2025-10-02,1,Changed Mind,8976.27
4038,49082,100595,2025-09-08,1,Wrong Item,10830.06
4039,49101,100637,2025-04-15,2,Changed Mind,3780.43
4040,49107,100650,2025-07-08,3,Size Issue,14270.58
4041,49109,100654,2025-09-02,1,Wrong Item,942.84
4042,49111,100658,2025-03-30,1,Wrong Item,5879.49
4043,49117,100666,2025-06-02,2,Changed Mind,6367.02
4044,49120,100670,2025-12-17,1,Wrong Item,7856.93
4045,49126,100683,2025-02-22,2,Damaged,21111.41
4046,49127,100686,2025-10-25,1,Damaged,5820.38
4047,49177,100790,2025-09-15,1,Not as Expected,3940.76
4048,49191,100821,2025-08-30,1,Not as Expected,69093.62
4049,49207,100850,2025-11-01,1,Size Issue,7882.42
4050,49216,100867,2025-01-03,2,Size Issue,12550.14
4051,49237,100910,2025-05-28,1,Wrong Item,17319.36
4052,49243,100925,2025-01-22,2,Wrong Item,113537.74
4053,49263,100965,2025-12-31,1,Damaged,3232.21
4054,49265,100969,2025-07-23,1,Wrong Item,7135.15
4055,49277,100995,2025-02-05,1,Changed Mind,7278.09
4056,49285,101008,2025-02-10,1,Changed Mind,15440.84
4057,49304,101044,2025-03-29,1,Changed Mind,6602.36
4058,49305,101045,2025-09-20,1,Damaged,6911.7
4059,49311,101060,2025-09-28,1,Changed Mind,36908.76
4060,49314,101066,2025-04-06,1,Changed Mind,1125.91
4061,49319,101077,2025-10-20,1,Damaged,11701.9
4062,49319,101079,2025-10-12,1,Changed Mind,3239.49
4063,49326,101094,2025-10-18,1,Wrong Item,10928.94
4064,49334,101114,2025-12-31,1,Wrong Item,14642.83
4065,49344,101135,2025-12-31,1,Not as Expected,4691.32
4066,49345,101139,2025-06-14,1,Changed Mind,14681.25
4067,49357,101165,2025-12-09,1,Changed Mind,8686.53
4068,49369,101189,2025-05-07,1,Changed Mind,18181.8
4069,49373,101197,2025-03-31,1,Changed Mind,8809.62
4070,49380,101215,2025-05-03,2,Damaged,1954.12
4071,49384,101222,2025-11-26,1,Damaged,29585.03
4072,49387,101230,2025-09-19,1,Size Issue,1928.81
4073,49408,101275,2025-02-13,2,Changed Mind,1954.12
4074,49412,101281,2025-11-29,1,Not as Expected,8777.47
4075,49416,101290,2025-06-12,1,Changed Mind,8267.59
4076,49442,101341,2025-10-28,2,Size Issue,1421.22
4077,49459,101377,2025-11-11,3,Wrong Item,49297.95
4078,49466,101391,2025-10-29,1,Not as Expected,15930.61
4079,49483,101422,2025-11-22,1,Size Issue,4090.54
4080,49512,101476,2025-12-08,1,Damaged,60730.6
4081,49524,101496,2025-10-28,1,Not as Expected,18595.24
4082,49525,101498,2025-06-01,2,Size Issue,11494.14
4083,49536,101520,2025-05-21,1,Not as Expected,5333.91
4084,49539,101525,2025-09-29,1,Changed Mind,3165.33
4085,49541,101528,2025-04-29,3,Changed Mind,27382.03
4086,49555,101562,2025-12-13,1,Size Issue,48253.54
4087,49573,101594,2025-06-16,1,Size Issue,29845.92
4088,49586,101621,2025-04-24,1,Damaged,3864.65
4089,49594,101636,2025-02-02,1,Size Issue,887.38
4090,49606,101660,2025-12-07,1,Size Issue,5702.48
4091,49615,101674,2025-12-03,1,Not as Expected,7135.15
4092,49648,101742,2025-07-03,1,Changed Mind,4622.7
4093,49651,101749,2025-11-08,2,Wrong Item,49545.42
4094,49698,101829,2025-08-15,1,Damaged,24526.24
4095,49748,101926,2025-12-22,1,Changed Mind,26211.78
4096,49765,101961,2025-09-01,1,Damaged,2617.28
4097,49765,101964,2025-09-09,1,Changed Mind,12974.84
4098,49766,101965,2025-08-30,1,Not as Expected,3432.22
4099,49774,101978,2025-06-30,1,Damaged,928.21
4100,49778,101986,2025-12-15,1,Wrong Item,5797.15
4101,49790,102015,2025-10-19,1,Not as Expected,19813.09
4102,49802,102034,2025-03-01,1,Changed Mind,7945.4
4103,49805,102041,2025-01-31,1,Changed Mind,7964.15
4104,49808,102049,2025-11-23,1,Changed Mind,2347.62
4105,49809,102051,2025-07-26,1,Size Issue,17090.07
4106,49829,102089,2025-11-03,1,Changed Mind,61984.23
4107,49831,102094,2025-12-27,1,Changed Mind,7020.2
4108,49849,102135,2025-02-23,2,Not as Expected,2145.86
4109,49863,102165,2025-07-27,2,Wrong Item,18244.19
4110,49869,102180,2025-12-03,1,Size Issue,6439.23
4111,49906,102248,2025-12-13,1,Wrong Item,25126.6
4112,49912,102263,2025-09-15,1,Damaged,538.25
4113,49913,102265,2025-10-24,2,Wrong Item,134848.01
4114,49916,102272,2025-12-31,1,Size Issue,31746.34
4115,49924,102287,2025-07-27,2,Damaged,1858.33
4116,49929,102302,2025-05-09,1,Not as Expected,14681.25
4117,49932,102308,2025-02-18,2,Wrong Item,106009.92
4118,49937,102317,2025-05-10,1,Wrong Item,887.38
4119,49939,102320,2025-02-12,1,Not as Expected,1053.76
4120,49958,102357,2025-08-16,1,Not as Expected,1884.8
4121,49966,102375,2025-11-21,2,Damaged,8298.4
4122,49970,102384,2025-08-19,1,Damaged,4757.33
4123,49999,102441,2025-06-15,1,Wrong Item,3733.16
4124,50051,102536,2025-03-28,1,Size Issue,63554.53
4125,50074,102580,2025-12-31,1,Size Issue,10916.48
4126,50085,102607,2025-06-05,1,Wrong Item,4791.33
4127,50103,102654,2025-05-05,1,Changed Mind,8995.26
4128,50112,102679,2025-12-18,2,Not as Expected,22731.37
4129,50123,102698,2025-12-17,1,Size Issue,9988.83
4130,50141,102734,2025-05-05,2,Damaged,80269.72
4131,50144,102742,2025-05-23,1,Size Issue,2021.09
4132,50148,102751,2025-03-08,1,Changed Mind,24761.42
4133,50159,102776,2025-12-31,1,Wrong Item,39013.36
4134,50168,102794,2025-05-24,2,Size Issue,18428.19
4135,50171,102802,2025-04-29,1,Wrong Item,2023.95
4136,50198,102855,2025-03-25,1,Size Issue,25369.03
4137,50204,102868,2025-07-31,1,Not as Expected,5273.65
4138,50229,102919,2025-07-30,1,Not as Expected,19996.54
4139,50248,102953,2025-02-22,1,Not as Expected,4255.83
4140,50267,102989,2025-04-12,1,Not as Expected,60836.12
4141,50272,103004,2025-05-12,1,Damaged,53747.79
4142,50275,103012,2025-12-31,2,Not as Expected,17803.15
4143,50276,103014,2025-12-26,3,Size Issue,21649.92
4144,50286,103040,2025-03-14,1,Damaged,2560.33
4145,50290,103050,2025-12-31,1,Not as Expected,72285.44
4146,50300,103066,2025-02-10,1,Size Issue,4294.05
4147,50313,103095,2025-11-01,1,Damaged,20010.15
4148,50324,103121,2025-05-08,1,Size Issue,15217.58
4149,50327,103126,2025-12-14,1,Damaged,3829.28
4150,50329,103129,2025-12-13,1,Wrong Item,47843.8
4151,50341,103153,2025-11-07,1,Not as Expected,1680.19
4152,50346,103162,2025-03-09,1,Not as Expected,74915.56
4153,50350,103174,2025-09-19,1,Changed Mind,4622.7
4154,50358,103190,2025-07-12,1,Wrong Item,1608.36
4155,50363,103200,2025-05-08,2,Size Issue,12260.0
4156,50366,103204,2025-06-30,1,Not as Expected,782.46
4157,50369,103208,2025-04-22,1,Size Issue,9112.11
4158,50375,103222,2025-08-23,1,Not as Expected,1109.22
4159,50381,103234,2025-11-07,1,Size Issue,17090.07
4160,50392,103254,2025-03-13,1,Wrong Item,97506.09
4161,50398,103265,2025-02-20,1,Damaged,2425.6
4162,50435,103336,2025-03-22,1,Changed Mind,3042.08
4163,50447,103358,2025-12-31,1,Size Issue,19784.08
4164,50448,103360,2025-05-18,1,Size Issue,2013.34
4165,50515,103494,2025-08-02,1,Damaged,8171.54
4166,50532,103525,2025-12-30,1,Size Issue,8685.01
4167,50551,103562,2025-11-29,1,Size Issue,102637.99
4168,50570,103598,2025-12-31,1,Wrong Item,72922.62
4169,50596,103655,2025-12-19,2,Wrong Item,34777.06
4170,50620,103705,2025-10-06,2,Changed Mind,84807.94
4171,50621,103709,2025-06-29,1,Not as Expected,26064.65
4172,50634,103737,2025-03-10,1,Wrong Item,75913.25
4173,50648,103768,2025-07-08,1,Damaged,76531.21
4174,50653,103775,2025-01-03,1,Damaged,5093.75
4175,50656,103780,2025-08-09,1,Changed Mind,1787.07
4176,50661,103796,2025-12-31,1,Size Issue,12133.75
4177,50667,103812,2025-11-16,1,Wrong Item,8622.53
4178,50670,103818,2025-02-18,1,Not as Expected,10588.36
4179,50677,103830,2025-04-14,2,Changed Mind,4506.5
4180,50678,103831,2025-04-24,1,Changed Mind,27349.98
4181,50687,103848,2025-11-14,2,Size Issue,29065.1
4182,50703,103882,2025-03-10,1,Changed Mind,2139.17
4183,50703,103883,2025-03-01,3,Wrong Item,24898.44
4184,50703,103886,2025-03-07,2,Size Issue,48026.78
4185,50707,103893,2025-08-03,1,Size Issue,6392.08
4186,50779,104032,2025-01-11,1,Wrong Item,102637.99
4187,50779,104033,2025-01-18,1,Damaged,21056.8
4188,50788,104049,2025-06-19,2,Size Issue,11978.32
4189,50798,104072,2025-12-13,1,Changed Mind,4989.53
4190,50820,104109,2025-10-13,2,Not as Expected,5411.97
4191,50828,104127,2025-10-17,1,Not as Expected,5702.48
4192,50832,104135,2025-08-25,1,Not as Expected,23817.58
4193,50854,104184,2025-08-08,1,Not as Expected,54858.78
4194,50866,104209,2025-10-08,1,Size Issue,3699.9
4195,50884,104250,2025-01-28,1,Damaged,4079.35
4196,50886,104256,2025-12-21,1,Changed Mind,353.12
4197,50927,104335,2025-01-27,2,Not as Expected,17486.3
4198,50939,104367,2025-10-13,1,Not as Expected,3042.08
4199,50947,104384,2025-10-17,1,Not as Expected,4272.17
4200,50957,104401,2025-10-21,1,Size Issue,5870.13
4201,50987,104461,2025-05-23,1,Not as Expected,4050.2
4202,50994,104472,2025-08-28,1,Wrong Item,49084.17
4203,51002,104483,2025-02-21,1,Size Issue,6242.89
4204,51004,104487,2025-02-01,1,Size Issue,6714.65
4205,51017,104515,2025-05-15,1,Size Issue,70160.77
4206,51032,104542,2025-03-13,2,Damaged,73157.78
4207,51043,104567,2025-11-03,1,Damaged,11163.98
4208,51045,104571,2025-01-25,1,Damaged,2248.83
4209,51082,104637,2025-09-29,2,Changed Mind,34638.88
4210,51083,104641,2025-12-06,2,Not as Expected,68128.13
4211,51086,104652,2025-11-06,2,Changed Mind,11446.28
4212,51107,104693,2025-02-24,1,Damaged,79905.14
4213,51110,104701,2025-01-24,1,Changed Mind,2986.53
4214,51136,104763,2025-12-12,1,Not as Expected,2710.97
4215,51142,104773,2025-12-21,1,Damaged,3681.49
4216,51156,104803,2025-04-17,1,Size Issue,63678.23
4217,51167,104822,2025-04-19,1,Wrong Item,14902.79
4218,51188,104861,2025-09-06,1,Changed Mind,39817.78
4219,51191,104865,2025-12-31,1,Damaged,463.26
4220,51220,104919,2025-12-10,1,Wrong Item,6334.02
4221,51225,104925,2025-09-22,2,Damaged,882.8
4222,51232,104940,2025-09-17,2,Changed Mind,7576.29
4223,51233,104942,2025-10-22,3,Size Issue,42810.09
4224,51255,104989,2025-12-31,1,Size Issue,5823.38
4225,51287,105045,2025-05-24,1,Wrong Item,19464.27
4226,51291,105058,2025-09-07,1,Wrong Item,6373.36
4227,51291,105059,2025-09-13,1,Damaged,15662.09
4228,51317,105100,2025-05-21,1,Size Issue,73179.95
4229,51384,105238,2025-12-31,1,Size Issue,13414.84
4230,51398,105261,2025-09-24,1,Changed Mind,13107.71
4231,51409,105280,2025-12-31,1,Damaged,19226.28
4232,51409,105282,2025-12-31,1,Damaged,19335.38
4233,51417,105300,2025-08-22,1,Size Issue,2408.53
4234,51439,105340,2025-12-04,1,Damaged,81813.14
4235,51459,105378,2025-12-30,1,Wrong Item,12129.42
4236,51461,105381,2025-05-31,1,Size Issue,63678.23
4237,51488,105424,2025-06-29,2,Changed Mind,36607.08
4238,51494,105438,2025-10-11,1,Damaged,84371.49
4239,51502,105452,2025-12-04,1,Not as Expected,11872.27
4240,51531,105518,2025-04-15,1,Damaged,8743.15
4241,51531,105519,2025-04-23,1,Wrong Item,8024.7
4242,51533,105522,2025-02-21,1,Size Issue,6547.92
4243,51533,105524,2025-02-14,3,Not as Expected,3427.68
4244,51571,105601,2025-02-15,1,Size Issue,12910.24
4245,51574,105609,2025-06-04,1,Not as Expected,17319.36
4246,51589,105638,2025-05-16,1,Changed Mind,12974.84
4247,51589,105640,2025-05-21,1,Changed Mind,73422.2
4248,51607,105669,2025-11-14,1,Damaged,2265.0
4249,51610,105677,2025-04-02,1,Wrong Item,24944.86
4250,51614,105682,2025-11-25,1,Wrong Item,3162.18
4251,51619,105694,2025-03-08,1,Wrong Item,7358.24
4252,51621,105698,2025-10-02,1,Damaged,48082.67
4253,51625,105709,2025-10-30,1,Damaged,3753.06
4254,51642,105740,2025-11-14,2,Damaged,24324.39
4255,51643,105745,2025-05-15,1,Damaged,22745.66
4256,51675,105811,2025-11-16,1,Not as Expected,16850.66
4257,51684,105832,2025-07-06,1,Damaged,84371.49
4258,51691,105844,2025-06-07,1,Damaged,2562.62
4259,51711,105873,2025-05-20,1,Not as Expected,87611.08
4260,51715,105881,2025-03-01,1,Changed Mind,9205.55
4261,51719,105889,2025-12-28,1,Changed Mind,3483.74
4262,51722,105898,2025-06-23,1,Wrong Item,2021.09
4263,51740,105931,2025-05-01,2,Wrong Item,2859.31
4264,51741,105932,2025-07-29,1,Not as Expected,22713.56
4265,51746,105945,2025-12-08,2,Changed Mind,4576.21
4266,51759,105973,2025-04-25,1,Damaged,63678.23
4267,51770,106004,2025-07-13,2,Wrong Item,89713.21
4268,51776,106014,2025-07-29,1,Wrong Item,21103.03
4269,51811,106080,2025-08-05,1,Wrong Item,15031.18
4270,51815,106088,2025-05-02,1,Not as Expected,13713.8
4271,51819,106092,2025-05-21,1,Damaged,6856.05
4272,51834,106135,2025-09-20,1,Changed Mind,27703.03
4273,51852,106167,2025-11-02,1,Not as Expected,53395.67
4274,51852,106169,2025-11-06,1,Not as Expected,45054.22
4275,51852,106170,2025-10-21,1,Size Issue,88931.01
4276,51878,106220,2025-10-22,1,Wrong Item,16385.63
4277,51880,106225,2025-02-18,1,Changed Mind,23852.72
4278,51884,106232,2025-06-26,1,Wrong Item,7216.89
4279,51885,106237,2025-04-13,1,Not as Expected,3878.93
4280,51894,106255,2025-07-28,1,Not as Expected,68294.68
4281,51910,106292,2025-10-17,1,Damaged,3232.21
4282,51918,106306,2025-12-11,1,Not as Expected,8622.53
4283,51937,106337,2025-08-18,1,Size Issue,77105.03
4284,51943,106352,2025-05-30,1,Changed Mind,8384.42
4285,51974,106412,2025-11-03,3,Not as Expected,98763.0
4286,51986,106435,2025-12-31,1,Size Issue,4821.47
4287,52004,106471,2025-09-13,1,Damaged,5102.28
4288,52015,106489,2025-09-03,1,Not as Expected,6392.08
4289,52022,106504,2025-03-10,2,Changed Mind,139115.75
4290,52035,106531,2025-02-15,1,Not as Expected,8278.02
4291,52036,106534,2025-11-03,1,Damaged,6708.8
4292,52050,106567,2025-02-07,1,Changed Mind,6106.26
4293,52055,106580,2025-06-10,1,Size Issue,8622.53
4294,52070,106610,2025-07-03,1,Wrong Item,4209.05
4295,52076,106626,2025-02-23,1,Changed Mind,16414.44
4296,52078,106631,2025-12-31,1,Wrong Item,72922.62
4297,52085,106645,2025-09-10,1,Damaged,17589.46
4298,52092,106662,2025-09-18,1,Changed Mind,54858.78
4299,52101,106678,2025-10-05,1,Wrong Item,8702.73
4300,52107,106690,2025-04-21,1,Wrong Item,20851.72
4301,52107,106692,2025-04-05,1,Damaged,23876.74
4302,52145,106772,2025-12-26,1,Damaged,7196.21
4303,52149,106779,2025-01-25,1,Size Issue,39817.78
4304,52150,106780,2025-11-12,1,Not as Expected,85368.35
4305,52167,106824,2025-08-23,1,Size Issue,1469.6
4306,52170,106828,2025-04-21,2,Damaged,9590.3
4307,52172,106831,2025-07-12,1,Not as Expected,4272.57
4308,52175,106837,2025-01-24,1,Wrong Item,508.34
4309,52234,106942,2025-03-07,1,Not as Expected,14545.44
4310,52253,106977,2025-06-24,1,Damaged,12618.58
4311,52259,106990,2025-09-03,1,Changed Mind,4026.41
4312,52262,106995,2025-03-18,1,Not as Expected,3941.21
4313,52285,107041,2025-12-04,1,Damaged,3435.24
4314,52339,107139,2025-08-06,1,Damaged,53004.96
4315,52352,107166,2025-09-01,1,Wrong Item,5008.32
4316,52360,107188,2025-10-10,1,Damaged,21063.32
4317,52366,107198,2025-02-25,4,Damaged,183192.87
4318,52366,107200,2025-03-06,1,Size Issue,13246.92
4319,52406,107283,2025-11-08,1,Wrong Item,51091.98
4320,52420,107310,2025-11-17,1,Not as Expected,15771.15
4321,52443,107361,2025-07-13,1,Size Issue,12452.32
4322,52458,107387,2025-10-22,1,Not as Expected,1109.22
4323,52468,107406,2025-08-01,1,Wrong Item,17272.71
4324,52476,107429,2025-10-27,1,Damaged,1264.31
4325,52500,107469,2025-08-27,1,Not as Expected,23235.38
4326,52529,107523,2025-11-25,1,Size Issue,7916.83
4327,52537,107539,2025-04-10,2,Size Issue,10634.03
4328,52541,107550,2025-09-24,1,Size Issue,1938.13
4329,52550,107563,2025-12-31,1,Changed Mind,6715.43
4330,52557,107578,2025-05-23,1,Changed Mind,8396.09
4331,52567,107602,2025-11-13,1,Damaged,5379.54
4332,52569,107605,2025-06-24,1,Damaged,5241.04
4333,52574,107617,2025-09-15,1,Damaged,3422.34
4334,52588,107643,2025-07-10,1,Not as Expected,12782.56
4335,52593,107652,2025-02-02,2,Damaged,5062.87
4336,52606,107686,2025-08-17,1,Not as Expected,14071.99
4337,52607,107691,2025-08-21,1,Size Issue,12561.17
4338,52648,107770,2025-07-14,1,Not as Expected,4390.49
4339,52649,107775,2025-04-06,1,Size Issue,5186.92
4340,52652,107781,2025-11-04,1,Size Issue,1341.54
4341,52652,107782,2025-10-22,1,Damaged,54752.51
4342,52668,107814,2025-12-31,1,Wrong Item,7394.76
4343,52668,107815,2025-12-31,1,Wrong Item,7014.58
4344,52688,107850,2025-07-18,1,Changed Mind,3009.39
4345,52702,107876,2025-06-16,1,Wrong Item,18974.03
4346,52724,107916,2025-05-19,1,Changed Mind,6629.89
4347,52736,107943,2025-04-03,1,Wrong Item,3170.63
4348,52741,107957,2025-09-29,1,Changed Mind,3698.16
4349,52839,108142,2025-03-13,1,Not as Expected,18425.99
4350,52867,108199,2025-02-20,1,Changed Mind,2567.87
4351,52874,108211,2025-08-12,1,Not as Expected,6708.8
4352,52890,108244,2025-06-19,1,Wrong Item,15997.23
4353,52895,108255,2025-02-13,1,Damaged,7394.76
4354,52898,108260,2025-12-31,1,Size Issue,51971.47
4355,52902,108267,2025-04-15,1,Size Issue,1707.52
4356,52926,108319,2025-05-07,2,Size Issue,101507.86
4357,52943,108358,2025-11-18,2,Damaged,20428.84
4358,52943,108359,2025-11-21,2,Not as Expected,10718.57
4359,52960,108392,2025-07-08,1,Changed Mind,3213.21
4360,52989,108448,2025-09-01,1,Wrong Item,6260.4
4361,52990,108450,2025-11-28,2,Wrong Item,6745.62
4362,52995,108456,2025-03-14,2,Changed Mind,15930.4
4363,52998,108461,2025-12-24,2,Size Issue,10227.33
4364,53012,108487,2025-03-09,1,Changed Mind,462.42
4365,53016,108498,2025-07-25,1,Changed Mind,13414.84
4366,53020,108502,2025-12-09,1,Size Issue,19415.45
4367,53021,108504,2025-12-08,1,Size Issue,2570.54
4368,53032,108523,2025-06-19,1,Damaged,67424.0
4369,53056,108567,2025-02-10,2,Size Issue,32730.79
4370,53060,108574,2025-06-30,1,Size Issue,48090.13
4371,53065,108584,2025-03-16,2,Wrong Item,39147.88
4372,53072,108599,2025-09-23,1,Size Issue,21575.99
4373,53079,108618,2025-08-16,1,Damaged,7731.06
4374,53079,108619,2025-08-04,1,Wrong Item,12462.49
4375,53112,108683,2025-09-04,1,Damaged,2699.28
4376,53119,108700,2025-06-06,2,Wrong Item,12520.8
4377,53137,108735,2025-04-16,1,Changed Mind,63678.23
4378,53138,108737,2025-04-17,1,Damaged,14642.72
4379,53145,108750,2025-08-16,1,Not as Expected,16238.97
4380,53183,108829,2025-08-20,1,Not as Expected,17017.18
4381,53201,108871,2025-05-04,1,Not as Expected,2516.67
4382,53226,108920,2025-02-25,1,Size Issue,16788.27
4383,53258,108981,2025-12-31,1,Damaged,31059.56
4384,53266,108995,2025-07-26,1,Wrong Item,18684.96
4385,53297,109061,2025-07-26,1,Wrong Item,34805.92
4386,53306,109084,2025-07-19,1,Damaged,7623.36
4387,53314,109097,2025-05-14,2,Size Issue,3079.3
4388,53324,109115,2025-10-07,1,Size Issue,44582.81
4389,53337,109141,2025-05-12,1,Size Issue,3649.94
4390,53341,109149,2025-02-13,1,Changed Mind,23235.38
4391,53342,109150,2025-08-20,2,Changed Mind,48195.11
4392,53346,109157,2025-05-17,3,Changed Mind,44743.26
4393,53361,109190,2025-03-08,1,Changed Mind,11683.13
4394,53382,109242,2025-06-23,1,Damaged,24133.16
4395,53392,109263,2025-03-13,1,Not as Expected,7087.97
4396,53393,109265,2025-06-10,1,Size Issue,8191.4
4397,53399,109278,2025-03-05,1,Wrong Item,28391.95
4398,53408,109298,2025-02-14,2,Size Issue,134170.67
4399,53428,109333,2025-04-09,1,Wrong Item,69541.17
4400,53442,109359,2025-04-19,1,Size Issue,9197.8
4401,53448,109374,2025-01-09,3,Size Issue,10430.88
4402,53484,109450,2025-04-09,2,Damaged,31252.92
4403,53494,109472,2025-08-18,1,Damaged,369.94
4404,53495,109476,2025-12-31,1,Wrong Item,32432.78
4405,53514,109512,2025-09-30,1,Wrong Item,7623.36
4406,53520,109523,2025-11-21,1,Size Issue,20978.57
4407,53524,109530,2025-10-21,1,Damaged,17278.36
4408,53529,109541,2025-05-16,1,Wrong Item,5989.16
4409,53537,109555,2025-05-09,1,Not as Expected,2710.53
4410,53539,109559,2025-06-04,1,Damaged,48253.54
4411,53547,109575,2025-07-15,2,Damaged,9602.36
4412,53548,109576,2025-12-18,1,Damaged,8995.26
4413,53559,109605,2025-08-13,1,Size Issue,22295.44
4414,53575,109636,2025-10-24,1,Size Issue,26775.06
4415,53650,109809,2025-08-07,2,Damaged,2617.41
4416,53650,109810,2025-08-14,1,Changed Mind,49084.17
4417,53668,109843,2025-12-23,1,Size Issue,65229.75
4418,53682,109866,2025-10-27,2,Size Issue,5875.28
4419,53686,109873,2025-12-01,1,Changed Mind,3540.46
4420,53690,109882,2025-10-29,2,Wrong Item,14789.52
4421,53733,109964,2025-05-02,1,Changed Mind,21661.9
4422,53743,109987,2025-06-14,2,Not as Expected,17479.62
4423,53758,110015,2025-08-08,1,Changed Mind,17700.68
4424,53759,110016,2025-10-13,1,Wrong Item,66869.71
4425,53763,110021,2025-05-23,1,Changed Mind,11963.88
4426,53763,110022,2025-05-07,1,Wrong Item,4532.9
4427,53795,110073,2025-08-07,1,Changed Mind,4370.95
4428,53799,110082,2025-11-21,2,Damaged,8544.35
4429,53939,110373,2025-01-15,1,Damaged,15381.02
4430,53957,110406,2025-06-27,1,Not as Expected,3743.72
4431,54020,110538,2025-12-22,1,Wrong Item,2248.83
4432,54028,110554,2025-11-24,2,Damaged,27482.69
4433,54029,110555,2025-09-17,1,Changed Mind,24772.71
4434,54048,110584,2025-12-31,4,Wrong Item,45500.64
4435,54085,110649,2025-08-31,1,Not as Expected,25421.62
4436,54105,110696,2025-08-31,1,Not as Expected,9877.75
4437,54133,110746,2025-03-04,1,Damaged,9444.87
4438,54144,110772,2025-05-02,1,Changed Mind,2167.68
4439,54146,110775,2025-11-20,1,Changed Mind,3853.73
4440,54146,110778,2025-11-09,1,Wrong Item,10671.83
4441,54169,110826,2025-03-31,1,Not as Expected,8384.42
4442,54180,110848,2025-03-22,1,Wrong Item,4622.7
4443,54199,110883,2025-04-05,1,Not as Expected,17090.07
4444,54199,110884,2025-04-10,1,Changed Mind,26064.65
4445,54212,110908,2025-06-13,1,Not as Expected,2617.28
4446,54223,110926,2025-03-16,1,Damaged,11402.62
4447,54243,110968,2025-10-17,1,Damaged,68294.68
4448,54248,110985,2025-02-24,2,Size Issue,12212.53
4449,54249,110987,2025-02-19,2,Size Issue,1563.3
4450,54264,111008,2025-08-02,2,Damaged,34453.46
4451,54278,111038,2025-03-13,1,Changed Mind,16432.65
4452,54298,111081,2025-06-13,1,Wrong Item,1390.65
4453,54337,111153,2025-12-04,2,Size Issue,23666.84
4454,54385,111248,2025-02-23,1,Damaged,80782.95
4455,54386,111253,2025-06-01,1,Size Issue,95119.13
4456,54387,111257,2025-08-20,3,Not as Expected,23710.1
4457,54393,111270,2025-11-24,1,Wrong Item,6526.24
4458,54405,111296,2025-09-17,1,Wrong Item,15415.78
4459,54444,111385,2025-10-28,1,Not as Expected,11762.0
4460,54478,111447,2025-03-26,1,Size Issue,13134.97
4461,54492,111469,2025-06-05,1,Not as Expected,7799.87
4462,54522,111540,2025-04-11,1,Size Issue,72285.44
4463,54537,111572,2025-12-12,1,Not as Expected,7676.27
4464,54544,111588,2025-06-14,1,Wrong Item,4691.32
4465,54550,111601,2025-06-04,1,Size Issue,20653.67
4466,54565,111638,2025-12-24,1,Wrong Item,7974.58
4467,54567,111642,2025-11-21,1,Not as Expected,60023.72
4468,54612,111735,2025-04-11,1,Damaged,4022.48
4469,54620,111749,2025-05-01,1,Not as Expected,5495.78
4470,54628,111761,2025-08-02,1,Damaged,23534.07
4471,54631,111767,2025-10-29,1,Size Issue,11683.13
4472,54643,111791,2025-07-06,2,Not as Expected,31116.02
4473,54644,111793,2025-09-14,1,Changed Mind,16342.34
4474,54649,111804,2025-08-14,1,Changed Mind,76531.21
4475,54711,111923,2025-03-31,1,Changed Mind,2013.34
4476,54720,111942,2025-05-13,1,Size Issue,1796.24
4477,54724,111953,2025-11-06,1,Changed Mind,5361.84
4478,54748,111987,2025-04-16,1,Size Issue,3345.49
4479,54771,112040,2025-10-23,1,Changed Mind,1073.23
4480,54778,112051,2025-05-03,1,Not as Expected,3422.34
4481,54786,112066,2025-04-21,2,Wrong Item,19781.28
4482,54788,112076,2025-05-05,1,Size Issue,5820.38
4483,54811,112116,2025-07-05,1,Not as Expected,5947.38
4484,54825,112145,2025-01-23,1,Changed Mind,2617.28
4485,54862,112222,2025-10-18,1,Not as Expected,22745.66
4486,54878,112258,2025-01-21,1,Wrong Item,65630.36
4487,54923,112334,2025-10-10,2,Changed Mind,6464.42
4488,54925,112338,2025-06-16,1,Wrong Item,18425.99
4489,54932,112352,2025-02-08,1,Not as Expected,1787.07
4490,54942,112374,2025-02-26,2,Size Issue,46470.76
4491,54969,112433,2025-12-12,2,Not as Expected,22172.74
4492,55011,112513,2025-12-21,1,Size Issue,4646.65
4493,55012,112517,2025-09-15,2,Changed Mind,18395.6
4494,55036,112564,2025-09-11,1,Changed Mind,9707.0
4495,55038,112571,2025-12-31,1,Not as Expected,61476.94
4496,55061,112613,2025-07-20,1,Damaged,87611.08
4497,55067,112628,2025-11-08,1,Wrong Item,14549.56
4498,55074,112638,2025-09-12,2,Wrong Item,120047.44
4499,55079,112647,2025-07-23,1,Changed Mind,3697.26
4500,55082,112657,2025-12-14,1,Damaged,53425.19
4501,55111,112719,2025-12-07,1,Wrong Item,10767.49
4502,55126,112753,2025-10-12,1,Wrong Item,3422.34
4503,55144,112788,2025-03-27,1,Not as Expected,2786.99
4504,55149,112797,2025-04-16,1,Wrong Item,6614.42
4505,55163,112825,2025-03-18,2,Size Issue,149831.12
4506,55165,112831,2025-04-30,1,Not as Expected,2116.62
4507,55168,112836,2025-01-11,1,Changed Mind,13092.9
4508,55205,112899,2025-11-16,1,Wrong Item,16850.66
4509,55219,112934,2025-12-22,1,Changed Mind,6130.0
4510,55247,112991,2025-05-20,1,Damaged,65029.29
4511,55260,113018,2025-04-24,2,Changed Mind,26292.24
4512,55281,113058,2025-02-18,1,Wrong Item,2288.1
4513,55295,113085,2025-10-16,1,Wrong Item,5797.15
4514,55299,113092,2025-03-29,1,Damaged,353.12
4515,55311,113120,2025-10-18,2,Size Issue,5421.93
4516,55317,113131,2025-10-06,1,Size Issue,2607.21
4517,55333,113155,2025-05-30,1,Size Issue,60023.72
4518,55336,113161,2025-11-25,2,Changed Mind,28783.23
4519,55339,113166,2025-07-28,1,Damaged,2408.53
4520,55347,113184,2025-01-13,1,Wrong Item,9197.8
4521,55365,113219,2025-06-20,1,Changed Mind,4756.46
4522,55373,113234,2025-07-01,2,Changed Mind,2284.15
4523,55382,113255,2025-05-04,1,Damaged,48082.67
4524,55382,113256,2025-04-18,1,Not as Expected,11728.56
4525,55393,113282,2025-03-10,1,Size Issue,13781.38
4526,55397,113294,2025-09-22,2,Damaged,11740.27
4527,55415,113330,2025-12-16,1,Damaged,13822.69
4528,55439,113373,2025-02-28,1,Not as Expected,19226.28
4529,55445,113386,2025-09-16,2,Damaged,14367.68
4530,55454,113406,2025-03-04,1,Wrong Item,19381.7
4531,55480,113454,2025-11-06,1,Damaged,17272.71
4532,55506,113511,2025-01-30,1,Wrong Item,4757.33
4533,55538,113580,2025-03-26,1,Wrong Item,28453.07
4534,55547,113598,2025-08-05,1,Changed Mind,16815.65
4535,55577,113652,2025-05-10,1,Not as Expected,51091.98
4536,55584,113674,2025-12-31,1,Not as Expected,49793.2
4537,55592,113688,2025-12-31,1,Not as Expected,441.4
4538,55613,113732,2025-04-06,3,Size Issue,9944.4
4539,55615,113736,2025-06-25,1,Size Issue,4005.21
4540,55634,113773,2025-12-06,1,Damaged,25369.03
4541,55635,113775,2025-11-29,1,Not as Expected,6414.79
4542,55662,113833,2025-09-22,1,Changed Mind,498.93
4543,55679,113873,2025-08-31,1,Size Issue,4081.0
4544,55679,113875,2025-08-16,1,Wrong Item,4209.05
4545,55681,113879,2025-12-31,1,Not as Expected,17065.25
4546,55717,113955,2025-04-14,1,Damaged,3733.16
4547,55721,113965,2025-05-01,1,Not as Expected,4218.92
4548,55724,113970,2025-05-22,1,Not as Expected,72384.01
4549,55744,114015,2025-03-03,1,Wrong Item,5113.66
4550,55754,114039,2025-10-14,1,Size Issue,462.42
4551,55756,114044,2025-10-14,1,Wrong Item,3345.49
4552,55784,114105,2025-10-23,1,Wrong Item,49181.55
4553,55795,114123,2025-05-24,1,Not as Expected,3482.78
4554,55814,114160,2025-12-25,1,Size Issue,34064.06
4555,55815,114162,2025-05-13,2,Not as Expected,36272.42
4556,55821,114173,2025-01-27,2,Not as Expected,18765.7
4557,55826,114188,2025-12-31,1,Changed Mind,39817.78
4558,55827,114189,2025-08-02,2,Damaged,5120.66
4559,55830,114200,2025-02-09,1,Damaged,4634.93
4560,55866,114264,2025-12-31,1,Not as Expected,6824.65
4561,55936,114403,2025-06-12,1,Changed Mind,29161.08
4562,55945,114418,2025-12-31,1,Wrong Item,12336.69
4563,55978,114485,2025-04-30,1,Size Issue,11070.12
4564,55987,114509,2025-12-31,1,Not as Expected,4494.63
4565,55994,114525,2025-12-07,2,Not as Expected,13334.78
4566,55995,114527,2025-11-29,1,Damaged,17890.34
4567,55997,114530,2025-07-01,1,Changed Mind,14789.39
4568,56025,114600,2025-09-22,2,Size Issue,13585.27
4569,56050,114647,2025-04-18,2,Changed Mind,161565.89
4570,56060,114663,2025-11-19,1,Wrong Item,3976.55
4571,56081,114712,2025-05-21,1,Damaged,1102.0
4572,56115,114782,2025-10-31,1,Damaged,5099.52
4573,56128,114811,2025-03-29,1,Size Issue,3283.25
4574,56140,114835,2025-12-31,1,Not as Expected,9197.8
4575,56143,114840,2025-01-22,1,Not as Expected,18996.71
4576,56155,114862,2025-07-05,1,Not as Expected,1977.36
4577,56158,114869,2025-12-30,4,Not as Expected,3908.24
4578,56167,114889,2025-08-03,1,Changed Mind,3802.6
4579,56178,114912,2025-05-18,1,Not as Expected,2288.1
4580,56180,114916,2025-11-18,1,Not as Expected,2562.62
4581,56198,114950,2025-05-07,3,Wrong Item,16085.52
4582,56207,114970,2025-12-26,1,Changed Mind,1561.45
4583,56208,114976,2025-09-07,1,Size Issue,3337.76
4584,56232,115022,2025-12-16,2,Damaged,7080.92
4585,56235,115027,2025-10-27,1,Damaged,3681.49
4586,56257,115070,2025-06-12,1,Wrong Item,3802.6
4587,56272,115097,2025-09-09,1,Not as Expected,2917.39
4588,56273,115102,2025-05-21,1,Damaged,17589.46
4589,56274,115105,2025-06-14,1,Size Issue,3799.01
4590,56285,115127,2025-12-31,1,Wrong Item,5723.14
4591,56320,115197,2025-06-12,1,Size Issue,7019.88
4592,56327,115209,2025-12-01,1,Size Issue,69276.49
4593,56328,115211,2025-05-27,1,Damaged,74299.68
4594,56364,115284,2025-10-11,1,Changed Mind,50753.93
4595,56368,115297,2025-07-25,1,Not as Expected,2546.81
4596,56389,115335,2025-07-13,2,Size Issue,11296.58
4597,56394,115343,2025-07-17,1,Changed Mind,70616.14
4598,56413,115383,2025-05-10,1,Not as Expected,63930.53
4599,56428,115417,2025-04-20,1,Not as Expected,51971.47
4600,56436,115433,2025-05-06,1,Damaged,4035.2
4601,56448,115459,2025-01-25,1,Changed Mind,5436.98
4602,56464,115498,2025-09-07,2,Wrong Item,32730.79
4603,56478,115526,2025-08-06,3,Size Issue,21826.41
4604,56495,115554,2025-06-03,1,Size Issue,5945.57
4605,56503,115565,2025-04-12,1,Size Issue,5227.21
4606,56515,115582,2025-08-16,1,Not as Expected,16363.62
4607,56534,115622,2025-11-08,1,Not as Expected,5487.86
4608,56541,115633,2025-11-24,2,Not as Expected,6451.01
4609,56551,115660,2025-05-05,1,Damaged,45185.81
4610,56573,115698,2025-02-15,1,Size Issue,2269.19
4611,56582,115714,2025-10-17,1,Not as Expected,23235.38
4612,56604,115762,2025-10-25,1,Not as Expected,5273.65
4613,56611,115776,2025-08-27,1,Damaged,23458.19
4614,56659,115863,2025-11-07,1,Changed Mind,21063.32
4615,56673,115888,2025-12-31,1,Not as Expected,11619.22
4616,56691,115925,2025-05-15,1,Changed Mind,5723.14
4617,56692,115929,2025-05-26,1,Size Issue,17017.18
4618,56723,115984,2025-03-04,1,Size Issue,9383.86
4619,56725,115988,2025-10-20,1,Damaged,677.9
4620,56831,116208,2025-08-05,1,Damaged,22758.8
4621,56838,116219,2025-10-06,1,Changed Mind,3380.07
4622,56838,116221,2025-10-02,2,Wrong Item,10941.94
4623,56843,116230,2025-05-14,1,Wrong Item,6824.65
4624,56850,116246,2025-05-09,2,Damaged,90108.43
4625,56872,116291,2025-01-19,2,Not as Expected,10325.88
4626,56877,116300,2025-05-28,2,Changed Mind,122953.88
4627,56887,116323,2025-12-12,1,Changed Mind,4581.35
4628,56912,116370,2025-12-31,1,Not as Expected,2390.84
4629,56918,116383,2025-05-17,1,Changed Mind,14532.55
4630,56930,116405,2025-12-30,1,Damaged,4746.86
4631,57000,116554,2025-11-05,1,Changed Mind,15730.72
4632,57008,116578,2025-05-05,1,Not as Expected,6242.89
4633,57039,116638,2025-04-07,1,Changed Mind,28453.07
4634,57042,116646,2025-02-05,1,Changed Mind,3765.13
4635,57057,116676,2025-02-15,1,Not as Expected,1884.8
4636,57060,116684,2025-06-25,1,Damaged,11365.69
4637,57064,116692,2025-05-04,1,Size Issue,1837.0
4638,57074,116704,2025-07-26,1,Size Issue,5433.27
4639,57078,116718,2025-12-17,1,Size Issue,9747.05
4640,57086,116732,2025-10-24,1,Not as Expected,11438.37
4641,57089,116741,2025-10-23,1,Changed Mind,18181.8
4642,57123,116812,2025-01-19,1,Size Issue,7591.85
4643,57127,116822,2025-12-31,1,Size Issue,68845.5
4644,57133,116834,2025-12-31,1,Damaged,5638.38
4645,57163,116905,2025-05-07,1,Not as Expected,11961.19
4646,57179,116934,2025-12-31,1,Damaged,5532.21
4647,57206,116985,2025-12-31,1,Not as Expected,18684.96
4648,57211,117001,2025-02-12,1,Wrong Item,71974.95
4649,57226,117029,2025-12-31,1,Damaged,26775.06
4650,57252,117077,2025-12-12,1,Not as Expected,18206.26
4651,57273,117120,2025-11-07,1,Changed Mind,16432.65
4652,57278,117132,2025-12-31,1,Damaged,8384.42
4653,57294,117164,2025-03-29,1,Not as Expected,5968.89
4654,57295,117165,2025-09-04,1,Wrong Item,2248.83
4655,57306,117194,2025-11-27,1,Damaged,4746.86
4656,57328,117245,2025-04-02,1,Changed Mind,2865.16
4657,57332,117251,2025-07-08,2,Not as Expected,28313.95
4658,57338,117262,2025-03-02,1,Not as Expected,4130.35
4659,57354,117297,2025-07-27,1,Changed Mind,3176.51
4660,57360,117306,2025-12-31,1,Damaged,8635.81
4661,57363,117312,2025-10-12,3,Wrong Item,13939.94
4662,57364,117317,2025-09-19,1,Wrong Item,10496.12
4663,57371,117329,2025-02-19,1,Wrong Item,8645.43
4664,57378,117347,2025-12-31,1,Damaged,11438.37
4665,57392,117379,2025-02-01,1,Changed Mind,52255.4
4666,57405,117403,2025-08-01,1,Changed Mind,3987.62
4667,57406,117405,2025-12-31,1,Changed Mind,28014.89
4668,57418,117426,2025-04-28,1,Changed Mind,21047.46
4669,57424,117441,2025-09-28,1,Changed Mind,85368.35
4670,57438,117472,2025-03-14,1,Damaged,6313.12
4671,57458,117505,2025-09-06,1,Wrong Item,72726.66
4672,57472,117526,2025-07-20,1,Changed Mind,6741.66
4673,57487,117557,2025-04-03,1,Not as Expected,2699.28
4674,57518,117610,2025-05-24,1,Wrong Item,37543.42
4675,57531,117636,2025-11-03,2,Damaged,8741.9
4676,57536,117649,2025-08-14,1,Not as Expected,16414.44
4677,57538,117652,2025-12-17,1,Not as Expected,5008.32
4678,57552,117683,2025-02-08,2,Size Issue,23366.26
4679,57560,117703,2025-11-21,1,Wrong Item,5747.07
4680,57565,117716,2025-12-23,1,Size Issue,3368.8
4681,57565,117719,2025-12-21,1,Wrong Item,5186.92
4682,57584,117765,2025-10-23,1,Damaged,14684.94
4683,57588,117777,2025-12-19,1,Changed Mind,95119.13
4684,57593,117786,2025-04-04,1,Size Issue,5287.8
4685,57604,117809,2025-01-17,2,Size Issue,18560.75
4686,57609,117821,2025-12-27,1,Wrong Item,1251.01
4687,57625,117849,2025-05-15,1,Changed Mind,23328.86
4688,57649,117897,2025-11-10,1,Changed Mind,9877.75
4689,57651,117902,2025-02-26,1,Damaged,84250.43
4690,57671,117935,2025-12-31,1,Size Issue,21056.8
4691,57676,117945,2025-05-28,1,Not as Expected,3483.74
4692,57690,117975,2025-08-03,2,Size Issue,20121.58
4693,57691,117978,2025-01-08,1,Changed Mind,30388.87
4694,57704,118008,2025-06-10,1,Not as Expected,3343.7
4695,57705,118010,2025-11-27,1,Size Issue,2306.36
4696,57715,118037,2025-09-03,1,Changed Mind,4043.48
4697,57723,118048,2025-04-04,2,Wrong Item,24267.5
4698,57724,118049,2025-02-11,1,Changed Mind,1697.72
4699,57739,118072,2025-12-31,1,Changed Mind,8213.16
4700,57740,118075,2025-05-01,2,Changed Mind,4026.67
4701,57748,118095,2025-09-24,1,Damaged,10555.7
4702,57769,118136,2025-08-09,1,Not as Expected,16473.19
4703,57793,118181,2025-07-18,2,Wrong Item,22758.94
4704,57803,118201,2025-10-28,1,Damaged,3319.36
4705,57806,118208,2025-08-27,1,Not as Expected,71169.78
4706,57809,118213,2025-02-11,1,Not as Expected,3649.31
4707,57813,118222,2025-02-06,2,Changed Mind,6305.22
4708,57819,118229,2025-08-01,2,Changed Mind,739.87
4709,57819,118231,2025-08-18,1,Damaged,58338.1
4710,57834,118260,2025-10-12,1,Size Issue,4613.78
4711,57837,118265,2025-08-08,1,Changed Mind,16166.32
4712,57839,118267,2025-02-10,1,Damaged,2167.68
4713,57882,118349,2025-07-13,1,Damaged,14464.6
4714,57908,118402,2025-11-28,1,Size Issue,18386.81
4715,57915,118417,2025-12-05,2,Not as Expected,113537.74
4716,57947,118474,2025-07-21,2,Changed Mind,38907.08
4717,57949,118481,2025-01-09,3,Size Issue,13539.24
4718,57950,118482,2025-07-24,1,Changed Mind,8406.61
4719,57954,118492,2025-09-08,1,Damaged,3929.29
4720,57993,118590,2025-06-06,1,Damaged,15930.61
4721,57993,118592,2025-06-08,1,Changed Mind,2986.53
4722,58010,118620,2025-10-11,1,Damaged,7521.7
4723,58016,118631,2025-02-03,1,Damaged,2002.89
4724,58019,118636,2025-12-04,1,Damaged,2050.1
4725,58023,118650,2025-03-11,2,Wrong Item,10726.34
4726,58034,118676,2025-04-27,1,Damaged,7216.89
4727,58043,118694,2025-08-08,1,Changed Mind,1385.69
4728,58075,118764,2025-09-04,1,Changed Mind,4313.95
4729,58083,118787,2025-12-02,1,Wrong Item,4445.38
4730,58102,118827,2025-12-31,1,Wrong Item,12342.42
4731,58105,118837,2025-07-24,1,Changed Mind,35616.85
4732,58121,118871,2025-12-02,2,Damaged,28437.9
4733,58125,118877,2025-07-10,1,Wrong Item,10720.13
4734,58128,118882,2025-06-16,1,Changed Mind,74915.56
4735,58129,118885,2025-08-18,1,Damaged,6526.24
4736,58132,118893,2025-02-27,1,Not as Expected,56301.02
4737,58133,118894,2025-03-09,1,Damaged,3797.84
4738,58135,118898,2025-09-03,1,Changed Mind,17504.69
4739,58151,118931,2025-05-07,1,Size Issue,10928.94
4740,58173,118973,2025-06-03,1,Size Issue,9630.88
4741,58203,119029,2025-04-13,2,Size Issue,24258.84
4742,58210,119046,2025-11-20,1,Wrong Item,10294.53
4743,58212,119053,2025-08-05,1,Not as Expected,6571.46
4744,58219,119069,2025-07-23,1,Changed Mind,48082.67
4745,58228,119088,2025-12-05,1,Wrong Item,801.78
4746,58265,119169,2025-04-23,1,Changed Mind,65539.28
4747,58280,119200,2025-06-19,1,Wrong Item,59932.45
4748,58287,119214,2025-11-21,1,Damaged,85034.68
4749,58296,119230,2025-08-06,1,Damaged,13822.69
4750,58297,119233,2025-11-18,1,Damaged,12531.84
4751,58333,119303,2025-12-06,1,Wrong Item,25817.09
4752,58336,119311,2025-02-20,1,Wrong Item,64208.89
4753,58374,119384,2025-09-20,3,Damaged,19133.55
4754,58382,119401,2025-11-13,1,Not as Expected,1122.65
4755,58400,119429,2025-07-12,1,Not as Expected,17276.4
4756,58408,119448,2025-01-28,2,Damaged,111634.56
4757,58414,119457,2025-03-01,1,Not as Expected,6708.8
4758,58442,119513,2025-03-01,1,Changed Mind,7047.27
4759,58448,119522,2025-10-02,1,Changed Mind,1015.61
4760,58452,119530,2025-07-31,1,Size Issue,63678.23
4761,58457,119540,2025-11-29,1,Size Issue,8035.03
4762,58460,119547,2025-05-22,1,Wrong Item,47843.8
4763,58462,119551,2025-12-04,2,Not as Expected,115588.63
4764,58485,119595,2025-08-20,1,Wrong Item,5333.91
4765,58528,119674,2025-08-25,1,Damaged,49084.17
4766,58531,119680,2025-09-09,1,Changed Mind,12479.06
4767,58535,119687,2025-06-17,1,Size Issue,12664.79
4768,58539,119698,2025-12-31,1,Wrong Item,13967.75
4769,58550,119725,2025-10-08,1,Size Issue,10110.6
4770,58556,119738,2025-07-16,1,Not as Expected,7087.97
4771,58559,119745,2025-07-13,1,Damaged,11751.56
4772,58563,119753,2025-09-11,1,Size Issue,2516.67
4773,58567,119765,2025-10-02,1,Size Issue,80782.95
4774,58567,119766,2025-10-22,2,Wrong Item,48195.11
4775,58568,119768,2025-08-17,2,Changed Mind,4530.01
4776,58579,119792,2025-12-05,1,Not as Expected,59305.86
4777,58580,119796,2025-08-31,1,Changed Mind,13342.58
4778,58595,119839,2025-08-23,1,Not as Expected,15978.2
4779,58608,119862,2025-08-12,1,Size Issue,978.07
4780,58626,119907,2025-02-26,1,Size Issue,6824.65
4781,58630,119913,2025-02-15,1,Wrong Item,53930.43
4782,58631,119915,2025-03-13,1,Not as Expected,47849.8
4783,58657,119961,2025-05-22,1,Damaged,13191.41
4784,58671,119994,2025-03-06,1,Size Issue,3067.25
4785,58671,119995,2025-03-03,2,Changed Mind,20959.28
4786,58671,119996,2025-03-01,1,Changed Mind,72922.62
4787,58675,120002,2025-08-08,1,Damaged,10555.7
4788,58684,120024,2025-06-29,1,Not as Expected,8796.48
4789,58687,120030,2025-11-08,1,Damaged,17797.12
4790,58708,120071,2025-11-29,1,Not as Expected,9225.35
4791,58722,120095,2025-09-28,1,Changed Mind,18165.69
4792,58727,120108,2025-12-03,1,Changed Mind,2568.29
4793,58737,120129,2025-12-24,1,Not as Expected,13741.34
4794,58750,120162,2025-11-17,1,Changed Mind,4445.38
4795,58771,120210,2025-01-15,1,Damaged,5611.66
4796,58783,120236,2025-12-04,1,Size Issue,4000.84
4797,58788,120247,2025-12-30,1,Changed Mind,14721.46
4798,58812,120304,2025-05-23,1,Damaged,20937.79
4799,58837,120349,2025-12-01,1,Changed Mind,12479.06
4800,58853,120385,2025-12-17,1,Changed Mind,3482.78
4801,58881,120446,2025-06-19,1,Damaged,5421.17
4802,58887,120459,2025-08-15,1,Changed Mind,2166.24
4803,58897,120477,2025-07-02,1,Wrong Item,4223.11
4804,58911,120506,2025-11-15,1,Wrong Item,22745.66
4805,58930,120538,2025-10-23,1,Wrong Item,22334.76
4806,58937,120551,2025-05-06,1,Size Issue,12086.37
4807,58942,120558,2025-11-13,2,Damaged,7605.2
4808,58942,120559,2025-11-02,1,Damaged,6906.04
4809,58957,120588,2025-01-21,1,Size Issue,20012.77
4810,58959,120595,2025-12-27,1,Not as Expected,3560.99
4811,58968,120607,2025-11-19,1,Changed Mind,6667.39
4812,58976,120622,2025-10-21,1,Size Issue,10881.96
4813,58977,120628,2025-11-02,1,Size Issue,3162.18
4814,58997,120667,2025-02-07,1,Wrong Item,9122.1
4815,59010,120698,2025-09-28,1,Damaged,90363.17
4816,59033,120751,2025-08-01,2,Not as Expected,145845.24
4817,59046,120776,2025-08-29,1,Size Issue,24526.24
4818,59059,120803,2025-12-31,1,Wrong Item,3422.34
4819,59062,120807,2025-02-09,1,Damaged,6345.09
4820,59063,120812,2025-07-20,1,Not as Expected,11963.88
4821,59065,120818,2025-07-11,1,Damaged,10720.13
4822,59066,120820,2025-12-29,1,Changed Mind,5333.91
4823,59066,120821,2025-12-17,1,Wrong Item,462.42
4824,59067,120822,2025-08-26,1,Wrong Item,75763.11
4825,59067,120825,2025-08-08,2,Wrong Item,145845.24
4826,59088,120867,2025-11-14,1,Not as Expected,1745.15
4827,59102,120893,2025-12-23,3,Wrong Item,4618.95
4828,59120,120927,2025-05-09,1,Not as Expected,1308.7
4829,59120,120928,2025-04-30,1,Changed Mind,3178.22
4830,59126,120940,2025-07-27,1,Not as Expected,5188.55
4831,59131,120952,2025-07-06,1,Not as Expected,57201.0
4832,59135,120957,2025-02-01,1,Changed Mind,11751.56
4833,59144,120975,2025-05-27,2,Changed Mind,28749.4
4834,59150,120989,2025-02-13,2,Size Issue,5120.66
4835,59164,121017,2025-01-31,2,Changed Mind,12784.16
4836,59169,121029,2025-09-08,1,Size Issue,3830.29
4837,59213,121109,2025-12-20,1,Not as Expected,9648.12
4838,59214,121110,2025-03-05,1,Size Issue,3345.49
4839,59238,121168,2025-02-22,1,Size Issue,11872.27
4840,59257,121201,2025-12-08,1,Damaged,4813.27
4841,59275,121234,2025-12-16,1,Not as Expected,20883.19
4842,59305,121289,2025-12-27,1,Size Issue,76095.3
4843,59329,121338,2025-12-05,1,Wrong Item,9248.06
4844,59365,121415,2025-12-31,1,Damaged,13414.84
4845,59419,121516,2025-12-10,1,Size Issue,5113.66
4846,59427,121531,2025-04-21,1,Changed Mind,74915.56
4847,59445,121569,2025-03-29,1,Not as Expected,11142.13
4848,59449,121576,2025-09-14,1,Damaged,6707.54
4849,59464,121608,2025-06-16,1,Not as Expected,2285.18
4850,59478,121638,2025-02-23,1,Size Issue,2139.17
4851,59490,121661,2025-04-23,2,Not as Expected,28749.4
4852,59495,121671,2025-06-29,1,Not as Expected,8685.01
4853,59500,121682,2025-04-28,1,Size Issue,24083.64
4854,59529,121743,2025-11-23,1,Changed Mind,4756.86
4855,59531,121746,2025-05-22,1,Damaged,4079.35
4856,59538,121761,2025-05-05,1,Damaged,10310.01
4857,59545,121774,2025-11-28,2,Wrong Item,61451.59
4858,59547,121777,2025-09-03,1,Size Issue,40158.19
4859,59553,121789,2025-11-05,1,Changed Mind,8697.45
4860,59579,121847,2025-01-07,1,Not as Expected,58338.1
4861,59615,121920,2025-04-04,1,Wrong Item,7554.86
4862,59616,121921,2025-09-11,2,Wrong Item,11404.96
4863,59636,121960,2025-10-25,1,Wrong Item,33267.68
4864,59641,121973,2025-04-27,1,Wrong Item,8252.2
4865,59648,121987,2025-09-09,1,Damaged,1109.22
4866,59655,122001,2025-09-11,1,Size Issue,21982.31
4867,59664,122016,2025-12-31,1,Wrong Item,26641.66
4868,59686,122068,2025-09-16,1,Damaged,7521.7
4869,59701,122096,2025-07-27,1,Not as Expected,14279.62
4870,59706,122114,2025-12-08,1,Size Issue,13191.41
4871,59723,122151,2025-08-03,1,Not as Expected,54858.78
4872,59724,122153,2025-05-15,1,Wrong Item,2282.92
4873,59735,122172,2025-03-18,1,Size Issue,5351.01
4874,59745,122192,2025-10-08,1,Wrong Item,3183.51
4875,59777,122260,2025-10-25,2,Size Issue,11404.96
4876,59781,122272,2025-06-08,2,Size Issue,8063.76
4877,59784,122276,2025-12-07,1,Wrong Item,7451.65
4878,59812,122334,2025-07-01,1,Wrong Item,2687.85
4879,59813,122338,2025-04-15,1,Size Issue,19226.28
4880,59813,122340,2025-03-22,1,Wrong Item,72922.62
4881,59841,122394,2025-05-18,1,Size Issue,85560.78
4882,59845,122404,2025-02-13,2,Wrong Item,10150.46
4883,59929,122553,2025-02-15,1,Size Issue,7623.36
4884,59932,122560,2025-12-03,1,Changed Mind,42714.9
4885,59942,122584,2025-03-12,2,Wrong Item,170069.36
4886,59944,122589,2025-12-02,1,Size Issue,11822.28
4887,59945,122590,2025-05-29,1,Changed Mind,74933.91
4888,59947,122594,2025-08-09,1,Size Issue,14686.61
4889,59947,122595,2025-08-31,1,Not as Expected,2562.62
4890,59961,122623,2025-11-11,1,Damaged,10720.13
4891,59972,122646,2025-07-26,1,Wrong Item,4294.05
4892,59972,122647,2025-08-10,1,Changed Mind,10916.48
4893,60029,122751,2025-12-31,1,Size Issue,58543.96
4894,60054,122801,2025-06-17,2,Wrong Item,7605.2
4895,60077,122851,2025-09-29,2,Changed Mind,750.38
4896,60082,122861,2025-12-31,1,Changed Mind,5532.21
4897,60096,122894,2025-09-21,1,Damaged,18165.69
4898,60097,122899,2025-09-01,1,Changed Mind,13370.14
4899,60102,122911,2025-05-22,1,Wrong Item,830.5
4900,60112,122929,2025-02-12,1,Wrong Item,8590.44
4901,60117,122938,2025-12-11,1,Damaged,11751.56
4902,60152,123002,2025-11-29,1,Damaged,9383.86
4903,60220,123138,2025-11-03,1,Changed Mind,4370.95
4904,60222,123142,2025-06-28,1,Damaged,52255.4
4905,60236,123173,2025-07-23,1,Changed Mind,1745.15
4906,60238,123178,2025-05-24,1,Changed Mind,77004.7
4907,60239,123179,2025-03-08,1,Damaged,14160.54
4908,60243,123185,2025-04-17,2,Not as Expected,13095.85
4909,60255,123209,2025-04-16,1,Changed Mind,85034.68
4910,60282,123266,2025-04-06,1,Not as Expected,13920.61
4911,60282,123267,2025-04-04,2,Damaged,1996.6
4912,60299,123302,2025-12-31,1,Damaged,13414.84
4913,60307,123318,2025-04-16,1,Damaged,2002.89
4914,60309,123325,2025-12-27,1,Damaged,29263.11
4915,60315,123335,2025-03-09,1,Not as Expected,28353.62
4916,60340,123387,2025-12-13,1,Not as Expected,72563.1
4917,60342,123395,2025-05-22,2,Not as Expected,12064.43
4918,60404,123512,2025-11-24,1,Changed Mind,32517.22
4919,60407,123516,2025-12-31,2,Changed Mind,35171.7
4920,60412,123525,2025-12-31,1,Wrong Item,12326.1
4921,60414,123528,2025-07-10,1,Wrong Item,9854.55
4922,60420,123539,2025-05-26,1,Wrong Item,7760.28
4923,60426,123547,2025-01-17,1,Damaged,14902.79
4924,60435,123558,2025-05-21,1,Not as Expected,5438.84
4925,60446,123581,2025-06-29,2,Size Issue,7926.58
4926,60450,123587,2025-11-26,2,Wrong Item,35095.87
4927,60454,123592,2025-05-16,1,Size Issue,6602.36
4928,60456,123596,2025-12-31,1,Wrong Item,16414.44
4929,60463,123611,2025-02-21,1,Not as Expected,26748.99
4930,60465,123614,2025-07-31,2,Wrong Item,30630.66
4931,60486,123647,2025-11-24,1,Not as Expected,20883.19
4932,60494,123663,2025-07-18,1,Changed Mind,9788.47
4933,60507,123688,2025-06-16,1,Damaged,658.24
4934,60521,123713,2025-02-06,2,Damaged,15462.13
4935,60538,123748,2025-12-09,1,Wrong Item,1263.29
4936,60539,123749,2025-08-02,1,Not as Expected,16363.62
4937,60540,123750,2025-11-18,1,Wrong Item,15440.84
4938,60541,123751,2025-05-05,1,Changed Mind,1908.8
4939,60541,123752,2025-05-08,1,Damaged,8968.66
4940,60550,123767,2025-12-04,2,Size Issue,60777.74
4941,60555,123778,2025-11-28,1,Wrong Item,11796.94
4942,60567,123799,2025-05-25,1,Size Issue,5390.24
4943,60579,123827,2025-10-09,1,Damaged,64526.26
4944,60583,123836,2025-07-30,1,Not as Expected,3183.51
4945,60603,123871,2025-08-28,1,Size Issue,6571.46
4946,60622,123924,2025-04-28,1,Wrong Item,12273.98
4947,60626,123929,2025-09-04,1,Changed Mind,2890.19
4948,60627,123930,2025-07-12,1,Changed Mind,24526.24
4949,60632,123940,2025-03-16,1,Size Issue,15889.83
4950,60637,123951,2025-11-18,1,Wrong Item,7832.46
4951,60643,123967,2025-12-17,1,Size Issue,5945.57
4952,60644,123969,2025-04-05,1,Damaged,65693.55
4953,60649,123982,2025-09-02,1,Not as Expected,13967.75
4954,60658,123999,2025-02-24,1,Damaged,73157.95
4955,60672,124027,2025-01-09,1,Size Issue,8594.01
4956,60675,124033,2025-10-23,1,Not as Expected,79905.14
4957,60678,124040,2025-02-17,3,Not as Expected,7172.51
4958,60680,124044,2025-06-23,2,Size Issue,136055.49
4959,60681,124047,2025-05-22,1,Damaged,9346.5
4960,60701,124088,2025-02-16,2,Size Issue,2146.46
4961,60705,124099,2025-07-30,1,Size Issue,15475.32
4962,60740,124178,2025-02-04,1,Not as Expected,37348.64
4963,60758,124217,2025-02-15,1,Not as Expected,11963.88
4964,60766,124233,2025-08-28,1,Not as Expected,25124.85
4965,60776,124253,2025-08-13,1,Damaged,14545.44
4966,60780,124263,2025-07-16,2,Size Issue,56740.62
4967,60795,124296,2025-12-25,2,Damaged,134590.58
4968,60806,124322,2025-01-17,2,Not as Expected,146359.9
4969,60822,124358,2025-12-12,1,Size Issue,978.07
4970,60851,124408,2025-09-26,1,Changed Mind,2689.14
4971,60853,124413,2025-06-07,1,Changed Mind,53425.19
4972,60855,124416,2025-02-24,2,Changed Mind,64865.56
4973,60880,124466,2025-02-18,1,Damaged,11963.88
4974,60884,124474,2025-04-16,1,Damaged,17257.41
4975,60893,124494,2025-05-15,1,Not as Expected,47896.11
4976,60898,124504,2025-12-07,1,Not as Expected,12371.39
4977,60929,124569,2025-03-29,2,Wrong Item,6353.03
4978,60936,124584,2025-09-15,1,Changed Mind,9836.05
4979,60940,124592,2025-10-11,3,Wrong Item,20694.07
4980,60940,124594,2025-10-03,1,Wrong Item,3546.68
4981,60944,124601,2025-04-10,1,Changed Mind,4256.14
4982,60948,124610,2025-08-14,1,Changed Mind,20884.39
4983,60963,124640,2025-10-21,1,Damaged,4445.38
4984,60968,124648,2025-07-27,1,Changed Mind,10379.87
4985,60985,124685,2025-10-08,1,Wrong Item,2047.25
4986,61000,124715,2025-12-06,1,Changed Mind,20653.67
4987,61015,124748,2025-08-14,1,Changed Mind,4622.7
4988,61027,124768,2025-12-31,1,Size Issue,37595.57
4989,61028,124771,2025-04-08,1,Not as Expected,85560.78
4990,61038,124791,2025-04-29,3,Wrong Item,22642.11
4991,61047,124809,2025-09-17,1,Wrong Item,72922.62
4992,61066,124839,2025-10-10,3,Not as Expected,167451.84
4993,61068,124846,2025-12-31,1,Size Issue,56492.91
4994,61069,124847,2025-05-04,1,Damaged,4090.54
4995,61079,124863,2025-12-31,1,Wrong Item,27753.65
4996,61100,124908,2025-06-28,1,Size Issue,3067.31
4997,61100,124909,2025-06-25,1,Wrong Item,4867.69
4998,61109,124932,2025-10-13,3,Damaged,210266.59
4999,61117,124953,2025-02-10,1,Size Issue,18425.99
5000,61124,124969,2025-08-31,1,Not as Expected,2567.87
5001,61145,125019,2025-07-24,1,Changed Mind,1669.12
5002,61156,125036,2025-11-08,1,Wrong Item,1647.41
5003,61163,125050,2025-04-18,1,Wrong Item,24097.55
5004,61163,125051,2025-04-26,2,Size Issue,89165.61
5005,61165,125055,2025-10-28,1,Changed Mind,21063.32
5006,61169,125060,2025-10-11,1,Not as Expected,18491.06
5007,61174,125071,2025-04-15,1,Changed Mind,8622.53
5008,61194,125104,2025-06-05,3,Changed Mind,13091.38
5009,61202,125122,2025-12-31,1,Changed Mind,5487.86
5010,61205,125128,2025-02-25,1,Damaged,13191.41
5011,61216,125151,2025-09-20,1,Changed Mind,28685.53
5012,61232,125180,2025-12-30,1,Wrong Item,2786.99
5013,61277,125274,2025-03-10,1,Not as Expected,46929.27
5014,61278,125275,2025-09-08,1,Wrong Item,4795.15
5015,61279,125277,2025-01-25,1,Changed Mind,47896.11
5016,61285,125290,2025-12-16,1,Changed Mind,4130.35
5017,61286,125293,2025-06-01,2,Damaged,4565.84
5018,61291,125307,2025-11-04,1,Not as Expected,7521.7
5019,61306,125339,2025-11-17,1,Not as Expected,6838.71
5020,61309,125345,2025-11-14,1,Damaged,48668.9
5021,61356,125446,2025-02-24,1,Not as Expected,49084.17
5022,61369,125478,2025-12-31,1,Changed Mind,23309.52
5023,61416,125574,2025-08-03,1,Changed Mind,81159.48
5024,61426,125592,2025-11-22,1,Not as Expected,31746.34
5025,61429,125599,2025-10-30,1,Damaged,3232.21
5026,61460,125662,2025-09-25,2,Changed Mind,10734.08
5027,61472,125685,2025-05-01,1,Not as Expected,3929.29
5028,61517,125769,2025-12-16,1,Damaged,4581.35
5029,61532,125805,2025-12-08,2,Not as Expected,122953.88
5030,61535,125811,2025-08-22,2,Not as Expected,91596.43
5031,61549,125844,2025-08-17,1,Size Issue,7174.93
5032,61568,125881,2025-09-12,1,Size Issue,1539.65
5033,61595,125938,2025-06-08,1,Not as Expected,5733.73
5034,61602,125952,2025-05-04,1,Not as Expected,3483.74
5035,61609,125963,2025-12-31,1,Size Issue,6916.34
5036,61620,125984,2025-11-24,1,Size Issue,57828.35
5037,61640,126019,2025-07-08,1,Not as Expected,10497.15
5038,61646,126027,2025-10-29,1,Changed Mind,56768.87
5039,61669,126067,2025-11-13,1,Changed Mind,2178.23
5040,61682,126087,2025-06-03,1,Changed Mind,1336.74
5041,61742,126219,2025-08-26,1,Changed Mind,3368.8
5042,61747,126230,2025-03-13,1,Wrong Item,53425.19
5043,61769,126274,2025-11-05,1,Wrong Item,76095.3
5044,61777,126295,2025-06-26,1,Damaged,16678.22
5045,61781,126299,2025-03-07,1,Wrong Item,7623.36
5046,61784,126307,2025-10-10,2,Damaged,122953.88
5047,61793,126324,2025-12-28,1,Changed Mind,4090.54
5048,61805,126351,2025-11-25,1,Changed Mind,20917.97
5049,61808,126355,2025-01-18,1,Changed Mind,10916.48
5050,61810,126359,2025-11-07,1,Damaged,23776.88
5051,61831,126402,2025-12-06,1,Changed Mind,1680.19
5052,61836,126415,2025-10-01,1,Wrong Item,67424.0
5053,61863,126467,2025-05-25,1,Wrong Item,7349.36
5054,61864,126469,2025-11-25,1,Wrong Item,3319.36
5055,61892,126523,2025-05-19,1,Wrong Item,26759.6
5056,61899,126546,2025-10-01,1,Not as Expected,70160.77
5057,61900,126547,2025-04-09,1,Size Issue,14686.61
5058,61903,126554,2025-05-17,1,Damaged,2408.53
5059,61909,126568,2025-02-03,1,Changed Mind,2568.29
5060,61954,126653,2025-07-18,1,Size Issue,19226.28
5061,61957,126658,2025-08-13,2,Wrong Item,14367.68
5062,61962,126664,2025-10-15,1,Changed Mind,11086.37
5063,61969,126680,2025-02-19,2,Size Issue,7257.38
5064,61976,126696,2025-05-08,1,Size Issue,10556.03
5065,62009,126769,2025-11-26,1,Damaged,80851.26
5066,62026,126795,2025-12-31,1,Not as Expected,61984.23
5067,62030,126804,2025-08-25,2,Damaged,68128.13
5068,62046,126836,2025-12-24,1,Wrong Item,73422.2
5069,62063,126870,2025-02-23,1,Damaged,68796.64
5070,62065,126875,2025-08-09,1,Damaged,4172.2
5071,62082,126911,2025-08-22,1,Size Issue,21407.68
5072,62083,126913,2025-08-06,1,Damaged,4456.75
5073,62101,126953,2025-08-06,1,Wrong Item,3539.84
5074,62102,126955,2025-10-03,1,Not as Expected,3556.3
5075,62112,126980,2025-05-13,1,Damaged,8739.81
5076,62126,127009,2025-09-21,1,Wrong Item,4031.88
5077,62136,127028,2025-07-08,1,Damaged,17616.55
5078,62145,127047,2025-04-27,2,Size Issue,70037.22
5079,62181,127129,2025-09-03,1,Changed Mind,14951.04
5080,62182,127134,2025-07-28,1,Size Issue,54070.65
5081,62195,127164,2025-12-31,1,Changed Mind,20917.97
5082,62220,127218,2025-10-02,1,Wrong Item,76531.21
5083,62248,127272,2025-05-18,1,Damaged,19172.88
5084,62254,127284,2025-01-11,2,Not as Expected,10482.08
5085,62257,127294,2025-08-16,1,Size Issue,33613.78
5086,62268,127311,2025-12-31,1,Wrong Item,19818.17
5087,62327,127432,2025-09-30,1,Damaged,8889.29
5088,62343,127460,2025-03-24,1,Wrong Item,10288.56
5089,62356,127487,2025-12-18,1,Size Issue,2365.63
5090,62360,127498,2025-02-23,2,Size Issue,59170.06
5091,62384,127548,2025-10-22,1,Damaged,18647.62
5092,62403,127583,2025-12-31,1,Wrong Item,24133.16
5093,62408,127590,2025-12-18,1,Wrong Item,69557.88
5094,62445,127661,2025-04-27,1,Size Issue,18007.04
5095,62449,127671,2025-11-09,1,Size Issue,5742.86
5096,62463,127697,2025-05-29,1,Damaged,25369.03
5097,62465,127704,2025-03-02,1,Damaged,5966.08
5098,62470,127714,2025-07-08,1,Damaged,3162.18
5099,62481,127739,2025-11-23,1,Changed Mind,13947.19
5100,62482,127740,2025-06-05,1,Wrong Item,9988.83
5101,62487,127758,2025-11-30,1,Changed Mind,2282.92
5102,62517,127819,2025-03-08,1,Size Issue,4867.69
5103,62518,127821,2025-07-09,1,Wrong Item,782.46
5104,62522,127829,2025-12-31,1,Not as Expected,12850.1
5105,62540,127868,2025-06-28,2,Wrong Item,23366.26
5106,62545,127882,2025-02-22,1,Damaged,51971.47
5107,62570,127933,2025-07-19,4,Size Issue,15060.5
5108,62620,128027,2025-10-31,1,Wrong Item,20978.57
5109,62626,128038,2025-10-17,1,Size Issue,63678.23
5110,62631,128045,2025-08-20,1,Damaged,6714.65
5111,62634,128051,2025-12-31,1,Wrong Item,16558.65
5112,62636,128054,2025-12-10,1,Not as Expected,5945.57
5113,62681,128144,2025-07-21,1,Not as Expected,18165.69
5114,62711,128198,2025-04-02,1,Wrong Item,17226.73
5115,62717,128208,2025-12-31,1,Not as Expected,1762.49
5116,62732,128237,2025-06-06,1,Wrong Item,22758.8
5117,62737,128249,2025-11-19,1,Size Issue,1079.08
5118,62752,128281,2025-10-12,1,Wrong Item,8777.47
5119,62756,128287,2025-05-31,1,Not as Expected,4031.88
5120,62757,128290,2025-10-29,1,Damaged,12052.03
5121,62784,128346,2025-04-02,1,Changed Mind,14642.72
5122,62784,128347,2025-04-13,1,Wrong Item,29161.08
5123,62805,128391,2025-11-03,1,Changed Mind,21056.8
5124,62813,128405,2025-10-22,1,Not as Expected,978.07
5125,62839,128453,2025-04-29,1,Not as Expected,942.84
5126,62857,128492,2025-05-17,1,Damaged,7787.84
5127,62878,128533,2025-03-25,1,Not as Expected,2288.1
5128,62884,128542,2025-12-12,2,Changed Mind,31202.26
5129,62897,128582,2025-05-19,1,Changed Mind,59305.86
5130,62911,128613,2025-12-02,1,Wrong Item,17149.93
5131,62966,128731,2025-02-17,1,Damaged,7275.47
5132,62967,128734,2025-02-08,1,Wrong Item,12328.99
5133,62978,128760,2025-06-03,1,Damaged,4445.38
5134,62980,128764,2025-09-03,1,Wrong Item,3435.24
5135,62984,128772,2025-12-13,1,Changed Mind,6377.85
5136,62987,128778,2025-04-03,1,Size Issue,26400.63
5137,63046,128891,2025-03-02,1,Wrong Item,3088.13
5138,63058,128915,2025-06-07,2,Changed Mind,81423.39
5139,63073,128950,2025-01-27,1,Size Issue,8889.29
5140,63100,128998,2025-10-05,1,Wrong Item,16412.58
5141,63102,129001,2025-03-10,1,Changed Mind,10553.13
5142,63112,129023,2025-06-15,1,Wrong Item,12782.56
5143,63115,129028,2025-01-16,1,Changed Mind,6428.02
5144,63118,129038,2025-11-26,1,Changed Mind,5215.01
5145,63124,129048,2025-01-24,1,Size Issue,2986.53
5146,63133,129066,2025-07-06,1,Size Issue,14615.07
5147,63135,129071,2025-06-24,1,Wrong Item,3250.66
5148,63145,129090,2025-07-04,1,Wrong Item,2047.25
5149,63153,129104,2025-04-26,2,Changed Mind,10702.03
5150,63176,129152,2025-10-27,1,Damaged,20883.19
5151,63187,129172,2025-12-01,1,Changed Mind,998.3
5152,63201,129202,2025-05-30,1,Wrong Item,2013.34
5153,63213,129224,2025-09-05,1,Changed Mind,59932.45
5154,63214,129227,2025-12-31,1,Damaged,3540.46
5155,63223,129246,2025-05-16,1,Size Issue,4413.79
5156,63250,129309,2025-08-17,1,Damaged,7547.37
5157,63251,129312,2025-07-30,1,Not as Expected,5448.89
5158,63279,129370,2025-11-03,1,Not as Expected,3372.81
5159,63310,129433,2025-11-19,1,Changed Mind,87242.29
5160,63313,129439,2025-10-05,1,Changed Mind,12528.55
5161,63320,129455,2025-08-21,1,Wrong Item,2408.53
5162,63329,129470,2025-10-09,1,Not as Expected,53159.78
5163,63336,129481,2025-06-18,1,Not as Expected,7394.76
5164,63336,129482,2025-06-16,1,Wrong Item,9988.83
5165,63342,129495,2025-07-27,1,Not as Expected,19082.18
5166,63345,129503,2025-12-31,1,Not as Expected,9383.86
5167,63346,129506,2025-02-06,1,Changed Mind,5674.0
5168,63375,129559,2025-08-01,1,Damaged,35566.34
5169,63379,129567,2025-09-12,1,Not as Expected,2842.14
5170,63379,129568,2025-09-28,1,Not as Expected,14821.07
5171,63387,129586,2025-08-26,1,Not as Expected,13260.96
5172,63388,129587,2025-05-20,1,Size Issue,2219.87
5173,63390,129594,2025-12-31,1,Not as Expected,72922.62
5174,63395,129607,2025-03-19,1,Damaged,3232.21
5175,63405,129623,2025-07-16,1,Not as Expected,49181.55
5176,63408,129631,2025-05-30,1,Changed Mind,369.94
5177,63435,129687,2025-07-30,1,Wrong Item,10767.49
5178,63441,129698,2025-12-31,1,Changed Mind,24761.42
5179,63452,129723,2025-12-21,1,Wrong Item,682.74
5180,63453,129726,2025-12-30,1,Not as Expected,8685.01
5181,63474,129766,2025-11-18,1,Changed Mind,8156.04
5182,63480,129778,2025-12-05,1,Wrong Item,15997.23
5183,63506,129829,2025-07-11,1,Size Issue,887.38
5184,63508,129832,2025-04-12,1,Changed Mind,10553.13
5185,63510,129834,2025-10-18,1,Wrong Item,12677.26
5186,63522,129866,2025-10-14,1,Damaged,12318.19
5187,63523,129867,2025-12-31,1,Not as Expected,11212.7
5188,63528,129876,2025-04-11,2,Size Issue,36331.38
5189,63551,129929,2025-05-21,1,Size Issue,3120.6
5190,63552,129932,2025-08-05,1,Not as Expected,5367.04
5191,63555,129936,2025-09-05,1,Not as Expected,8278.02
5192,63561,129948,2025-12-09,1,Not as Expected,33613.78
5193,63589,130006,2025-09-29,1,Not as Expected,17276.4
5194,63605,130035,2025-12-17,1,Not as Expected,13370.14
5195,63609,130044,2025-10-09,1,Not as Expected,5532.21
5196,63618,130065,2025-10-20,1,Size Issue,17256.44
5197,63681,130198,2025-08-03,1,Not as Expected,1608.36
5198,63682,130199,2025-02-23,1,Not as Expected,11979.62
5199,63722,130279,2025-09-14,1,Changed Mind,18041.07
5200,63724,130285,2025-10-24,1,Damaged,69276.49
5201,63737,130312,2025-01-11,2,Size Issue,34838.17
5202,63787,130424,2025-07-22,1,Wrong Item,30388.87
5203,63793,130439,2025-12-19,1,Changed Mind,4864.67
5204,63797,130447,2025-08-17,2,Changed Mind,38830.9
5205,63802,130456,2025-10-22,1,Damaged,6007.76
5206,63803,130459,2025-06-19,1,Wrong Item,26779.67
5207,63823,130499,2025-08-09,2,Changed Mind,52129.3
5208,63825,130502,2025-02-14,1,Size Issue,5820.38
5209,63827,130507,2025-02-26,1,Not as Expected,6341.61
5210,63839,130534,2025-06-23,1,Wrong Item,81282.74
5211,63848,130552,2025-10-18,1,Wrong Item,67919.37
5212,63861,130581,2025-09-02,1,Wrong Item,898.12
5213,63865,130587,2025-10-04,1,Damaged,3152.61
5214,63870,130599,2025-12-27,1,Changed Mind,43653.53
5215,63876,130611,2025-11-12,1,Wrong Item,2047.25
5216,63892,130643,2025-07-31,1,Size Issue,10553.13
5217,63894,130649,2025-07-30,1,Damaged,9969.28
5218,63897,130657,2025-07-27,1,Changed Mind,65543.16
5219,63919,130701,2025-10-05,1,Damaged,11212.7
5220,63922,130707,2025-06-19,1,Wrong Item,1908.8
5221,63923,130711,2025-05-29,1,Size Issue,1775.9
5222,63944,130749,2025-03-17,2,Damaged,2158.17
5223,63954,130773,2025-12-21,1,Changed Mind,5641.35
5224,63967,130799,2025-09-11,2,Wrong Item,67276.28
5225,63973,130808,2025-05-07,1,Wrong Item,17091.54
5226,63978,130819,2025-05-10,1,Wrong Item,478.44
5227,63984,130831,2025-07-13,3,Not as Expected,11407.8
5228,63988,130836,2025-04-11,1,Wrong Item,14740.79
5229,63988,130837,2025-04-08,1,Changed Mind,6948.01
5230,63992,130849,2025-09-16,1,Damaged,3977.02
5231,64006,130884,2025-03-04,1,Changed Mind,1409.5
5232,64010,130891,2025-12-31,1,Not as Expected,2560.33
5233,64020,130916,2025-08-02,1,Changed Mind,19996.54
5234,64023,130921,2025-07-27,1,Not as Expected,11962.76
5235,64056,130988,2025-06-23,1,Changed Mind,50501.79
5236,64091,131062,2025-10-24,1,Changed Mind,11356.72
5237,64097,131074,2025-03-27,1,Damaged,18520.4
5238,64122,131114,2025-07-23,2,Damaged,37190.49
5239,64134,131140,2025-06-11,1,Size Issue,1576.96
5240,64137,131146,2025-10-30,1,Not as Expected,15031.18
5241,64139,131149,2025-12-24,1,Not as Expected,5439.58
5242,64166,131210,2025-12-31,1,Damaged,21407.68
5243,64177,131235,2025-02-12,1,Not as Expected,30725.79
5244,64190,131259,2025-01-18,3,Size Issue,39574.23
5245,64191,131262,2025-11-16,1,Not as Expected,74915.56
5246,64194,131268,2025-10-23,1,Not as Expected,2155.73
5247,64198,131274,2025-08-06,2,Damaged,9227.56
5248,64199,131275,2025-07-15,1,Size Issue,17276.4
5249,64200,131280,2025-02-02,1,Changed Mind,2853.65
5250,64207,131292,2025-06-13,2,Wrong Item,6496.52
5251,64210,131302,2025-05-07,1,Size Issue,11522.95
5252,64214,131308,2025-10-30,1,Changed Mind,11924.3
5253,64217,131317,2025-06-29,1,Not as Expected,23242.19
5254,64219,131324,2025-09-14,1,Size Issue,9071.06
5255,64251,131390,2025-12-10,1,Wrong Item,7931.36
5256,64282,131449,2025-07-21,1,Changed Mind,57450.06
5257,64290,131469,2025-04-16,2,Damaged,1954.12
5258,64313,131518,2025-12-08,1,Damaged,2560.33
5259,64322,131532,2025-06-07,1,Changed Mind,3135.37
5260,64348,131578,2025-03-22,1,Size Issue,33267.68
5261,64349,131581,2025-10-04,1,Damaged,14041.02
5262,64349,131583,2025-09-28,1,Wrong Item,18956.99
5263,64379,131648,2025-08-23,1,Changed Mind,7028.23
5264,64396,131697,2025-12-25,1,Damaged,25421.62
5265,64407,131727,2025-09-11,1,Not as Expected,31092.06
5266,64424,131764,2025-08-07,1,Size Issue,4746.86
5267,64440,131795,2025-04-15,1,Not as Expected,4081.0
5268,64451,131824,2025-02-23,1,Wrong Item,8737.91
5269,64455,131830,2025-05-26,1,Changed Mind,12618.58
5270,64455,131831,2025-06-10,1,Size Issue,441.4
5271,64471,131859,2025-10-25,1,Size Issue,6373.36
5272,64502,131919,2025-11-12,1,Changed Mind,61442.62
5273,64543,132001,2025-10-07,1,Changed Mind,14717.18
5274,64555,132029,2025-05-21,1,Damaged,2616.67
5275,64602,132127,2025-05-16,1,Changed Mind,3802.6
5276,64619,132157,2025-03-26,1,Not as Expected,39817.78
5277,64623,132167,2025-11-27,1,Wrong Item,17283.12
5278,64642,132199,2025-03-23,1,Not as Expected,3170.63
5279,64646,132210,2025-04-29,1,Changed Mind,6130.0
5280,64658,132235,2025-01-30,2,Changed Mind,8890.76
5281,64662,132240,2025-04-21,2,Wrong Item,29442.91
5282,64668,132252,2025-11-05,1,Not as Expected,18491.06
5283,64686,132286,2025-12-29,1,Size Issue,10767.49
5284,64698,132306,2025-03-09,2,Damaged,15928.31
5285,64732,132375,2025-05-31,1,Damaged,50197.74
5286,64739,132388,2025-11-26,1,Size Issue,2402.05
5287,64740,132391,2025-08-04,1,Damaged,18491.06
5288,64757,132425,2025-12-31,1,Wrong Item,8931.59
5289,64770,132454,2025-12-31,1,Size Issue,72922.62
5290,64772,132459,2025-12-31,1,Changed Mind,1011.45
5291,64773,132461,2025-03-15,1,Size Issue,3422.34
5292,64788,132492,2025-04-16,1,Wrong Item,68796.64
5293,64812,132538,2025-04-05,1,Changed Mind,5008.32
5294,64830,132570,2025-12-11,1,Damaged,1815.35
5295,64840,132589,2025-07-18,1,Changed Mind,14547.67
5296,64856,132617,2025-05-11,1,Changed Mind,10288.56
5297,64865,132633,2025-08-22,1,Changed Mind,6032.21
5298,64868,132641,2025-03-06,1,Not as Expected,93611.59
5299,64898,132698,2025-12-31,1,Size Issue,25659.7
5300,64929,132765,2025-07-24,1,Changed Mind,16363.62
5301,64930,132767,2025-03-27,1,Wrong Item,61442.62
5302,64941,132789,2025-11-20,2,Wrong Item,53497.98
5303,64956,132823,2025-01-22,1,Wrong Item,3419.22
5304,64957,132826,2025-11-02,1,Damaged,5367.04
5305,64957,132828,2025-10-19,1,Size Issue,393.06
5306,64962,132835,2025-08-07,1,Size Issue,53930.43
5307,64979,132865,2025-05-20,1,Wrong Item,18491.06
5308,64979,132867,2025-05-31,1,Wrong Item,44582.81
5309,65003,132909,2025-02-27,1,Wrong Item,4445.38
5310,65013,132930,2025-06-17,1,Size Issue,1403.65
5311,65019,132938,2025-10-27,1,Damaged,3940.76
5312,65030,132961,2025-05-29,1,Changed Mind,2408.53
5313,65039,132979,2025-08-17,1,Size Issue,34805.92
5314,65060,133036,2025-09-16,1,Changed Mind,3612.47
5315,65088,133083,2025-12-14,1,Size Issue,4622.7
5316,65089,133085,2025-07-15,1,Changed Mind,7547.37
5317,65123,133150,2025-02-08,1,Damaged,54070.65
5318,65126,133158,2025-11-22,1,Size Issue,22154.95
5319,65131,133168,2025-04-16,1,Size Issue,15930.61
5320,65179,133272,2025-01-19,1,Wrong Item,2845.96
5321,65181,133276,2025-06-06,1,Size Issue,15045.58
5322,65194,133299,2025-07-31,1,Size Issue,74299.68
5323,65198,133304,2025-04-15,2,Changed Mind,141232.28
5324,65232,133372,2025-08-13,1,Changed Mind,1257.15
5325,65237,133383,2025-08-14,2,Changed Mind,13142.92
5326,65239,133391,2025-04-12,1,Wrong Item,6254.87
5327,65300,133510,2025-07-06,1,Wrong Item,5648.29
5328,65302,133516,2025-11-04,1,Changed Mind,16363.62
5329,65316,133541,2025-03-02,2,Changed Mind,2107.52
5330,65326,133563,2025-12-06,1,Damaged,13967.75
5331,65346,133600,2025-04-07,1,Size Issue,79905.14
5332,65354,133614,2025-04-29,1,Changed Mind,10310.01
5333,65355,133617,2025-03-27,1,Changed Mind,89217.12
5334,65365,133641,2025-02-13,1,Size Issue,528.28
5335,65380,133671,2025-12-12,1,Wrong Item,3183.51
5336,65391,133697,2025-04-28,1,Size Issue,13191.41
5337,65402,133721,2025-10-21,1,Not as Expected,25262.93
5338,65413,133741,2025-02-12,1,Wrong Item,4160.43
5339,65416,133746,2025-08-31,1,Changed Mind,14218.95
5340,65435,133773,2025-12-31,1,Changed Mind,3010.94
5341,65457,133815,2025-12-31,1,Size Issue,26064.65
5342,65462,133823,2025-01-31,2,Changed Mind,138552.98
5343,65486,133879,2025-01-14,1,Wrong Item,1462.67
5344,65501,133906,2025-11-22,2,Not as Expected,7140.46
5345,65505,133913,2025-10-21,1,Wrong Item,8278.02
5346,65517,133944,2025-12-09,1,Size Issue,36908.76
5347,65532,133983,2025-02-03,1,Wrong Item,2592.23
5348,65569,134064,2025-04-07,1,Damaged,15997.23
5349,65590,134104,2025-11-08,1,Damaged,462.42
5350,65593,134112,2025-11-30,1,Not as Expected,8278.02
5351,65613,134146,2025-12-31,1,Damaged,2047.25
5352,65624,134176,2025-02-20,1,Damaged,77105.03
5353,65636,134197,2025-03-29,1,Size Issue,942.84
5354,65676,134281,2025-02-08,2,Not as Expected,51105.51
5355,65689,134307,2025-07-15,3,Size Issue,17836.71
5356,65690,134309,2025-08-19,1,Size Issue,4746.28
5357,65713,134361,2025-12-21,1,Wrong Item,20076.77
5358,65731,134406,2025-02-23,1,Changed Mind,85034.68
5359,65771,134494,2025-02-20,1,Size Issue,2562.62
5360,65790,134528,2025-12-31,1,Changed Mind,14545.44
5361,65793,134533,2025-05-24,1,Size Issue,1680.19
5362,65825,134600,2025-02-22,1,Changed Mind,26619.65
5363,65829,134609,2025-07-07,1,Changed Mind,2092.52
5364,65835,134620,2025-05-03,1,Wrong Item,8396.09
5365,65835,134621,2025-05-09,1,Not as Expected,12802.31
5366,65868,134702,2025-04-05,2,Not as Expected,53497.98
5367,65873,134709,2025-10-27,2,Size Issue,135176.62
5368,65879,134726,2025-02-21,1,Size Issue,53930.43
5369,65890,134753,2025-07-17,1,Damaged,16305.04
5370,65894,134759,2025-11-16,1,Damaged,3681.49
5371,65899,134775,2025-07-13,1,Damaged,5433.27
5372,65917,134816,2025-08-02,1,Damaged,14160.11
5373,65919,134818,2025-03-26,1,Size Issue,978.07
5374,65934,134844,2025-09-26,1,Damaged,15031.18
5375,65950,134887,2025-11-01,1,Not as Expected,3583.61
5376,65963,134911,2025-12-11,1,Changed Mind,782.46
5377,65977,134938,2025-05-01,1,Size Issue,8254.26
5378,66017,135020,2025-04-21,3,Wrong Item,7510.83
5379,66032,135045,2025-09-26,1,Size Issue,92374.19
5380,66032,135048,2025-09-28,1,Changed Mind,3042.08
5381,66040,135069,2025-05-28,1,Changed Mind,77004.7
5382,66076,135133,2025-11-24,1,Size Issue,1796.24
5383,66141,135270,2025-08-05,1,Size Issue,18647.62
5384,66166,135323,2025-07-23,1,Not as Expected,18990.6
5385,66170,135328,2025-12-02,1,Size Issue,1680.19
5386,66179,135347,2025-12-09,1,Not as Expected,10365.86
5387,66186,135362,2025-05-28,1,Changed Mind,12666.45
5388,66191,135372,2025-10-30,1,Size Issue,4624.87
5389,66192,135374,2025-12-31,1,Wrong Item,1787.07
5390,66193,135375,2025-03-18,1,Changed Mind,6334.02
5391,66204,135402,2025-09-11,1,Damaged,3612.47
5392,66219,135436,2025-06-18,2,Changed Mind,116676.19
5393,66250,135493,2025-12-25,1,Wrong Item,57746.08
5394,66252,135495,2025-02-02,2,Damaged,17562.56
5395,66252,135499,2025-01-22,1,Changed Mind,4294.05
5396,66257,135509,2025-01-18,1,Not as Expected,42236.34
5397,66273,135539,2025-02-20,1,Changed Mind,19818.17
5398,66294,135597,2025-04-29,1,Damaged,68186.8
5399,66318,135652,2025-09-15,1,Changed Mind,4971.27
5400,66355,135722,2025-09-07,1,Size Issue,9197.8
5401,66361,135734,2025-11-23,1,Not as Expected,6707.54
5402,66362,135736,2025-08-28,1,Changed Mind,15558.01
5403,66382,135783,2025-10-01,2,Size Issue,33631.29
5404,66410,135846,2025-08-18,1,Wrong Item,21982.31
5405,66412,135849,2025-05-07,1,Changed Mind,18758.25
5406,66413,135851,2025-09-02,1,Damaged,18996.71
5407,66422,135876,2025-05-03,2,Not as Expected,29442.91
5408,66432,135892,2025-11-27,2,Not as Expected,18560.75
5409,66436,135901,2025-12-29,1,Not as Expected,80295.41
5410,66463,135952,2025-10-31,1,Wrong Item,598.05
5411,66489,136012,2025-12-31,1,Changed Mind,13018.03
5412,66495,136022,2025-02-03,2,Changed Mind,15806.74
5413,66496,136025,2025-01-12,1,Wrong Item,2408.53
5414,66496,136026,2025-01-17,1,Changed Mind,13967.75
5415,66497,136027,2025-08-15,2,Changed Mind,23503.12
5416,66536,136115,2025-02-01,1,Size Issue,6838.71
5417,66541,136122,2025-10-22,2,Changed Mind,9626.54
5418,66542,136124,2025-05-15,1,Not as Expected,11833.42
5419,66600,136242,2025-09-04,1,Wrong Item,61984.23
5420,66609,136256,2025-09-21,1,Damaged,13719.94
5421,66610,136258,2025-02-17,1,Changed Mind,16432.65
5422,66640,136331,2025-03-05,1,Size Issue,14902.79
5423,66641,136333,2025-12-31,1,Size Issue,50501.79
5424,66665,136379,2025-03-14,1,Changed Mind,7196.21
5425,66679,136406,2025-06-12,1,Not as Expected,6792.63
5426,66693,136434,2025-11-24,1,Not as Expected,15601.13
5427,66727,136505,2025-05-05,1,Wrong Item,1072.93
5428,66766,136595,2025-03-23,1,Not as Expected,7397.32
5429,66803,136656,2025-10-28,1,Damaged,1787.07
5430,66806,136668,2025-04-16,1,Damaged,7358.24
5431,66822,136705,2025-12-31,1,Not as Expected,16061.42
5432,66824,136709,2025-02-28,1,Size Issue,26064.65
5433,66837,136742,2025-07-24,1,Not as Expected,18165.69
5434,66850,136773,2025-12-12,1,Damaged,5667.28
5435,66855,136782,2025-09-01,1,Size Issue,10576.4
5436,66870,136811,2025-07-28,1,Size Issue,4149.2
5437,66880,136827,2025-05-07,1,Changed Mind,6007.76
5438,66890,136852,2025-02-26,1,Damaged,3733.16
5439,66902,136878,2025-12-31,1,Wrong Item,5241.04
5440,66905,136887,2025-11-17,1,Changed Mind,25126.6
5441,66907,136889,2025-08-09,3,Not as Expected,39438.36
5442,66920,136913,2025-09-08,1,Size Issue,1545.17
5443,66921,136915,2025-10-22,2,Not as Expected,50437.22
5444,66938,136944,2025-02-23,1,Wrong Item,13370.14
5445,66972,137013,2025-03-10,1,Changed Mind,11963.88
5446,66974,137015,2025-05-28,2,Size Issue,45625.44
5447,66977,137023,2025-08-28,1,Changed Mind,2139.17
5448,66998,137077,2025-05-02,1,Changed Mind,11619.22
5449,67010,137100,2025-03-10,3,Wrong Item,66464.86
5450,67017,137114,2025-08-21,1,Damaged,3698.16
5451,67022,137129,2025-04-21,1,Wrong Item,85034.68
5452,67025,137135,2025-04-13,1,Size Issue,67424.0
5453,67072,137245,2025-11-03,1,Changed Mind,13822.69
5454,67094,137287,2025-04-26,1,Not as Expected,16637.85
5455,67096,137291,2025-12-18,1,Wrong Item,21203.13
5456,67100,137298,2025-04-29,1,Changed Mind,4622.7
5457,67100,137299,2025-05-15,1,Wrong Item,72922.62
5458,67128,137357,2025-05-09,1,Damaged,25817.09
5459,67132,137365,2025-04-06,1,Changed Mind,2853.19
5460,67136,137371,2025-07-08,1,Not as Expected,13191.41
5461,67153,137401,2025-04-12,1,Wrong Item,2674.96
5462,67155,137404,2025-06-24,1,Damaged,14789.39
5463,67156,137408,2025-11-26,3,Wrong Item,69726.57
5464,67158,137412,2025-09-09,2,Changed Mind,114401.99
5465,67163,137421,2025-12-31,1,Not as Expected,18425.99
5466,67175,137445,2025-10-24,1,Changed Mind,3110.45
5467,67232,137551,2025-11-27,1,Not as Expected,15179.22
5468,67234,137559,2025-07-25,1,Damaged,6260.4
5469,67272,137636,2025-10-14,1,Not as Expected,1570.94
5470,67283,137657,2025-12-04,1,Size Issue,9710.9
5471,67292,137678,2025-03-02,1,Size Issue,11163.98
5472,67292,137680,2025-02-11,1,Size Issue,13967.75
5473,67307,137710,2025-06-17,1,Not as Expected,7062.58
5474,67310,137718,2025-12-31,1,Changed Mind,12974.84
5475,67313,137724,2025-04-14,1,Damaged,16365.39
5476,67329,137764,2025-08-09,1,Not as Expected,16342.34
5477,67332,137771,2025-10-22,1,Changed Mind,5559.88
5478,67334,137775,2025-11-26,2,Not as Expected,144283.52
5479,67349,137811,2025-09-19,1,Not as Expected,4456.75
5480,67355,137822,2025-04-05,1,Not as Expected,978.07
5481,67364,137843,2025-05-16,1,Damaged,3683.11
5482,67365,137845,2025-10-23,1,Wrong Item,10553.13
5483,67368,137850,2025-04-02,1,Changed Mind,6898.02
5484,67423,137961,2025-07-09,1,Not as Expected,4949.87
5485,67450,138017,2025-05-19,1,Not as Expected,76531.21
5486,67454,138025,2025-10-07,1,Damaged,10372.19
5487,67475,138069,2025-12-17,2,Not as Expected,8162.01
5488,67480,138080,2025-01-29,1,Changed Mind,10918.09
5489,67484,138092,2025-08-23,1,Wrong Item,5532.21
5490,67485,138097,2025-11-09,1,Changed Mind,781.7
5491,67496,138115,2025-05-25,1,Damaged,6962.18
5492,67510,138140,2025-02-13,1,Size Issue,18136.21
5493,67513,138146,2025-07-24,1,Changed Mind,5390.24
5494,67518,138158,2025-03-23,1,Damaged,17076.63
5495,67536,138193,2025-09-02,1,Not as Expected,2347.62
5496,67543,138207,2025-02-12,1,Wrong Item,77286.53
5497,67559,138240,2025-05-19,1,Size Issue,22154.95
5498,67579,138286,2025-07-17,2,Damaged,143431.53
5499,67586,138304,2025-12-22,1,Changed Mind,8702.73
5500,67608,138348,2025-04-17,1,Damaged,20472.61
5501,67621,138376,2025-03-22,2,Wrong Item,25874.46
5502,67630,138394,2025-06-17,1,Wrong Item,10555.7
5503,67687,138525,2025-03-19,1,Changed Mind,977.06
5504,67707,138560,2025-11-07,1,Not as Expected,9988.83
5505,67718,138588,2025-12-31,2,Size Issue,9245.4
5506,67737,138621,2025-12-31,1,Changed Mind,68027.74
5507,67746,138634,2025-05-12,1,Changed Mind,10659.32
5508,67768,138680,2025-06-22,1,Size Issue,10576.4
5509,67782,138706,2025-03-14,1,Not as Expected,978.07
5510,67794,138730,2025-04-06,1,Size Issue,2857.21
5511,67802,138745,2025-04-17,1,Not as Expected,9595.7
5512,67819,138782,2025-02-16,1,Wrong Item,5061.26
5513,67835,138812,2025-03-24,1,Not as Expected,8734.47
5514,67866,138879,2025-01-28,1,Size Issue,5648.29
5515,67879,138909,2025-01-07,1,Size Issue,3617.85
5516,67904,138954,2025-12-26,1,Damaged,4351.66
5517,67932,139015,2025-07-11,1,Changed Mind,21637.3
5518,67948,139048,2025-03-07,1,Changed Mind,34139.77
5519,67967,139083,2025-05-02,1,Size Issue,17388.36
5520,67970,139088,2025-04-17,1,Damaged,6911.7
5521,67995,139144,2025-09-15,1,Size Issue,20675.26
5522,68001,139150,2025-08-27,1,Wrong Item,1539.65
5523,68008,139170,2025-06-09,1,Size Issue,6184.15
5524,68016,139190,2025-11-24,1,Damaged,54858.78
5525,68021,139201,2025-12-31,1,Changed Mind,26775.06
5526,68032,139222,2025-04-19,1,Not as Expected,27918.45
5527,68052,139261,2025-11-18,1,Size Issue,4613.78
5528,68055,139266,2025-02-08,1,Size Issue,55329.25
5529,68073,139302,2025-02-16,1,Damaged,3025.28
5530,68073,139304,2025-02-04,1,Damaged,15611.02
5531,68080,139320,2025-12-18,1,Changed Mind,3309.55
5532,68085,139331,2025-12-31,1,Not as Expected,14943.47
5533,68114,139385,2025-09-10,1,Size Issue,7183.84
5534,68120,139401,2025-09-08,2,Damaged,17245.06
5535,68127,139417,2025-09-03,1,Damaged,5447.04
5536,68128,139419,2025-03-18,1,Wrong Item,8849.06
5537,68144,139456,2025-11-24,1,Damaged,3422.34
5538,68158,139482,2025-03-19,1,Damaged,16432.65
5539,68182,139538,2025-10-23,2,Size Issue,49522.83
5540,68219,139607,2025-08-12,1,Not as Expected,3733.16
5541,68233,139645,2025-02-09,1,Changed Mind,5186.92
5542,68248,139674,2025-06-30,1,Changed Mind,7216.89
5543,68251,139683,2025-03-18,1,Damaged,14176.49
5544,68256,139691,2025-01-19,1,Changed Mind,3681.49
5545,68264,139705,2025-04-12,1,Damaged,4613.78
5546,68274,139724,2025-09-06,3,Wrong Item,102419.31
5547,68296,139769,2025-11-08,1,Wrong Item,28391.95
5548,68297,139772,2025-04-19,1,Size Issue,17766.79
5549,68347,139876,2025-09-17,1,Changed Mind,11212.7
5550,68349,139880,2025-04-05,1,Not as Expected,8664.05
5551,68351,139885,2025-12-31,1,Damaged,21982.31
5552,68373,139929,2025-10-25,1,Not as Expected,47217.48
5553,68390,139963,2025-09-12,1,Not as Expected,5776.7
5554,68399,139973,2025-08-05,1,Damaged,6235.3
5555,68405,139983,2025-05-11,2,Wrong Item,56041.36
5556,68447,140077,2025-10-19,2,Not as Expected,10723.68
5557,68452,140083,2025-09-01,1,Changed Mind,5053.73
5558,68460,140099,2025-12-31,1,Changed Mind,7275.47
5559,68473,140131,2025-11-24,1,Not as Expected,3754.98
5560,68483,140147,2025-02-14,1,Changed Mind,6708.8
5561,68499,140183,2025-12-31,1,Damaged,11924.3
5562,68503,140188,2025-09-04,1,Damaged,16342.34
5563,68520,140224,2025-10-01,1,Wrong Item,9595.34
5564,68536,140257,2025-08-19,1,Not as Expected,7183.84
5565,68542,140272,2025-01-25,1,Changed Mind,12553.15
5566,68550,140291,2025-10-25,2,Changed Mind,17990.52
5567,68558,140306,2025-12-21,1,Wrong Item,20937.79
5568,68573,140340,2025-05-09,2,Not as Expected,49545.42
5569,68574,140342,2025-05-24,1,Damaged,80994.71
5570,68583,140363,2025-11-12,1,Changed Mind,2845.96
5571,68618,140428,2025-04-09,1,Size Issue,74469.42
5572,68628,140453,2025-07-16,2,Size Issue,38452.56
5573,68706,140605,2025-07-24,1,Changed Mind,1727.75
5574,68749,140680,2025-11-20,1,Not as Expected,69276.49
5575,68753,140693,2025-04-22,1,Wrong Item,95119.13
5576,68756,140703,2025-07-08,1,Changed Mind,4216.01
5577,68768,140725,2025-12-10,1,Damaged,954.25
5578,68768,140726,2025-12-13,1,Changed Mind,5093.75
5579,68799,140787,2025-02-13,1,Damaged,4346.94
5580,68812,140811,2025-01-12,1,Damaged,682.74
5581,68813,140813,2025-06-08,3,Size Issue,31729.21
5582,68827,140845,2025-08-19,1,Damaged,3540.46
5583,68833,140854,2025-07-24,2,Not as Expected,6687.4
5584,68843,140876,2025-05-29,1,Not as Expected,5823.38
5585,68850,140889,2025-11-10,1,Damaged,71914.63
5586,68876,140946,2025-04-04,1,Not as Expected,14681.25
5587,68912,141011,2025-05-18,1,Damaged,102637.99
5588,68927,141038,2025-12-31,1,Size Issue,1775.9
5589,68949,141089,2025-03-09,1,Damaged,8356.66
5590,68959,141116,2025-05-27,2,Not as Expected,13142.92
5591,68963,141122,2025-12-08,1,Size Issue,2013.34
5592,68985,141168,2025-08-13,1,Size Issue,1263.29
5593,68991,141177,2025-09-27,2,Not as Expected,9651.31
5594,69005,141200,2025-10-20,1,Size Issue,3681.49
5595,69047,141276,2025-06-22,1,Changed Mind,15315.33
5596,69079,141345,2025-12-24,1,Size Issue,14721.46
5597,69191,141593,2025-04-28,1,Changed Mind,4621.36
5598,69204,141618,2025-02-02,1,Damaged,14789.39
5599,69215,141644,2025-03-26,2,Wrong Item,19328.49
5600,69232,141678,2025-09-10,2,Not as Expected,30203.54
5601,69239,141692,2025-01-15,1,Wrong Item,10971.84
5602,69241,141697,2025-12-30,1,Damaged,7623.46
5603,69275,141764,2025-11-18,1,Damaged,13282.49
5604,69297,141811,2025-03-22,1,Wrong Item,10830.06
5605,69306,141825,2025-06-08,1,Size Issue,15830.51
5606,69315,141844,2025-12-15,1,Changed Mind,19573.94
5607,69334,141885,2025-06-01,1,Changed Mind,6949.85
5608,69334,141886,2025-06-07,1,Wrong Item,20076.77
5609,69340,141896,2025-09-22,1,Damaged,6707.54
5610,69345,141906,2025-08-01,1,Wrong Item,2710.97
5611,69353,141927,2025-04-18,1,Changed Mind,6948.01
5612,69369,141953,2025-02-20,3,Wrong Item,16487.35
5613,69379,141968,2025-10-04,1,Not as Expected,3797.49
5614,69380,141970,2025-03-11,1,Wrong Item,2048.26
5615,69390,141999,2025-06-03,2,Changed Mind,3735.02
5616,69404,142026,2025-12-24,1,Not as Expected,1890.22
5617,69409,142038,2025-03-08,2,Size Issue,142339.56
5618,69423,142067,2025-04-10,1,Size Issue,4090.54
5619,69450,142115,2025-10-28,3,Wrong Item,22480.65
5620,69455,142126,2025-12-23,1,Damaged,50753.93
5621,69459,142132,2025-06-11,1,Damaged,16381.93
5622,69466,142144,2025-11-30,1,Not as Expected,12326.1
5623,69468,142151,2025-08-12,4,Not as Expected,12734.04
5624,69468,142152,2025-08-20,1,Changed Mind,54755.02
5625,69472,142165,2025-05-23,2,Size Issue,10642.68
5626,69497,142209,2025-03-11,1,Not as Expected,3577.69
5627,69501,142217,2025-03-25,1,Changed Mind,15611.02
5628,69521,142253,2025-08-16,1,Changed Mind,6032.21
5629,69523,142255,2025-05-09,2,Not as Expected,7167.22
5630,69537,142289,2025-11-18,3,Wrong Item,26203.42
5631,69537,142291,2025-11-27,1,Damaged,2023.95
5632,69540,142295,2025-03-20,1,Changed Mind,50753.93
5633,69544,142304,2025-10-27,1,Damaged,12760.97
5634,69549,142315,2025-03-21,1,Damaged,5359.28
5635,69554,142323,2025-07-08,3,Not as Expected,14476.97
5636,69561,142340,2025-10-08,1,Not as Expected,47687.85
5637,69575,142374,2025-08-07,1,Not as Expected,12452.32
5638,69585,142400,2025-10-29,1,Changed Mind,15771.15
5639,69664,142563,2025-06-05,1,Changed Mind,2842.14
5640,69680,142595,2025-06-14,1,Not as Expected,15587.42
5641,69686,142610,2025-07-26,1,Not as Expected,53004.96
5642,69697,142638,2025-02-23,1,Wrong Item,53836.23
5643,69710,142668,2025-03-02,1,Changed Mind,9707.0
5644,69722,142702,2025-11-06,2,Wrong Item,4612.72
5645,69752,142756,2025-10-17,1,Size Issue,42527.82
5646,69769,142787,2025-10-17,1,Size Issue,34749.95
5647,69771,142794,2025-09-07,1,Wrong Item,15730.72
5648,69790,142834,2025-10-23,1,Wrong Item,5113.66
5649,69811,142875,2025-03-20,1,Changed Mind,7965.2
5650,69816,142886,2025-12-01,1,Changed Mind,6949.85
5651,69823,142898,2025-10-24,1,Not as Expected,15217.58
5652,69848,142952,2025-06-06,1,Size Issue,71715.77
5653,69860,142979,2025-06-17,1,Wrong Item,23328.86
5654,69869,142998,2025-10-10,1,Size Issue,5186.92
5655,69870,142999,2025-02-24,1,Changed Mind,58338.1
5656,69876,143010,2025-10-11,1,Wrong Item,3546.5
5657,69880,143018,2025-02-21,1,Damaged,5968.58
5658,69883,143023,2025-07-05,1,Wrong Item,9747.05
5659,69886,143030,2025-12-09,2,Wrong Item,56783.9
5660,69901,143063,2025-08-15,1,Wrong Item,10832.49
5661,69902,143066,2025-11-27,1,Wrong Item,5654.74
5662,69904,143075,2025-08-26,1,Not as Expected,3077.52
5663,69908,143084,2025-04-24,1,Changed Mind,4949.87
5664,69912,143091,2025-08-10,1,Changed Mind,11683.13
5665,69923,143113,2025-08-06,2,Changed Mind,14463.05
5666,69926,143123,2025-10-02,2,Damaged,13095.85
5667,69932,143134,2025-04-21,1,Size Issue,5340.23
5668,69939,143147,2025-12-14,1,Changed Mind,12802.31
5669,69948,143162,2025-01-16,1,Changed Mind,26759.6
5670,69973,143208,2025-04-14,1,Size Issue,10283.28
5671,69991,143244,2025-09-08,1,Wrong Item,56492.91
5672,70011,143294,2025-11-28,2,Wrong Item,984.42
5673,70022,143317,2025-12-31,1,Changed Mind,3482.78
5674,70023,143318,2025-01-28,1,Damaged,978.07
5675,70029,143331,2025-06-06,1,Changed Mind,18942.71
5676,70074,143424,2025-10-25,1,Changed Mind,8071.79
5677,70092,143454,2025-04-29,1,Damaged,8702.73
5678,70122,143507,2025-02-26,1,Damaged,16432.65
5679,70123,143510,2025-03-17,1,Changed Mind,84250.43
5680,70125,143518,2025-05-17,2,Size Issue,14367.68
5681,70131,143532,2025-03-31,1,Changed Mind,1539.65
5682,70138,143547,2025-02-18,2,Damaged,7557.15
5683,70138,143548,2025-03-03,2,Wrong Item,14658.3
5684,70141,143555,2025-10-13,1,Changed Mind,9879.21
5685,70180,143633,2025-10-12,1,Wrong Item,3612.47
5686,70202,143669,2025-05-13,1,Size Issue,71169.78
5687,70212,143685,2025-07-05,1,Size Issue,8781.28
5688,70216,143696,2025-12-17,1,Size Issue,6072.48
5689,70230,143717,2025-02-20,1,Size Issue,75763.11
5690,70232,143721,2025-12-23,1,Not as Expected,7477.01
5691,70253,143762,2025-12-31,1,Not as Expected,31372.45
5692,70289,143840,2025-09-17,2,Not as Expected,882.8
5693,70291,143846,2025-05-27,1,Changed Mind,35836.0
5694,70311,143886,2025-01-15,1,Wrong Item,1855.25
5695,70313,143889,2025-03-12,1,Damaged,3830.66
5696,70317,143898,2025-12-31,1,Wrong Item,11751.56
5697,70334,143940,2025-10-29,1,Size Issue,6708.8
5698,70336,143948,2025-06-10,1,Wrong Item,39574.28
5699,70364,144001,2025-03-08,1,Size Issue,978.07
5700,70367,144008,2025-03-31,3,Damaged,17517.81
5701,70369,144016,2025-11-21,1,Size Issue,3802.6
5702,70371,144021,2025-01-21,1,Changed Mind,57828.35
5703,70396,144074,2025-10-26,2,Wrong Item,23269.8
5704,70400,144083,2025-04-20,1,Changed Mind,3225.5
5705,70425,144131,2025-01-23,1,Changed Mind,26064.65
5706,70443,144162,2025-11-14,1,Changed Mind,26522.53
5707,70444,144166,2025-05-07,1,Changed Mind,3886.01
5708,70446,144170,2025-01-28,2,Damaged,9513.72
5709,70450,144178,2025-09-10,1,Wrong Item,4031.88
5710,70457,144189,2025-03-18,2,Size Issue,7883.48
5711,70469,144212,2025-12-13,1,Damaged,4149.2
5712,70497,144259,2025-08-20,2,Damaged,122953.88
5713,70517,144298,2025-12-25,1,Wrong Item,3283.1
5714,70517,144299,2025-12-25,1,Not as Expected,1837.0
5715,70519,144305,2025-07-02,1,Not as Expected,13713.8
5716,70549,144359,2025-04-21,1,Not as Expected,4005.78
5717,70560,144378,2025-10-12,2,Not as Expected,26382.82
5718,70570,144392,2025-04-01,1,Size Issue,2516.67
5719,70578,144409,2025-02-08,1,Wrong Item,1928.81
5720,70587,144429,2025-11-06,2,Size Issue,34607.3
5721,70590,144437,2025-03-16,2,Changed Mind,36982.11
5722,70596,144448,2025-10-11,1,Size Issue,65693.55
5723,70617,144488,2025-09-21,1,Size Issue,7534.79
5724,70617,144489,2025-09-18,1,Wrong Item,11634.9
5725,70620,144496,2025-05-29,2,Not as Expected,19576.94
5726,70650,144555,2025-09-26,1,Size Issue,19573.94
5727,70660,144576,2025-09-17,1,Wrong Item,89217.12
5728,70675,144605,2025-10-27,1,Size Issue,3556.3
5729,70685,144622,2025-10-01,2,Not as Expected,177862.02
5730,70697,144647,2025-03-14,1,Damaged,57746.08
5731,70704,144661,2025-08-09,1,Size Issue,6010.24
5732,70707,144670,2025-04-21,1,Wrong Item,3380.07
5733,70714,144688,2025-12-25,1,Size Issue,3642.31
5734,70723,144705,2025-12-31,1,Wrong Item,15217.58
5735,70762,144779,2025-12-31,1,Size Issue,6080.68
5736,70763,144780,2025-06-08,1,Not as Expected,781.65
5737,70767,144791,2025-11-03,2,Damaged,141232.28
5738,70770,144797,2025-12-01,1,Wrong Item,12318.19
5739,70779,144820,2025-07-15,1,Damaged,9914.61
5740,70801,144857,2025-03-19,1,Not as Expected,2915.54
5741,70814,144881,2025-12-31,2,Wrong Item,63492.69
5742,70814,144882,2025-12-31,1,Wrong Item,94538.19
5743,70818,144892,2025-06-18,1,Not as Expected,94538.19
5744,70836,144932,2025-03-03,1,Wrong Item,14532.55
5745,70842,144942,2025-12-31,1,Damaged,15315.33
5746,70842,144944,2025-12-31,1,Changed Mind,61916.98
5747,70848,144952,2025-07-01,1,Wrong Item,4971.27
5748,70882,145021,2025-12-03,1,Damaged,6675.29
5749,70892,145042,2025-10-28,2,Damaged,12509.73
5750,70893,145044,2025-07-19,2,Not as Expected,30435.17
5751,70914,145092,2025-03-01,1,Damaged,5648.29
5752,70915,145093,2025-10-22,1,Size Issue,8995.26
5753,70967,145191,2025-03-19,1,Wrong Item,2288.1
5754,70969,145194,2025-03-07,1,Size Issue,5301.37
5755,70973,145202,2025-06-14,1,Wrong Item,2265.0
5756,70973,145203,2025-06-25,2,Not as Expected,6844.68
5757,70976,145208,2025-04-20,1,Not as Expected,48082.67
5758,70983,145223,2025-10-21,2,Damaged,5664.74
5759,70985,145232,2025-02-05,2,Not as Expected,3109.95
5760,71019,145304,2025-04-29,1,Size Issue,3612.47
5761,71049,145367,2025-09-24,1,Not as Expected,6007.51
5762,71053,145377,2025-10-25,1,Size Issue,375.19
5763,71055,145380,2025-12-18,1,Changed Mind,3193.35
5764,71080,145432,2025-10-22,1,Changed Mind,1539.65
5765,71083,145437,2025-12-28,2,Size Issue,58591.04
5766,71100,145470,2025-04-17,1,Damaged,72922.62
5767,71161,145592,2025-06-03,1,Damaged,7019.88
5768,71164,145597,2025-09-01,2,Damaged,146359.9
5769,71164,145598,2025-08-30,1,Changed Mind,3698.16
5770,71177,145625,2025-12-05,2,Not as Expected,13429.3
5771,71186,145644,2025-09-27,1,Size Issue,4054.53
5772,71197,145667,2025-12-09,1,Wrong Item,51971.47
5773,71199,145670,2025-08-30,1,Damaged,2100.24
5774,71215,145706,2025-06-23,1,Changed Mind,11619.22
5775,71215,145707,2025-06-22,1,Changed Mind,2306.36
5776,71232,145745,2025-10-16,1,Changed Mind,5448.89
5777,71262,145805,2025-12-31,1,Changed Mind,71169.78
5778,71263,145806,2025-05-06,1,Size Issue,68294.68
5779,71275,145832,2025-12-17,1,Size Issue,5634.63
5780,71282,145843,2025-05-07,1,Changed Mind,14106.08
5781,71283,145847,2025-08-27,1,Not as Expected,1855.25
5782,71288,145857,2025-08-03,1,Not as Expected,5439.58
5783,71296,145875,2025-08-06,1,Wrong Item,6024.77
5784,71303,145891,2025-06-11,2,Damaged,21152.81
5785,71307,145896,2025-10-13,1,Changed Mind,7818.13
5786,71318,145918,2025-01-18,1,Wrong Item,25124.85
5787,71323,145929,2025-03-20,1,Changed Mind,76531.21
5788,71395,146082,2025-12-07,1,Wrong Item,5641.35
5789,71405,146103,2025-01-16,1,Size Issue,3010.94
5790,71423,146147,2025-12-16,1,Changed Mind,24083.64
5791,71433,146166,2025-05-17,1,Damaged,4000.84
5792,71438,146177,2025-06-14,1,Changed Mind,6898.02
5793,71450,146197,2025-12-21,2,Size Issue,129052.52
5794,71455,146208,2025-06-18,1,Damaged,40158.19
5795,71456,146209,2025-09-06,1,Size Issue,14532.55
5796,71478,146259,2025-12-21,3,Damaged,26203.42
5797,71479,146262,2025-12-01,2,Damaged,2937.17
5798,71489,146284,2025-05-26,1,Changed Mind,5725.09
5799,71496,146295,2025-07-17,1,Not as Expected,45411.41
5800,71505,146319,2025-06-25,1,Changed Mind,56768.87
5801,71520,146345,2025-03-22,1,Changed Mind,15381.02
5802,71526,146359,2025-10-08,1,Damaged,45177.97
5803,71538,146384,2025-12-31,2,Damaged,55406.05
5804,71565,146437,2025-06-30,1,Changed Mind,67424.0
5805,71572,146455,2025-07-10,1,Wrong Item,742.62
5806,71573,146457,2025-10-15,1,Not as Expected,13781.38
5807,71602,146510,2025-08-14,1,Changed Mind,6824.65
5808,71623,146559,2025-12-31,1,Damaged,28510.78
5809,71624,146561,2025-11-12,1,Not as Expected,72279.48
5810,71634,146581,2025-06-02,1,Damaged,3671.29
5811,71638,146591,2025-10-12,1,Wrong Item,12528.55
5812,71642,146599,2025-06-24,1,Damaged,6392.08
5813,71646,146606,2025-11-15,1,Wrong Item,14905.38
5814,71647,146609,2025-09-14,1,Not as Expected,4477.49
5815,71649,146616,2025-06-18,1,Damaged,2128.07
5816,71655,146626,2025-01-19,1,Not as Expected,17700.68
5817,71656,146629,2025-04-30,1,Size Issue,397.26
5818,71683,146681,2025-12-03,1,Wrong Item,17655.37
5819,71695,146704,2025-01-28,1,Not as Expected,3799.01
5820,71702,146717,2025-02-23,1,Not as Expected,75834.55
5821,71705,146721,2025-10-30,2,Damaged,107672.46
5822,71712,146738,2025-10-10,1,Size Issue,87611.08
5823,71713,146740,2025-12-22,3,Not as Expected,8489.61
5824,71714,146742,2025-02-24,1,Damaged,14508.97
5825,71727,146766,2025-11-16,1,Changed Mind,58338.1
5826,71738,146785,2025-08-13,1,Not as Expected,15831.09
5827,71763,146840,2025-02-03,2,Wrong Item,10897.78
5828,71764,146841,2025-04-01,1,Changed Mind,18647.62
5829,71785,146887,2025-08-08,1,Damaged,15315.33
5830,71785,146888,2025-08-27,2,Damaged,31142.83
5831,71799,146909,2025-05-15,1,Damaged,3483.74
5832,71815,146944,2025-10-24,2,Changed Mind,7224.94
5833,71853,147017,2025-06-07,1,Damaged,20851.72
5834,71875,147060,2025-04-07,1,Size Issue,15268.16
5835,71890,147092,2025-04-21,1,Changed Mind,18396.48
5836,71904,147118,2025-10-28,1,Size Issue,4949.87
5837,71925,147162,2025-03-30,1,Changed Mind,12797.06
5838,71945,147196,2025-04-15,1,Not as Expected,10553.13
5839,71983,147280,2025-12-31,1,Not as Expected,16815.65
5840,72009,147328,2025-07-11,1,Changed Mind,2008.41
5841,72011,147332,2025-11-22,1,Damaged,13422.98
5842,72012,147333,2025-03-17,1,Changed Mind,8576.1
5843,72019,147346,2025-06-27,1,Changed Mind,18041.07
5844,72044,147397,2025-07-23,1,Damaged,4402.6
5845,72054,147416,2025-09-20,1,Wrong Item,15601.13
5846,72062,147428,2025-04-26,1,Changed Mind,47843.8
5847,72063,147432,2025-10-22,1,Size Issue,60730.6
5848,72066,147439,2025-11-23,1,Wrong Item,648.6
5849,72084,147474,2025-07-09,2,Size Issue,4817.06
5850,72086,147476,2025-07-23,1,Not as Expected,4756.46
5851,72105,147515,2025-12-10,1,Not as Expected,7547.37
5852,72111,147530,2025-01-22,1,Size Issue,2676.39
5853,72117,147541,2025-06-14,1,Not as Expected,11925.49
5854,72147,147594,2025-10-03,2,Not as Expected,27675.3
5855,72170,147641,2025-02-28,1,Not as Expected,6377.85
5856,72180,147660,2025-07-12,1,Size Issue,2829.87
5857,72186,147670,2025-11-20,1,Wrong Item,67424.0
5858,72193,147685,2025-05-29,4,Size Issue,27424.18
5859,72212,147735,2025-02-11,1,Damaged,4255.83
5860,72213,147737,2025-06-15,1,Size Issue,58543.96
5861,72220,147751,2025-08-30,1,Damaged,30837.39
5862,72223,147757,2025-07-21,1,Not as Expected,1205.52
5863,72235,147775,2025-04-26,1,Wrong Item,13781.38
5864,72235,147777,2025-05-02,1,Size Issue,47217.48
5865,72246,147804,2025-10-24,1,Wrong Item,419.33
5866,72258,147825,2025-02-19,1,Size Issue,5945.57
5867,72266,147841,2025-06-09,1,Changed Mind,4294.05
5868,72269,147847,2025-09-03,1,Wrong Item,80994.71
5869,72279,147864,2025-09-02,1,Wrong Item,11963.88
5870,72298,147902,2025-06-02,1,Wrong Item,10916.48
5871,72301,147905,2025-12-05,1,Size Issue,2282.92
5872,72306,147916,2025-03-31,1,Wrong Item,3359.84
5873,72313,147935,2025-11-07,2,Size Issue,27675.3
5874,72321,147953,2025-12-31,1,Not as Expected,10588.36
5875,72328,147968,2025-12-26,1,Size Issue,3612.47
5876,72338,147988,2025-05-23,1,Not as Expected,5532.21
5877,72345,147999,2025-05-02,1,Damaged,2408.53
5878,72345,148000,2025-05-18,1,Not as Expected,77722.48
5879,72349,148009,2025-11-27,1,Damaged,75763.11
5880,72353,148016,2025-06-24,1,Changed Mind,6708.8
5881,72354,148020,2025-04-09,1,Wrong Item,61476.94
5882,72360,148033,2025-11-18,1,Not as Expected,6571.46
5883,72367,148051,2025-05-15,2,Changed Mind,25167.95
5884,72369,148054,2025-09-27,1,Changed Mind,674.77
5885,72398,148104,2025-10-23,1,Size Issue,52255.4
5886,72429,148178,2025-01-20,1,Size Issue,19818.17
5887,72431,148181,2025-03-13,1,Size Issue,7138.22
5888,72439,148201,2025-09-18,1,Wrong Item,11728.56
5889,72465,148246,2025-07-28,1,Wrong Item,95119.13
5890,72467,148252,2025-09-24,2,Changed Mind,47553.76
5891,72470,148262,2025-06-25,1,Size Issue,757.24
5892,72486,148300,2025-03-27,2,Changed Mind,19142.21
5893,72501,148330,2025-04-13,1,Damaged,557.63
5894,72504,148336,2025-07-31,1,Damaged,16112.74
5895,72506,148339,2025-12-23,1,Not as Expected,4147.04
5896,72507,148341,2025-01-27,1,Damaged,85034.68
5897,72550,148432,2025-12-21,1,Size Issue,18025.33
5898,72578,148492,2025-02-24,1,Changed Mind,71715.77
5899,72596,148525,2025-02-22,2,Size Issue,12204.52
5900,72617,148566,2025-07-06,1,Wrong Item,2176.28
5901,72618,148568,2025-05-15,2,Size Issue,31202.26
5902,72635,148595,2025-02-05,1,Wrong Item,10877.73
5903,72638,148602,2025-08-16,2,Changed Mind,170736.7
5904,72641,148612,2025-10-06,1,Wrong Item,73422.2
5905,72646,148617,2025-09-19,2,Size Issue,8324.77
5906,72674,148663,2025-12-31,2,Wrong Item,17952.54
5907,72692,148698,2025-05-02,1,Changed Mind,5823.38
5908,72722,148754,2025-06-27,1,Damaged,17195.02
5909,72728,148769,2025-09-02,1,Size Issue,6377.85
5910,72735,148786,2025-07-01,1,Wrong Item,4650.33
5911,72791,148896,2025-10-16,1,Wrong Item,7183.84
5912,72797,148909,2025-04-23,1,Not as Expected,20838.17
5913,72802,148919,2025-04-25,2,Wrong Item,56740.62
5914,72828,148966,2025-12-31,1,Damaged,393.06
5915,72843,148996,2025-08-12,1,Not as Expected,4813.27
5916,72853,149018,2025-04-12,1,Damaged,74915.56
5917,72880,149076,2025-03-16,2,Not as Expected,3823.01
5918,72885,149082,2025-10-11,3,Wrong Item,17906.66
5919,72885,149083,2025-10-10,1,Wrong Item,5075.23
5920,72915,149135,2025-07-23,2,Not as Expected,131260.72
5921,72979,149253,2025-02-01,1,Damaged,53930.43
5922,72981,149256,2025-11-26,1,Size Issue,397.26
5923,72992,149287,2025-07-07,1,Damaged,2306.36
5924,73008,149317,2025-04-20,1,Not as Expected,61829.22
5925,73016,149333,2025-11-25,1,Wrong Item,3864.65
5926,73025,149346,2025-10-27,1,Damaged,17257.41
5927,73040,149380,2025-12-31,1,Wrong Item,419.33
5928,73051,149399,2025-05-08,1,Wrong Item,17065.25
5929,73059,149413,2025-01-25,2,Not as Expected,36851.98
5930,73061,149417,2025-03-12,1,Wrong Item,2763.06
5931,73064,149424,2025-12-12,1,Damaged,4509.52
5932,73067,149431,2025-12-21,3,Not as Expected,51835.08
5933,73086,149468,2025-11-24,1,Not as Expected,2432.31
5934,73093,149479,2025-04-17,3,Damaged,17898.25
5935,73110,149517,2025-08-27,1,Wrong Item,48082.67
5936,73119,149537,2025-11-02,1,Changed Mind,2378.43
5937,73126,149553,2025-05-11,1,Wrong Item,16558.65
5938,73136,149572,2025-09-13,1,Size Issue,439.3
5939,73139,149580,2025-12-31,3,Not as Expected,64985.7
5940,73157,149612,2025-08-15,1,Damaged,29161.08
5941,73165,149629,2025-11-06,3,Damaged,239715.42
5942,73193,149683,2025-02-25,1,Wrong Item,53425.19
5943,73217,149734,2025-07-05,1,Size Issue,16852.86
5944,73220,149740,2025-05-13,1,Damaged,45177.97
5945,73251,149799,2025-07-09,1,Wrong Item,2050.1
5946,73256,149805,2025-06-03,1,Not as Expected,8796.48
5947,73310,149913,2025-10-02,1,Damaged,63678.23
5948,73316,149930,2025-03-07,1,Changed Mind,10928.94
5949,73345,149988,2025-05-31,1,Wrong Item,12133.75
5950,73347,149996,2025-03-14,1,Changed Mind,17751.73
5951,73353,150007,2025-03-08,1,Changed Mind,18844.01
5952,73356,150016,2025-03-21,3,Changed Mind,31729.21
5953,73383,150074,2025-04-10,2,Changed Mind,5651.88
5954,73387,150081,2025-06-10,1,Size Issue,5648.29
5955,73394,150104,2025-04-16,1,Wrong Item,20978.57
5956,73416,150158,2025-04-11,1,Changed Mind,17751.73
5957,73419,150166,2025-11-02,1,Not as Expected,37348.64
5958,73421,150172,2025-01-12,1,Size Issue,3082.98
5959,73427,150185,2025-10-22,1,Not as Expected,14789.39
5960,73434,150196,2025-02-14,2,Size Issue,10394.86
5961,73448,150216,2025-02-28,1,Wrong Item,14176.49
5962,73453,150225,2025-08-27,1,Changed Mind,15219.62
5963,73469,150255,2025-10-24,1,Damaged,17589.46
5964,73470,150256,2025-02-20,1,Wrong Item,15179.29
5965,73479,150273,2025-02-21,1,Damaged,20472.61
5966,73501,150311,2025-08-21,1,Size Issue,35063.32
5967,73505,150323,2025-04-07,1,Not as Expected,15454.53
5968,73524,150359,2025-10-30,1,Damaged,42740.15
5969,73531,150373,2025-06-08,1,Wrong Item,2705.98
5970,73535,150380,2025-05-23,1,Damaged,74915.56
5971,73566,150436,2025-02-03,1,Damaged,56293.88
5972,73578,150455,2025-11-21,1,Not as Expected,4035.2
5973,73580,150462,2025-08-11,1,Changed Mind,749.74
5974,73601,150512,2025-02-17,1,Size Issue,16558.65
5975,73608,150531,2025-01-31,1,Wrong Item,1855.25
5976,73641,150596,2025-12-15,1,Not as Expected,5363.17
5977,73660,150637,2025-10-12,1,Size Issue,11365.69
5978,73676,150663,2025-12-04,2,Size Issue,27311.93
5979,73682,150679,2025-09-24,1,Damaged,15978.2
5980,73687,150688,2025-04-21,2,Size Issue,23975.3
5981,73723,150762,2025-04-14,2,Size Issue,137342.34
5982,73733,150782,2025-06-28,1,Damaged,25817.09
5983,73735,150788,2025-04-06,1,Not as Expected,7706.21
5984,73750,150823,2025-12-20,2,Damaged,11640.75
5985,73750,150825,2025-12-04,1,Damaged,2641.07
5986,73764,150856,2025-05-08,1,Wrong Item,27311.82
5987,73825,150962,2025-03-06,1,Size Issue,1908.8
5988,73829,150973,2025-04-25,1,Wrong Item,45415.1
5989,73840,151001,2025-10-14,2,Size Issue,10514.34
5990,73842,151006,2025-12-21,1,Changed Mind,5823.38
5991,73842,151009,2025-12-18,1,Damaged,50354.71
5992,73845,151013,2025-12-20,1,Wrong Item,5512.62
5993,73847,151018,2025-11-06,1,Size Issue,71169.78
5994,73876,151087,2025-01-11,1,Damaged,11619.22
5995,73885,151105,2025-04-19,1,Size Issue,5438.84
5996,73907,151148,2025-04-20,1,Damaged,5061.26
5997,73940,151218,2025-07-20,2,Wrong Item,2617.41
5998,73949,151232,2025-11-03,1,Not as Expected,3617.85
5999,73970,151270,2025-03-14,2,Not as Expected,3769.6
6000,73983,151292,2025-09-30,1,Size Issue,3540.46
6001,73999,151329,2025-02-21,2,Wrong Item,167223.9
6002,74002,151338,2025-06-22,1,Size Issue,20523.71
6003,74013,151358,2025-01-14,2,Damaged,5120.66
6004,74016,151368,2025-07-16,1,Size Issue,74915.56
6005,74016,151370,2025-07-12,1,Wrong Item,6377.85
6006,74031,151398,2025-09-11,1,Not as Expected,4294.05
6007,74036,151414,2025-07-17,2,Not as Expected,882.8
6008,74041,151431,2025-12-21,1,Changed Mind,2050.1
6009,74069,151482,2025-03-01,1,Wrong Item,7676.27
6010,74087,151526,2025-12-31,1,Changed Mind,2560.33
6011,74103,151556,2025-03-28,1,Damaged,9243.45
6012,74113,151577,2025-06-30,1,Changed Mind,5752.87
6013,74120,151592,2025-07-27,1,Not as Expected,11365.69
6014,74122,151596,2025-07-15,1,Changed Mind,97506.09
6015,74122,151597,2025-06-27,1,Changed Mind,53425.19
6016,74151,151647,2025-02-16,2,Wrong Item,1716.69
6017,74165,151679,2025-09-22,1,Wrong Item,3422.34
6018,74167,151684,2025-08-25,2,Wrong Item,4612.72
6019,74181,151713,2025-02-05,1,Wrong Item,27918.45
6020,74181,151714,2025-02-06,1,Size Issue,4878.87
6021,74183,151717,2025-09-23,3,Changed Mind,85175.85
6022,74210,151770,2025-09-08,1,Changed Mind,15601.13
6023,74224,151799,2025-12-12,2,Size Issue,22008.3
6024,74233,151818,2025-06-19,1,Wrong Item,85034.68
6025,74268,151896,2025-07-10,1,Changed Mind,2562.62
6026,74282,151919,2025-04-22,1,Damaged,8011.15
6027,74325,152007,2025-11-26,1,Size Issue,31092.06
6028,74339,152029,2025-12-31,1,Size Issue,2786.22
6029,74356,152054,2025-06-29,1,Changed Mind,67424.0
6030,74358,152057,2025-03-22,1,Damaged,5470.97
6031,74370,152080,2025-03-15,1,Size Issue,50753.93
6032,74393,152123,2025-01-09,1,Changed Mind,1274.46
6033,74395,152128,2025-10-12,1,Damaged,20937.79
6034,74397,152132,2025-09-07,1,Changed Mind,61442.62
6035,74399,152137,2025-01-22,1,Wrong Item,16453.39
6036,74403,152143,2025-02-15,1,Wrong Item,6305.94
6037,74408,152153,2025-10-17,1,Changed Mind,10928.94
6038,74418,152173,2025-10-18,2,Not as Expected,2814.18
6039,74447,152230,2025-07-06,1,Not as Expected,9150.7
6040,74448,152233,2025-12-31,1,Damaged,39574.28
6041,74452,152247,2025-12-06,1,Size Issue,3575.54
6042,74461,152269,2025-12-06,1,Size Issue,48253.54
6043,74481,152320,2025-09-24,1,Changed Mind,45185.81
6044,74514,152374,2025-04-26,1,Wrong Item,3929.29
6045,74558,152465,2025-06-14,1,Wrong Item,56768.87
6046,74580,152509,2025-08-01,1,Not as Expected,14374.7
6047,74585,152523,2025-02-23,1,Wrong Item,13145.77
6048,74622,152598,2025-01-30,1,Not as Expected,1608.36
6049,74625,152601,2025-10-30,2,Not as Expected,46484.38
6050,74639,152636,2025-08-28,1,Changed Mind,9346.5
6051,74640,152641,2025-02-01,1,Wrong Item,21346.56
6052,74663,152693,2025-12-31,1,Changed Mind,7458.96
6053,74675,152712,2025-02-18,1,Not as Expected,6667.39
6054,74679,152723,2025-04-26,1,Damaged,2735.38
6055,74704,152779,2025-10-21,1,Size Issue,10928.94
6056,74704,152780,2025-09-28,1,Damaged,15978.2
6057,74704,152781,2025-10-22,1,Changed Mind,11822.28
6058,74723,152819,2025-02-05,1,Changed Mind,7135.15
6059,74723,152820,2025-02-11,1,Changed Mind,8035.03
6060,74725,152823,2025-09-10,1,Damaged,6614.42
6061,74744,152863,2025-02-11,1,Wrong Item,18956.99
6062,74780,152938,2025-12-17,1,Size Issue,18520.4
6063,74792,152960,2025-12-20,1,Changed Mind,24097.55
6064,74793,152963,2025-11-02,1,Not as Expected,4779.87
6065,74799,152980,2025-01-18,1,Damaged,5077.22
6066,74813,153005,2025-11-22,1,Damaged,3170.63
6067,74824,153029,2025-05-30,1,Changed Mind,10830.06
6068,74854,153085,2025-05-20,1,Not as Expected,18069.09
6069,74863,153105,2025-04-22,1,Changed Mind,6869.73
6070,74875,153128,2025-06-03,1,Damaged,1196.03
6071,74897,153167,2025-05-18,1,Not as Expected,32432.78
6072,74897,153169,2025-05-21,1,Size Issue,90363.17
6073,74902,153176,2025-07-06,1,Not as Expected,11212.7
6074,74906,153189,2025-06-01,1,Size Issue,67424.0
6075,74913,153201,2025-12-17,1,Not as Expected,4825.66
6076,74913,153202,2025-12-07,1,Damaged,4079.35
6077,74916,153206,2025-10-01,1,Changed Mind,42740.15
6078,74916,153207,2025-09-16,1,Not as Expected,72922.62
6079,74921,153217,2025-01-22,1,Changed Mind,1785.2
6080,74924,153223,2025-03-19,1,Wrong Item,87611.08
6081,74931,153240,2025-10-17,1,Changed Mind,8134.34
6082,74932,153242,2025-02-20,2,Size Issue,6018.78
6083,74964,153310,2025-05-02,1,Wrong Item,19573.94
6084,74995,153366,2025-08-11,1,Changed Mind,977.06
6085,74995,153368,2025-08-19,1,Changed Mind,5421.17
6086,74997,153372,2025-05-25,1,Size Issue,9890.64
6087,75006,153386,2025-09-18,1,Wrong Item,10514.82
6088,75014,153401,2025-08-14,1,Size Issue,9826.28
6089,75020,153411,2025-01-30,1,Changed Mind,18647.62
6090,75022,153416,2025-09-21,1,Changed Mind,10169.3
6091,75022,153418,2025-09-09,1,Size Issue,9197.8
6092,75033,153437,2025-01-28,1,Size Issue,28235.04
6093,75050,153472,2025-04-13,1,Not as Expected,5445.83
6094,75053,153482,2025-07-30,1,Size Issue,5662.67
6095,75065,153509,2025-09-06,1,Wrong Item,89217.12
6096,75067,153515,2025-12-14,1,Not as Expected,1539.65
6097,75081,153542,2025-03-18,1,Size Issue,28306.76
6098,75098,153580,2025-10-11,2,Size Issue,18486.9
6099,75102,153591,2025-09-26,1,Changed Mind,3628.69
6100,75117,153628,2025-09-14,1,Damaged,3004.07
6101,75132,153663,2025-12-04,1,Size Issue,14374.7
6102,75148,153695,2025-10-20,1,Wrong Item,648.6
6103,75158,153719,2025-07-19,1,Wrong Item,85560.78
6104,75161,153724,2025-06-05,1,Not as Expected,604.02
6105,75171,153745,2025-11-06,1,Size Issue,12910.24
6106,75177,153757,2025-06-01,1,Size Issue,11070.12
6107,75178,153760,2025-03-29,2,Changed Mind,11673.77
6108,75189,153785,2025-04-07,1,Not as Expected,76831.52
6109,75190,153790,2025-10-05,1,Damaged,6849.97
6110,75199,153805,2025-10-30,1,Wrong Item,15338.3
6111,75199,153806,2025-11-05,1,Changed Mind,51091.98
6112,75199,153807,2025-10-26,1,Damaged,15456.47
6113,75202,153812,2025-02-27,1,Damaged,63144.69
6114,75225,153857,2025-05-15,1,Changed Mind,4391.56
6115,75273,153937,2025-11-25,1,Not as Expected,1697.72
6116,75277,153947,2025-08-08,2,Size Issue,4272.78
6117,75284,153961,2025-10-03,1,Size Issue,5075.23
6118,75286,153964,2025-07-19,1,Wrong Item,14074.85
6119,75299,153992,2025-09-07,1,Changed Mind,16342.34
6120,75303,153999,2025-02-16,1,Size Issue,6675.29
6121,75339,154076,2025-10-15,1,Wrong Item,11438.37
6122,75349,154100,2025-04-25,1,Changed Mind,18181.8
6123,75350,154102,2025-04-24,1,Changed Mind,15109.44
6124,75373,154153,2025-12-25,1,Changed Mind,26447.21
6125,75382,154172,2025-12-31,1,Changed Mind,13822.69
6126,75390,154192,2025-08-22,1,Changed Mind,24526.24
6127,75394,154201,2025-12-24,1,Size Issue,7183.84
6128,75398,154210,2025-12-31,1,Changed Mind,6072.48
6129,75403,154218,2025-06-01,1,Size Issue,3213.21
6130,75416,154251,2025-12-17,1,Damaged,942.84
6131,75418,154254,2025-06-08,1,Wrong Item,542.32
6132,75420,154259,2025-07-09,1,Changed Mind,3363.16
6133,75425,154268,2025-10-22,3,Damaged,36401.25
6134,75453,154325,2025-05-02,1,Size Issue,4031.88
6135,75482,154387,2025-12-31,1,Changed Mind,25830.54
6136,75502,154432,2025-05-06,2,Not as Expected,13415.07
6137,75523,154471,2025-04-24,1,Damaged,26861.33
6138,75541,154505,2025-05-16,2,Size Issue,2020.77
6139,75544,154510,2025-09-09,1,Not as Expected,9299.05
6140,75569,154559,2025-07-12,1,Wrong Item,4509.94
6141,75571,154563,2025-08-23,1,Wrong Item,1072.93
6142,75577,154578,2025-06-22,1,Damaged,24786.92
6143,75579,154581,2025-04-18,1,Damaged,23817.58
6144,75582,154588,2025-10-23,1,Size Issue,13191.41
6145,75591,154610,2025-11-15,1,Size Issue,9854.55
6146,75596,154619,2025-01-12,2,Not as Expected,32865.3
6147,75596,154621,2025-01-30,1,Changed Mind,16342.34
6148,75638,154710,2025-05-25,1,Size Issue,998.3
6149,75639,154713,2025-02-26,2,Wrong Item,90522.59
6150,75655,154743,2025-09-01,3,Wrong Item,135162.65
6151,75665,154765,2025-12-26,1,Changed Mind,17517.84
6152,75691,154820,2025-09-09,1,Changed Mind,12851.9
6153,75707,154846,2025-04-17,1,Changed Mind,887.38
6154,75718,154874,2025-05-28,1,Not as Expected,71169.78
6155,75723,154885,2025-07-30,1,Not as Expected,17589.46
6156,75734,154910,2025-03-11,1,Not as Expected,14397.76
6157,75748,154939,2025-10-07,1,Size Issue,7817.88
6158,75753,154947,2025-06-05,2,Damaged,9626.54
6159,75753,154948,2025-05-31,1,Damaged,19955.89
6160,75755,154951,2025-01-16,1,Damaged,6260.4
6161,75756,154954,2025-02-22,1,Size Issue,80782.95
6162,75762,154971,2025-02-07,1,Not as Expected,6708.8
6163,75768,154980,2025-10-13,1,Wrong Item,3748.07
6164,75775,154997,2025-04-30,1,Wrong Item,9243.45
6165,75785,155021,2025-08-25,1,Changed Mind,1053.76
6166,75791,155032,2025-12-19,1,Damaged,1762.49
6167,75817,155093,2025-11-16,1,Damaged,70616.14
6168,75817,155094,2025-11-08,1,Not as Expected,14565.01
6169,75822,155101,2025-01-18,2,Wrong Item,25874.46
6170,75826,155108,2025-10-02,1,Size Issue,3077.52
6171,75829,155113,2025-11-16,1,Changed Mind,521.16
6172,75835,155127,2025-12-01,2,Damaged,63011.0
6173,75854,155166,2025-09-15,1,Size Issue,7493.55
6174,75860,155177,2025-07-16,1,Size Issue,28020.68
6175,75890,155236,2025-12-07,1,Damaged,24772.71
6176,75906,155278,2025-02-06,2,Not as Expected,39511.72
6177,75925,155319,2025-04-08,1,Damaged,15844.31
6178,75937,155348,2025-07-24,1,Damaged,68294.68
6179,75958,155383,2025-11-02,1,Not as Expected,6629.89
6180,75969,155405,2025-10-28,2,Changed Mind,93858.54
6181,75979,155421,2025-08-10,1,Size Issue,9692.23
6182,76001,155469,2025-04-10,1,Wrong Item,17278.36
6183,76007,155478,2025-08-28,1,Changed Mind,80782.95
6184,76011,155487,2025-04-25,1,Damaged,9879.21
6185,76020,155506,2025-04-17,1,Size Issue,48082.67
6186,76041,155560,2025-05-04,1,Wrong Item,80782.95
6187,76079,155640,2025-09-18,1,Size Issue,11751.56
6188,76103,155684,2025-11-12,2,Wrong Item,5573.98
6189,76108,155691,2025-12-23,2,Wrong Item,103942.94
6190,76109,155694,2025-05-25,1,Not as Expected,3976.55
6191,76114,155704,2025-04-18,1,Wrong Item,4473.79
6192,76116,155708,2025-04-27,3,Wrong Item,126709.03
6193,76135,155746,2025-12-31,1,Wrong Item,9382.85
6194,76146,155763,2025-09-02,1,Changed Mind,4581.35
6195,76159,155786,2025-07-14,1,Changed Mind,5367.04
6196,76166,155799,2025-10-16,1,Damaged,4658.7
6197,76193,155862,2025-09-23,1,Size Issue,10866.45
6198,76204,155892,2025-12-31,1,Damaged,782.46
6199,76209,155901,2025-09-01,1,Size Issue,6373.36
6200,76218,155922,2025-06-20,1,Size Issue,3707.46
6201,76268,156026,2025-05-28,1,Wrong Item,9879.21
6202,76276,156041,2025-11-29,1,Size Issue,61916.98
6203,76282,156051,2025-12-05,1,Not as Expected,9595.34
6204,76297,156085,2025-09-16,1,Wrong Item,75913.25
6205,76307,156099,2025-12-30,1,Size Issue,6811.11
6206,76328,156142,2025-06-28,1,Damaged,4456.75
6207,76337,156161,2025-10-12,1,Size Issue,6106.26
6208,76342,156170,2025-02-21,1,Size Issue,14914.42
6209,76344,156175,2025-12-13,1,Wrong Item,5945.57
6210,76346,156177,2025-06-05,1,Changed Mind,9197.8
6211,76370,156218,2025-11-12,1,Size Issue,15673.42
6212,76371,156220,2025-06-23,1,Size Issue,72922.62
6213,76376,156228,2025-10-31,2,Wrong Item,15806.74
6214,76380,156238,2025-11-03,1,Damaged,20838.17
6215,76389,156251,2025-11-28,1,Not as Expected,19210.71
6216,76390,156257,2025-05-29,1,Damaged,57794.31
6217,76413,156301,2025-12-08,1,Damaged,71715.77
6218,76445,156362,2025-08-21,1,Damaged,16342.34
6219,76447,156366,2025-10-05,1,Wrong Item,46929.27
6220,76452,156378,2025-07-18,1,Wrong Item,3797.49
6221,76458,156392,2025-03-06,1,Changed Mind,15978.2
6222,76465,156404,2025-07-19,1,Changed Mind,6242.89
6223,76466,156405,2025-11-26,1,Not as Expected,12937.23
6224,76496,156465,2025-06-05,1,Size Issue,998.3
6225,76536,156556,2025-10-17,1,Not as Expected,11438.37
6226,76542,156565,2025-11-28,2,Changed Mind,35233.09
6227,76550,156579,2025-10-16,3,Size Issue,71407.47
6228,76560,156599,2025-06-18,1,Wrong Item,29721.1
6229,76563,156606,2025-10-31,1,Size Issue,1137.88
6230,76567,156613,2025-05-16,2,Changed Mind,134590.58
6231,76569,156617,2025-12-05,1,Wrong Item,2253.25
6232,76575,156629,2025-01-11,1,Not as Expected,15504.06
6233,76584,156646,2025-04-09,1,Changed Mind,64526.26
6234,76585,156648,2025-11-19,1,Size Issue,15889.83
6235,76608,156697,2025-04-07,1,Changed Mind,71715.77
6236,76622,156726,2025-09-14,1,Changed Mind,32188.77
6237,76627,156740,2025-05-30,1,Changed Mind,27206.85
6238,76627,156741,2025-06-01,1,Not as Expected,2288.1
6239,76646,156774,2025-12-10,2,Not as Expected,15833.66
6240,76652,156789,2025-12-07,1,Size Issue,462.42
6241,76678,156841,2025-03-01,1,Size Issue,66283.02
6242,76679,156844,2025-01-19,1,Wrong Item,44582.81
6243,76691,156865,2025-06-22,1,Damaged,3225.5
6244,76695,156875,2025-07-15,1,Damaged,65056.9
6245,76715,156923,2025-06-07,3,Changed Mind,3969.96
6246,76716,156928,2025-07-31,2,Not as Expected,1316.48
6247,76726,156952,2025-07-19,2,Changed Mind,16768.84
6248,76729,156956,2025-10-03,1,Size Issue,5907.37
6249,76742,156984,2025-12-06,1,Damaged,13018.03
6250,76744,156987,2025-06-24,1,Damaged,2592.23
6251,76748,157000,2025-10-14,1,Wrong Item,35856.91
6252,76770,157042,2025-05-05,1,Changed Mind,17903.04
6253,76770,157043,2025-05-10,1,Size Issue,3173.19
6254,76771,157045,2025-03-29,1,Damaged,4642.39
6255,76781,157062,2025-01-28,1,Not as Expected,29930.22
6256,76812,157112,2025-12-31,1,Damaged,12328.99
6257,76827,157142,2025-10-25,1,Damaged,8737.91
6258,76836,157161,2025-07-28,1,Not as Expected,5789.44
6259,76858,157207,2025-06-27,2,Changed Mind,130113.79
6260,76889,157273,2025-06-28,2,Changed Mind,136055.49
6261,76932,157356,2025-10-08,1,Damaged,3840.94
6262,76941,157370,2025-08-07,1,Size Issue,4162.38
6263,76982,157465,2025-05-28,1,Size Issue,5689.7
6264,76984,157472,2025-07-04,1,Changed Mind,15268.16
6265,76994,157491,2025-05-07,1,Wrong Item,18181.8
6266,77002,157502,2025-02-14,1,Damaged,3802.6
6267,77013,157519,2025-11-28,1,Not as Expected,998.3
6268,77029,157550,2025-09-14,1,Wrong Item,25218.61
6269,77031,157553,2025-11-22,1,Damaged,4722.71
6270,77035,157558,2025-08-02,2,Size Issue,90822.82
6271,77105,157711,2025-05-10,1,Damaged,25552.76
6272,77115,157729,2025-12-17,1,Damaged,5648.29
6273,77122,157747,2025-11-26,1,Changed Mind,11701.9
6274,77131,157769,2025-07-12,1,Not as Expected,59932.45
6275,77144,157800,2025-01-19,1,Not as Expected,6377.85
6276,77151,157815,2025-04-30,1,Size Issue,44813.88
6277,77206,157922,2025-03-25,1,Size Issue,17226.73
6278,77209,157927,2025-03-10,1,Wrong Item,7275.47
6279,77213,157939,2025-11-06,1,Size Issue,6571.46
6280,77241,157997,2025-02-06,1,Wrong Item,12802.31
6281,77262,158035,2025-07-29,1,Wrong Item,4756.46
6282,77265,158044,2025-11-01,1,Changed Mind,31325.33
6283,77275,158072,2025-06-02,1,Wrong Item,369.94
6284,77275,158073,2025-05-21,1,Not as Expected,20851.72
6285,77287,158098,2025-12-10,1,Not as Expected,18595.24
6286,77305,158141,2025-06-24,1,Not as Expected,2265.0
6287,77318,158165,2025-03-02,1,Damaged,45054.22
6288,77326,158184,2025-06-20,1,Not as Expected,19996.54
6289,77344,158215,2025-07-04,2,Changed Mind,32684.68
6290,77352,158235,2025-08-03,1,Damaged,3232.21
6291,77370,158282,2025-12-16,1,Not as Expected,22745.66
6292,77378,158297,2025-12-31,1,Changed Mind,5662.67
6293,77380,158302,2025-10-21,1,Not as Expected,18165.69
6294,77418,158389,2025-10-18,1,Not as Expected,5947.38
6295,77419,158394,2025-03-15,1,Not as Expected,6246.96
6296,77421,158400,2025-11-12,1,Changed Mind,19784.08
6297,77424,158404,2025-04-05,2,Changed Mind,4538.38
6298,77437,158433,2025-01-31,2,Wrong Item,124405.91
6299,77460,158481,2025-12-31,1,Not as Expected,74299.68
6300,77463,158489,2025-05-14,1,Changed Mind,42527.82
6301,77485,158543,2025-07-20,1,Not as Expected,82110.39
6302,77509,158587,2025-04-17,1,Size Issue,6628.98
6303,77513,158595,2025-10-15,3,Size Issue,12868.42
6304,77523,158615,2025-09-16,1,Wrong Item,25817.09
6305,77582,158734,2025-07-26,1,Damaged,51091.98
6306,77589,158746,2025-08-29,1,Damaged,462.42
6307,77606,158773,2025-06-07,1,Not as Expected,12776.5
6308,77612,158786,2025-03-01,2,Changed Mind,53283.31
6309,77677,158914,2025-04-10,1,Damaged,1125.91
6310,77681,158926,2025-05-21,1,Not as Expected,73179.95
6311,77692,158945,2025-10-29,2,Wrong Item,7997.19
6312,77694,158950,2025-12-31,2,Damaged,19709.1
6313,77719,158997,2025-06-01,1,Damaged,21152.47
6314,77772,159116,2025-11-24,1,Damaged,3077.52
6315,77782,159132,2025-12-31,1,Wrong Item,35566.34
6316,77791,159148,2025-08-07,1,Size Issue,34805.92
6317,77793,159151,2025-04-19,1,Wrong Item,3977.02
6318,77793,159152,2025-04-27,1,Not as Expected,61476.94
6319,77832,159237,2025-10-03,1,Damaged,45415.1
6320,77876,159328,2025-09-16,1,Damaged,3435.24
6321,77931,159428,2025-09-07,1,Size Issue,77286.53
6322,77945,159460,2025-07-08,1,Changed Mind,72285.44
6323,77951,159474,2025-11-14,1,Wrong Item,8968.66
6324,77967,159507,2025-03-04,1,Size Issue,17283.12
6325,77972,159515,2025-11-28,1,Damaged,3359.84
6326,77995,159564,2025-06-02,2,Damaged,7858.59
6327,78004,159587,2025-10-04,1,Damaged,6708.8
6328,78019,159623,2025-05-29,1,Size Issue,15930.61
6329,78025,159633,2025-08-03,1,Wrong Item,3765.13
6330,78032,159649,2025-07-19,1,Wrong Item,63930.53
6331,78034,159651,2025-06-08,1,Damaged,12336.69
6332,78041,159673,2025-04-22,1,Damaged,12218.5
6333,78049,159690,2025-08-04,1,Damaged,5090.79
6334,78059,159718,2025-12-31,1,Not as Expected,65630.36
6335,78077,159750,2025-09-12,1,Damaged,3546.5
6336,78078,159752,2025-12-08,1,Damaged,26447.21
6337,78086,159772,2025-06-19,1,Size Issue,8968.66
6338,78095,159788,2025-12-31,1,Damaged,7856.93
6339,78097,159793,2025-10-18,2,Wrong Item,6372.83
6340,78099,159797,2025-10-03,2,Damaged,6478.98
6341,78112,159827,2025-12-04,1,Not as Expected,11013.32
6342,78112,159829,2025-12-12,1,Damaged,65229.75
6343,78114,159835,2025-06-22,1,Changed Mind,1313.39
6344,78117,159839,2025-05-29,1,Changed Mind,6838.71
6345,78155,159928,2025-07-27,1,Size Issue,5740.07
6346,78157,159932,2025-02-11,1,Changed Mind,11103.02
6347,78177,159976,2025-11-29,1,Damaged,7394.76
6348,78219,160058,2025-11-27,1,Size Issue,8968.66
6349,78220,160059,2025-05-20,1,Wrong Item,15626.46
6350,78222,160066,2025-05-25,1,Not as Expected,7028.23
6351,78226,160080,2025-04-14,1,Changed Mind,19226.28
6352,78245,160121,2025-12-31,2,Damaged,8512.27
6353,78248,160127,2025-03-25,1,Size Issue,14380.38
6354,78293,160205,2025-04-23,1,Not as Expected,4256.29
6355,78293,160206,2025-04-27,1,Changed Mind,31092.06
6356,78298,160216,2025-12-31,1,Damaged,1469.6
6357,78331,160289,2025-11-08,1,Wrong Item,94538.19
6358,78333,160291,2025-05-19,1,Not as Expected,33267.68
6359,78338,160299,2025-08-06,1,Changed Mind,658.24
6360,78343,160310,2025-05-31,1,Changed Mind,5075.23
6361,78356,160336,2025-12-07,2,Size Issue,9512.91
6362,78366,160361,2025-12-14,1,Wrong Item,67424.0
6363,78389,160404,2025-05-17,2,Not as Expected,10377.1
6364,78409,160434,2025-05-30,1,Not as Expected,36845.95
6365,78436,160490,2025-12-31,3,Wrong Item,9696.63
6366,78443,160504,2025-10-26,1,Changed Mind,6373.36
6367,78458,160534,2025-06-12,1,Wrong Item,68294.68
6368,78472,160557,2025-06-13,1,Changed Mind,53425.19
6369,78474,160560,2025-01-31,1,Changed Mind,1519.01
6370,78477,160568,2025-09-18,3,Damaged,45652.75
6371,78485,160579,2025-12-03,1,Changed Mind,13368.39
6372,78486,160581,2025-11-10,1,Wrong Item,10670.18
6373,78514,160640,2025-12-31,1,Changed Mind,15673.42
6374,78524,160664,2025-10-17,1,Changed Mind,72744.72
6375,78526,160668,2025-08-03,2,Not as Expected,153663.03
6376,78557,160733,2025-07-06,1,Changed Mind,13107.71
6377,78574,160765,2025-09-04,1,Damaged,8394.29
6378,78577,160774,2025-04-02,1,Not as Expected,3361.42
6379,78578,160777,2025-04-09,1,Wrong Item,4856.61
6380,78583,160788,2025-09-23,1,Damaged,1231.72
6381,78598,160821,2025-08-05,2,Not as Expected,7167.22
6382,78608,160840,2025-11-14,1,Wrong Item,2567.87
6383,78617,160856,2025-09-01,1,Changed Mind,71373.7
6384,78636,160896,2025-11-06,1,Not as Expected,17700.68
6385,78657,160933,2025-02-26,1,Not as Expected,3363.44
6386,78669,160961,2025-10-16,1,Changed Mind,5005.19
6387,78670,160963,2025-07-04,1,Not as Expected,42740.15
6388,78676,160976,2025-04-28,2,Changed Mind,5033.34
6389,78752,161130,2025-06-25,1,Wrong Item,1264.31
6390,78772,161176,2025-12-21,1,Not as Expected,25218.61
6391,78775,161181,2025-07-03,1,Changed Mind,9869.35
6392,78793,161217,2025-12-20,1,Size Issue,27918.45
6393,78794,161219,2025-06-02,1,Damaged,5623.38
6394,78810,161251,2025-08-19,1,Changed Mind,3225.5
6395,78813,161260,2025-11-11,1,Changed Mind,18264.97
6396,78825,161285,2025-03-21,1,Changed Mind,3753.06
6397,78826,161286,2025-07-16,1,Damaged,80851.26
6398,78826,161289,2025-07-25,2,Damaged,2514.31
6399,78846,161327,2025-02-10,1,Not as Expected,56205.97
6400,78849,161333,2025-07-17,1,Changed Mind,7183.84
6401,78874,161378,2025-08-23,1,Size Issue,85560.78
6402,78884,161398,2025-07-09,1,Damaged,11963.88
6403,78885,161399,2025-02-20,1,Damaged,1268.97
6404,78889,161411,2025-03-18,1,Damaged,72895.24
6405,78903,161436,2025-10-17,1,Damaged,2503.61
6406,78904,161443,2025-04-13,2,Damaged,13121.48
6407,78921,161477,2025-02-24,1,Damaged,2048.26
6408,78922,161480,2025-02-14,1,Changed Mind,998.3
6409,78939,161514,2025-02-14,1,Wrong Item,11379.47
6410,78953,161543,2025-02-03,1,Changed Mind,71169.78
6411,78969,161578,2025-06-17,1,Wrong Item,929.17
6412,78984,161607,2025-03-13,1,Size Issue,6184.15
6413,79000,161640,2025-12-06,1,Size Issue,2378.43
6414,79009,161654,2025-08-19,1,Not as Expected,5641.35
6415,79010,161657,2025-06-30,1,Size Issue,18595.24
6416,79028,161695,2025-12-31,1,Wrong Item,16750.23
6417,79030,161702,2025-10-14,2,Not as Expected,132566.04
6418,79048,161742,2025-08-30,1,Not as Expected,73179.95
6419,79051,161747,2025-10-26,1,Not as Expected,6260.4
6420,79064,161777,2025-12-31,1,Damaged,21047.46
6421,79069,161783,2025-06-03,1,Changed Mind,4634.32
6422,79076,161804,2025-12-06,1,Wrong Item,42714.9
6423,79091,161828,2025-09-05,1,Wrong Item,7170.0
6424,79112,161876,2025-08-03,1,Changed Mind,10328.19
6425,79116,161885,2025-12-31,1,Changed Mind,71169.78
6426,79152,161954,2025-04-10,1,Changed Mind,33065.62
6427,79163,161980,2025-04-20,1,Damaged,6948.01
6428,79197,162049,2025-02-15,1,Size Issue,1926.82
6429,79198,162050,2025-06-16,1,Damaged,7818.13
6430,79223,162102,2025-04-24,2,Wrong Item,19861.32
6431,79230,162117,2025-05-31,1,Changed Mind,4509.94
6432,79251,162164,2025-05-13,1,Wrong Item,13781.38
6433,79258,162173,2025-08-24,1,Size Issue,3183.51
6434,79273,162197,2025-12-26,2,Damaged,4781.67
6435,79274,162198,2025-12-30,1,Damaged,4756.46
6436,79279,162207,2025-12-31,1,Size Issue,15454.53
6437,79296,162240,2025-01-10,1,Changed Mind,2167.68
6438,79298,162244,2025-06-12,1,Changed Mind,5377.58
6439,79326,162298,2025-03-02,1,Not as Expected,24133.16
6440,79328,162306,2025-12-31,1,Wrong Item,3802.6
6441,79333,162314,2025-05-14,1,Damaged,6106.26
6442,79371,162393,2025-06-24,1,Damaged,375.19
6443,79384,162422,2025-02-13,2,Changed Mind,2539.02
6444,79384,162423,2025-02-21,1,Not as Expected,50753.93
6445,79387,162430,2025-10-12,1,Changed Mind,11728.56
6446,79391,162435,2025-09-13,1,Damaged,11963.88
6447,79401,162462,2025-09-25,1,Not as Expected,4432.76
6448,79403,162466,2025-04-10,1,Size Issue,781.7
6449,79425,162515,2025-07-24,1,Size Issue,942.84
6450,79434,162530,2025-03-07,1,Not as Expected,2100.24
6451,79463,162600,2025-11-24,1,Changed Mind,3743.72
6452,79480,162640,2025-08-18,1,Wrong Item,5797.15
6453,79483,162645,2025-02-03,1,Size Issue,1507.84
6454,79506,162688,2025-08-03,1,Wrong Item,16583.39
6455,79525,162728,2025-12-22,1,Size Issue,59932.45
6456,79557,162790,2025-03-15,1,Damaged,3419.22
6457,79564,162805,2025-11-23,1,Size Issue,7183.84
6458,79605,162886,2025-12-28,1,Changed Mind,70616.14
6459,79622,162919,2025-02-04,1,Damaged,9692.23
6460,79651,162976,2025-12-31,1,Wrong Item,85607.22
6461,79669,163015,2025-06-03,1,Wrong Item,24133.16
6462,79683,163054,2025-02-17,1,Wrong Item,47704.46
6463,79685,163057,2025-11-24,1,Size Issue,2589.61
6464,79690,163068,2025-08-19,1,Not as Expected,1926.82
6465,79694,163076,2025-06-14,1,Wrong Item,14176.49
6466,79724,163137,2025-09-03,2,Size Issue,40945.23
6467,79753,163191,2025-04-07,1,Size Issue,5747.07
6468,79773,163236,2025-03-28,1,Size Issue,7493.55
6469,79774,163239,2025-09-29,1,Not as Expected,71169.78
6470,79812,163307,2025-10-15,1,Changed Mind,2128.07
6471,79831,163345,2025-11-23,1,Changed Mind,11963.88
6472,79854,163397,2025-10-02,1,Damaged,74915.56
6473,79858,163406,2025-07-21,1,Changed Mind,5662.67
6474,79892,163481,2025-01-31,1,Damaged,1074.66
6475,79920,163540,2025-11-10,1,Not as Expected,2710.53
6476,79929,163557,2025-09-17,1,Damaged,15268.16
6477,79941,163581,2025-05-26,1,Wrong Item,1407.09
6478,79985,163675,2025-10-08,1,Damaged,23309.52
6479,79995,163701,2025-10-24,1,Not as Expected,1539.65
